16:46:58 **** Build of configuration Debug for project stm32_new ****
make -j4 all 
arm-none-eabi-gcc "../Drivers/STM32F4xx_HAL_Driver/Src/stm32f4xx_hal.c" -mcpu=cortex-m4 -std=gnu11 -g3 -DDEBUG -DUSE_HAL_DRIVER -DSTM32F401xC -c -I../Core/Inc -I../Drivers/STM32F4xx_HAL_Driver/Inc -I../Drivers/STM32F4xx_HAL_Driver/Inc/Legacy -I../Drivers/CMSIS/Device/ST/STM32F4xx/Include -I../Drivers/CMSIS/Include -O0 -ffunction-sections -fdata-sections -Wall -fstack-usage -fcyclomatic-complexity -MMD -MP -MF"Drivers/STM32F4xx_HAL_Driver/Src/stm32f4xx_hal.d" -MT"Drivers/STM32F4xx_HAL_Driver/Src/stm32f4xx_hal.o" --specs=nano.specs -mfpu=fpv4-sp-d16 -mfloat-abi=hard -mthumb -o "Drivers/STM32F4xx_HAL_Driver/Src/stm32f4xx_hal.o"
arm-none-eabi-gcc "../Drivers/STM32F4xx_HAL_Driver/Src/stm32f4xx_hal_cortex.c" -mcpu=cortex-m4 -std=gnu11 -g3 -DDEBUG -DUSE_HAL_DRIVER -DSTM32F401xC -c -I../Core/Inc -I../Drivers/STM32F4xx_HAL_Driver/Inc -I../Drivers/STM32F4xx_HAL_Driver/Inc/Legacy -I../Drivers/CMSIS/Device/ST/STM32F4xx/Include -I../Drivers/CMSIS/Include -O0 -ffunction-sections -fdata-sections -Wall -fstack-usage -fcyclomatic-complexity -MMD -MP -MF"Drivers/STM32F4xx_HAL_Driver/Src/stm32f4xx_hal_cortex.d" -MT"Drivers/STM32F4xx_HAL_Driver/Src/stm32f4xx_hal_cortex.o" --specs=nano.specs -mfpu=fpv4-sp-d16 -mfloat-abi=hard -mthumb -o "Drivers/STM32F4xx_HAL_Driver/Src/stm32f4xx_hal_cortex.o"
arm-none-eabi-gcc "../Drivers/STM32F4xx_HAL_Driver/Src/stm32f4xx_hal_dma.c" -mcpu=cortex-m4 -std=gnu11 -g3 -DDEBUG -DUSE_HAL_DRIVER -DSTM32F401xC -c -I../Core/Inc -I../Drivers/STM32F4xx_HAL_Driver/Inc -I../Drivers/STM32F4xx_HAL_Driver/Inc/Legacy -I../Drivers/CMSIS/Device/ST/STM32F4xx/Include -I../Drivers/CMSIS/Include -O0 -ffunction-sections -fdata-sections -Wall -fstack-usage -fcyclomatic-complexity -MMD -MP -MF"Drivers/STM32F4xx_HAL_Driver/Src/stm32f4xx_hal_dma.d" -MT"Drivers/STM32F4xx_HAL_Driver/Src/stm32f4xx_hal_dma.o" --specs=nano.specs -mfpu=fpv4-sp-d16 -mfloat-abi=hard -mthumb -o "Drivers/STM32F4xx_HAL_Driver/Src/stm32f4xx_hal_dma.o"
arm-none-eabi-gcc "../Drivers/STM32F4xx_HAL_Driver/Src/stm32f4xx_hal_dma_ex.c" -mcpu=cortex-m4 -std=gnu11 -g3 -DDEBUG -DUSE_HAL_DRIVER -DSTM32F401xC -c -I../Core/Inc -I../Drivers/STM32F4xx_HAL_Driver/Inc -I../Drivers/STM32F4xx_HAL_Driver/Inc/Legacy -I../Drivers/CMSIS/Device/ST/STM32F4xx/Include -I../Drivers/CMSIS/Include -O0 -ffunction-sections -fdata-sections -Wall -fstack-usage -fcyclomatic-complexity -MMD -MP -MF"Drivers/STM32F4xx_HAL_Driver/Src/stm32f4xx_hal_dma_ex.d" -MT"Drivers/STM32F4xx_HAL_Driver/Src/stm32f4xx_hal_dma_ex.o" --specs=nano.specs -mfpu=fpv4-sp-d16 -mfloat-abi=hard -mthumb -o "Drivers/STM32F4xx_HAL_Driver/Src/stm32f4xx_hal_dma_ex.o"
arm-none-eabi-gcc "../Drivers/STM32F4xx_HAL_Driver/Src/stm32f4xx_hal_exti.c" -mcpu=cortex-m4 -std=gnu11 -g3 -DDEBUG -DUSE_HAL_DRIVER -DSTM32F401xC -c -I../Core/Inc -I../Drivers/STM32F4xx_HAL_Driver/Inc -I../Drivers/STM32F4xx_HAL_Driver/Inc/Legacy -I../Drivers/CMSIS/Device/ST/STM32F4xx/Include -I../Drivers/CMSIS/Include -O0 -ffunction-sections -fdata-sections -Wall -fstack-usage -fcyclomatic-complexity -MMD -MP -MF"Drivers/STM32F4xx_HAL_Driver/Src/stm32f4xx_hal_exti.d" -MT"Drivers/STM32F4xx_HAL_Driver/Src/stm32f4xx_hal_exti.o" --specs=nano.specs -mfpu=fpv4-sp-d16 -mfloat-abi=hard -mthumb -o "Drivers/STM32F4xx_HAL_Driver/Src/stm32f4xx_hal_exti.o"
arm-none-eabi-gcc "../Drivers/STM32F4xx_HAL_Driver/Src/stm32f4xx_hal_flash.c" -mcpu=cortex-m4 -std=gnu11 -g3 -DDEBUG -DUSE_HAL_DRIVER -DSTM32F401xC -c -I../Core/Inc -I../Drivers/STM32F4xx_HAL_Driver/Inc -I../Drivers/STM32F4xx_HAL_Driver/Inc/Legacy -I../Drivers/CMSIS/Device/ST/STM32F4xx/Include -I../Drivers/CMSIS/Include -O0 -ffunction-sections -fdata-sections -Wall -fstack-usage -fcyclomatic-complexity -MMD -MP -MF"Drivers/STM32F4xx_HAL_Driver/Src/stm32f4xx_hal_flash.d" -MT"Drivers/STM32F4xx_HAL_Driver/Src/stm32f4xx_hal_flash.o" --specs=nano.specs -mfpu=fpv4-sp-d16 -mfloat-abi=hard -mthumb -o "Drivers/STM32F4xx_HAL_Driver/Src/stm32f4xx_hal_flash.o"
arm-none-eabi-gcc "../Drivers/STM32F4xx_HAL_Driver/Src/stm32f4xx_hal_flash_ex.c" -mcpu=cortex-m4 -std=gnu11 -g3 -DDEBUG -DUSE_HAL_DRIVER -DSTM32F401xC -c -I../Core/Inc -I../Drivers/STM32F4xx_HAL_Driver/Inc -I../Drivers/STM32F4xx_HAL_Driver/Inc/Legacy -I../Drivers/CMSIS/Device/ST/STM32F4xx/Include -I../Drivers/CMSIS/Include -O0 -ffunction-sections -fdata-sections -Wall -fstack-usage -fcyclomatic-complexity -MMD -MP -MF"Drivers/STM32F4xx_HAL_Driver/Src/stm32f4xx_hal_flash_ex.d" -MT"Drivers/STM32F4xx_HAL_Driver/Src/stm32f4xx_hal_flash_ex.o" --specs=nano.specs -mfpu=fpv4-sp-d16 -mfloat-abi=hard -mthumb -o "Drivers/STM32F4xx_HAL_Driver/Src/stm32f4xx_hal_flash_ex.o"
arm-none-eabi-gcc "../Drivers/STM32F4xx_HAL_Driver/Src/stm32f4xx_hal_flash_ramfunc.c" -mcpu=cortex-m4 -std=gnu11 -g3 -DDEBUG -DUSE_HAL_DRIVER -DSTM32F401xC -c -I../Core/Inc -I../Drivers/STM32F4xx_HAL_Driver/Inc -I../Drivers/STM32F4xx_HAL_Driver/Inc/Legacy -I../Drivers/CMSIS/Device/ST/STM32F4xx/Include -I../Drivers/CMSIS/Include -O0 -ffunction-sections -fdata-sections -Wall -fstack-usage -fcyclomatic-complexity -MMD -MP -MF"Drivers/STM32F4xx_HAL_Driver/Src/stm32f4xx_hal_flash_ramfunc.d" -MT"Drivers/STM32F4xx_HAL_Driver/Src/stm32f4xx_hal_flash_ramfunc.o" --specs=nano.specs -mfpu=fpv4-sp-d16 -mfloat-abi=hard -mthumb -o "Drivers/STM32F4xx_HAL_Driver/Src/stm32f4xx_hal_flash_ramfunc.o"
arm-none-eabi-gcc "../Drivers/STM32F4xx_HAL_Driver/Src/stm32f4xx_hal_gpio.c" -mcpu=cortex-m4 -std=gnu11 -g3 -DDEBUG -DUSE_HAL_DRIVER -DSTM32F401xC -c -I../Core/Inc -I../Drivers/STM32F4xx_HAL_Driver/Inc -I../Drivers/STM32F4xx_HAL_Driver/Inc/Legacy -I../Drivers/CMSIS/Device/ST/STM32F4xx/Include -I../Drivers/CMSIS/Include -O0 -ffunction-sections -fdata-sections -Wall -fstack-usage -fcyclomatic-complexity -MMD -MP -MF"Drivers/STM32F4xx_HAL_Driver/Src/stm32f4xx_hal_gpio.d" -MT"Drivers/STM32F4xx_HAL_Driver/Src/stm32f4xx_hal_gpio.o" --specs=nano.specs -mfpu=fpv4-sp-d16 -mfloat-abi=hard -mthumb -o "Drivers/STM32F4xx_HAL_Driver/Src/stm32f4xx_hal_gpio.o"
arm-none-eabi-gcc "../Drivers/STM32F4xx_HAL_Driver/Src/stm32f4xx_hal_i2c.c" -mcpu=cortex-m4 -std=gnu11 -g3 -DDEBUG -DUSE_HAL_DRIVER -DSTM32F401xC -c -I../Core/Inc -I../Drivers/STM32F4xx_HAL_Driver/Inc -I../Drivers/STM32F4xx_HAL_Driver/Inc/Legacy -I../Drivers/CMSIS/Device/ST/STM32F4xx/Include -I../Drivers/CMSIS/Include -O0 -ffunction-sections -fdata-sections -Wall -fstack-usage -fcyclomatic-complexity -MMD -MP -MF"Drivers/STM32F4xx_HAL_Driver/Src/stm32f4xx_hal_i2c.d" -MT"Drivers/STM32F4xx_HAL_Driver/Src/stm32f4xx_hal_i2c.o" --specs=nano.specs -mfpu=fpv4-sp-d16 -mfloat-abi=hard -mthumb -o "Drivers/STM32F4xx_HAL_Driver/Src/stm32f4xx_hal_i2c.o"
arm-none-eabi-gcc "../Drivers/STM32F4xx_HAL_Driver/Src/stm32f4xx_hal_i2c_ex.c" -mcpu=cortex-m4 -std=gnu11 -g3 -DDEBUG -DUSE_HAL_DRIVER -DSTM32F401xC -c -I../Core/Inc -I../Drivers/STM32F4xx_HAL_Driver/Inc -I../Drivers/STM32F4xx_HAL_Driver/Inc/Legacy -I../Drivers/CMSIS/Device/ST/STM32F4xx/Include -I../Drivers/CMSIS/Include -O0 -ffunction-sections -fdata-sections -Wall -fstack-usage -fcyclomatic-complexity -MMD -MP -MF"Drivers/STM32F4xx_HAL_Driver/Src/stm32f4xx_hal_i2c_ex.d" -MT"Drivers/STM32F4xx_HAL_Driver/Src/stm32f4xx_hal_i2c_ex.o" --specs=nano.specs -mfpu=fpv4-sp-d16 -mfloat-abi=hard -mthumb -o "Drivers/STM32F4xx_HAL_Driver/Src/stm32f4xx_hal_i2c_ex.o"
arm-none-eabi-gcc "../Drivers/STM32F4xx_HAL_Driver/Src/stm32f4xx_hal_pwr.c" -mcpu=cortex-m4 -std=gnu11 -g3 -DDEBUG -DUSE_HAL_DRIVER -DSTM32F401xC -c -I../Core/Inc -I../Drivers/STM32F4xx_HAL_Driver/Inc -I../Drivers/STM32F4xx_HAL_Driver/Inc/Legacy -I../Drivers/CMSIS/Device/ST/STM32F4xx/Include -I../Drivers/CMSIS/Include -O0 -ffunction-sections -fdata-sections -Wall -fstack-usage -fcyclomatic-complexity -MMD -MP -MF"Drivers/STM32F4xx_HAL_Driver/Src/stm32f4xx_hal_pwr.d" -MT"Drivers/STM32F4xx_HAL_Driver/Src/stm32f4xx_hal_pwr.o" --specs=nano.specs -mfpu=fpv4-sp-d16 -mfloat-abi=hard -mthumb -o "Drivers/STM32F4xx_HAL_Driver/Src/stm32f4xx_hal_pwr.o"
arm-none-eabi-gcc "../Drivers/STM32F4xx_HAL_Driver/Src/stm32f4xx_hal_pwr_ex.c" -mcpu=cortex-m4 -std=gnu11 -g3 -DDEBUG -DUSE_HAL_DRIVER -DSTM32F401xC -c -I../Core/Inc -I../Drivers/STM32F4xx_HAL_Driver/Inc -I../Drivers/STM32F4xx_HAL_Driver/Inc/Legacy -I../Drivers/CMSIS/Device/ST/STM32F4xx/Include -I../Drivers/CMSIS/Include -O0 -ffunction-sections -fdata-sections -Wall -fstack-usage -fcyclomatic-complexity -MMD -MP -MF"Drivers/STM32F4xx_HAL_Driver/Src/stm32f4xx_hal_pwr_ex.d" -MT"Drivers/STM32F4xx_HAL_Driver/Src/stm32f4xx_hal_pwr_ex.o" --specs=nano.specs -mfpu=fpv4-sp-d16 -mfloat-abi=hard -mthumb -o "Drivers/STM32F4xx_HAL_Driver/Src/stm32f4xx_hal_pwr_ex.o"
arm-none-eabi-gcc "../Drivers/STM32F4xx_HAL_Driver/Src/stm32f4xx_hal_rcc.c" -mcpu=cortex-m4 -std=gnu11 -g3 -DDEBUG -DUSE_HAL_DRIVER -DSTM32F401xC -c -I../Core/Inc -I../Drivers/STM32F4xx_HAL_Driver/Inc -I../Drivers/STM32F4xx_HAL_Driver/Inc/Legacy -I../Drivers/CMSIS/Device/ST/STM32F4xx/Include -I../Drivers/CMSIS/Include -O0 -ffunction-sections -fdata-sections -Wall -fstack-usage -fcyclomatic-complexity -MMD -MP -MF"Drivers/STM32F4xx_HAL_Driver/Src/stm32f4xx_hal_rcc.d" -MT"Drivers/STM32F4xx_HAL_Driver/Src/stm32f4xx_hal_rcc.o" --specs=nano.specs -mfpu=fpv4-sp-d16 -mfloat-abi=hard -mthumb -o "Drivers/STM32F4xx_HAL_Driver/Src/stm32f4xx_hal_rcc.o"
arm-none-eabi-gcc "../Drivers/STM32F4xx_HAL_Driver/Src/stm32f4xx_hal_rcc_ex.c" -mcpu=cortex-m4 -std=gnu11 -g3 -DDEBUG -DUSE_HAL_DRIVER -DSTM32F401xC -c -I../Core/Inc -I../Drivers/STM32F4xx_HAL_Driver/Inc -I../Drivers/STM32F4xx_HAL_Driver/Inc/Legacy -I../Drivers/CMSIS/Device/ST/STM32F4xx/Include -I../Drivers/CMSIS/Include -O0 -ffunction-sections -fdata-sections -Wall -fstack-usage -fcyclomatic-complexity -MMD -MP -MF"Drivers/STM32F4xx_HAL_Driver/Src/stm32f4xx_hal_rcc_ex.d" -MT"Drivers/STM32F4xx_HAL_Driver/Src/stm32f4xx_hal_rcc_ex.o" --specs=nano.specs -mfpu=fpv4-sp-d16 -mfloat-abi=hard -mthumb -o "Drivers/STM32F4xx_HAL_Driver/Src/stm32f4xx_hal_rcc_ex.o"
arm-none-eabi-gcc "../Drivers/STM32F4xx_HAL_Driver/Src/stm32f4xx_hal_uart.c" -mcpu=cortex-m4 -std=gnu11 -g3 -DDEBUG -DUSE_HAL_DRIVER -DSTM32F401xC -c -I../Core/Inc -I../Drivers/STM32F4xx_HAL_Driver/Inc -I../Drivers/STM32F4xx_HAL_Driver/Inc/Legacy -I../Drivers/CMSIS/Device/ST/STM32F4xx/Include -I../Drivers/CMSIS/Include -O0 -ffunction-sections -fdata-sections -Wall -fstack-usage -fcyclomatic-complexity -MMD -MP -MF"Drivers/STM32F4xx_HAL_Driver/Src/stm32f4xx_hal_uart.d" -MT"Drivers/STM32F4xx_HAL_Driver/Src/stm32f4xx_hal_uart.o" --specs=nano.specs -mfpu=fpv4-sp-d16 -mfloat-abi=hard -mthumb -o "Drivers/STM32F4xx_HAL_Driver/Src/stm32f4xx_hal_uart.o"
arm-none-eabi-gcc -mcpu=cortex-m4 -g3 -DDEBUG -c -x assembler-with-cpp -MMD -MP -MF"Core/Startup/startup_stm32f401ccux.d" -MT"Core/Startup/startup_stm32f401ccux.o" --specs=nano.specs -mfpu=fpv4-sp-d16 -mfloat-abi=hard -mthumb -o "Core/Startup/startup_stm32f401ccux.o" "../Core/Startup/startup_stm32f401ccux.s"
arm-none-eabi-gcc "../Core/Src/VL53L1X_api.c" -mcpu=cortex-m4 -std=gnu11 -g3 -DDEBUG -DUSE_HAL_DRIVER -DSTM32F401xC -c -I../Core/Inc -I../Drivers/STM32F4xx_HAL_Driver/Inc -I../Drivers/STM32F4xx_HAL_Driver/Inc/Legacy -I../Drivers/CMSIS/Device/ST/STM32F4xx/Include -I../Drivers/CMSIS/Include -O0 -ffunction-sections -fdata-sections -Wall -fstack-usage -fcyclomatic-complexity -MMD -MP -MF"Core/Src/VL53L1X_api.d" -MT"Core/Src/VL53L1X_api.o" --specs=nano.specs -mfpu=fpv4-sp-d16 -mfloat-abi=hard -mthumb -o "Core/Src/VL53L1X_api.o"
arm-none-eabi-gcc "../Core/Src/VL53L1X_calibration.c" -mcpu=cortex-m4 -std=gnu11 -g3 -DDEBUG -DUSE_HAL_DRIVER -DSTM32F401xC -c -I../Core/Inc -I../Drivers/STM32F4xx_HAL_Driver/Inc -I../Drivers/STM32F4xx_HAL_Driver/Inc/Legacy -I../Drivers/CMSIS/Device/ST/STM32F4xx/Include -I../Drivers/CMSIS/Include -O0 -ffunction-sections -fdata-sections -Wall -fstack-usage -fcyclomatic-complexity -MMD -MP -MF"Core/Src/VL53L1X_calibration.d" -MT"Core/Src/VL53L1X_calibration.o" --specs=nano.specs -mfpu=fpv4-sp-d16 -mfloat-abi=hard -mthumb -o "Core/Src/VL53L1X_calibration.o"
arm-none-eabi-gcc "../Core/Src/dma.c" -mcpu=cortex-m4 -std=gnu11 -g3 -DDEBUG -DUSE_HAL_DRIVER -DSTM32F401xC -c -I../Core/Inc -I../Drivers/STM32F4xx_HAL_Driver/Inc -I../Drivers/STM32F4xx_HAL_Driver/Inc/Legacy -I../Drivers/CMSIS/Device/ST/STM32F4xx/Include -I../Drivers/CMSIS/Include -O0 -ffunction-sections -fdata-sections -Wall -fstack-usage -fcyclomatic-complexity -MMD -MP -MF"Core/Src/dma.d" -MT"Core/Src/dma.o" --specs=nano.specs -mfpu=fpv4-sp-d16 -mfloat-abi=hard -mthumb -o "Core/Src/dma.o"
arm-none-eabi-gcc "../Core/Src/gpio.c" -mcpu=cortex-m4 -std=gnu11 -g3 -DDEBUG -DUSE_HAL_DRIVER -DSTM32F401xC -c -I../Core/Inc -I../Drivers/STM32F4xx_HAL_Driver/Inc -I../Drivers/STM32F4xx_HAL_Driver/Inc/Legacy -I../Drivers/CMSIS/Device/ST/STM32F4xx/Include -I../Drivers/CMSIS/Include -O0 -ffunction-sections -fdata-sections -Wall -fstack-usage -fcyclomatic-complexity -MMD -MP -MF"Core/Src/gpio.d" -MT"Core/Src/gpio.o" --specs=nano.specs -mfpu=fpv4-sp-d16 -mfloat-abi=hard -mthumb -o "Core/Src/gpio.o"
arm-none-eabi-gcc "../Core/Src/i2c.c" -mcpu=cortex-m4 -std=gnu11 -g3 -DDEBUG -DUSE_HAL_DRIVER -DSTM32F401xC -c -I../Core/Inc -I../Drivers/STM32F4xx_HAL_Driver/Inc -I../Drivers/STM32F4xx_HAL_Driver/Inc/Legacy -I../Drivers/CMSIS/Device/ST/STM32F4xx/Include -I../Drivers/CMSIS/Include -O0 -ffunction-sections -fdata-sections -Wall -fstack-usage -fcyclomatic-complexity -MMD -MP -MF"Core/Src/i2c.d" -MT"Core/Src/i2c.o" --specs=nano.specs -mfpu=fpv4-sp-d16 -mfloat-abi=hard -mthumb -o "Core/Src/i2c.o"
arm-none-eabi-gcc "../Core/Src/main.c" -mcpu=cortex-m4 -std=gnu11 -g3 -DDEBUG -DUSE_HAL_DRIVER -DSTM32F401xC -c -I../Core/Inc -I../Drivers/STM32F4xx_HAL_Driver/Inc -I../Drivers/STM32F4xx_HAL_Driver/Inc/Legacy -I../Drivers/CMSIS/Device/ST/STM32F4xx/Include -I../Drivers/CMSIS/Include -O0 -ffunction-sections -fdata-sections -Wall -fstack-usage -fcyclomatic-complexity -MMD -MP -MF"Core/Src/main.d" -MT"Core/Src/main.o" --specs=nano.specs -mfpu=fpv4-sp-d16 -mfloat-abi=hard -mthumb -o "Core/Src/main.o"
arm-none-eabi-gcc "../Core/Src/stm32f4xx_hal_msp.c" -mcpu=cortex-m4 -std=gnu11 -g3 -DDEBUG -DUSE_HAL_DRIVER -DSTM32F401xC -c -I../Core/Inc -I../Drivers/STM32F4xx_HAL_Driver/Inc -I../Drivers/STM32F4xx_HAL_Driver/Inc/Legacy -I../Drivers/CMSIS/Device/ST/STM32F4xx/Include -I../Drivers/CMSIS/Include -O0 -ffunction-sections -fdata-sections -Wall -fstack-usage -fcyclomatic-complexity -MMD -MP -MF"Core/Src/stm32f4xx_hal_msp.d" -MT"Core/Src/stm32f4xx_hal_msp.o" --specs=nano.specs -mfpu=fpv4-sp-d16 -mfloat-abi=hard -mthumb -o "Core/Src/stm32f4xx_hal_msp.o"
arm-none-eabi-gcc "../Core/Src/stm32f4xx_it.c" -mcpu=cortex-m4 -std=gnu11 -g3 -DDEBUG -DUSE_HAL_DRIVER -DSTM32F401xC -c -I../Core/Inc -I../Drivers/STM32F4xx_HAL_Driver/Inc -I../Drivers/STM32F4xx_HAL_Driver/Inc/Legacy -I../Drivers/CMSIS/Device/ST/STM32F4xx/Include -I../Drivers/CMSIS/Include -O0 -ffunction-sections -fdata-sections -Wall -fstack-usage -fcyclomatic-complexity -MMD -MP -MF"Core/Src/stm32f4xx_it.d" -MT"Core/Src/stm32f4xx_it.o" --specs=nano.specs -mfpu=fpv4-sp-d16 -mfloat-abi=hard -mthumb -o "Core/Src/stm32f4xx_it.o"
arm-none-eabi-gcc "../Core/Src/syscalls.c" -mcpu=cortex-m4 -std=gnu11 -g3 -DDEBUG -DUSE_HAL_DRIVER -DSTM32F401xC -c -I../Core/Inc -I../Drivers/STM32F4xx_HAL_Driver/Inc -I../Drivers/STM32F4xx_HAL_Driver/Inc/Legacy -I../Drivers/CMSIS/Device/ST/STM32F4xx/Include -I../Drivers/CMSIS/Include -O0 -ffunction-sections -fdata-sections -Wall -fstack-usage -fcyclomatic-complexity -MMD -MP -MF"Core/Src/syscalls.d" -MT"Core/Src/syscalls.o" --specs=nano.specs -mfpu=fpv4-sp-d16 -mfloat-abi=hard -mthumb -o "Core/Src/syscalls.o"
arm-none-eabi-gcc "../Core/Src/sysmem.c" -mcpu=cortex-m4 -std=gnu11 -g3 -DDEBUG -DUSE_HAL_DRIVER -DSTM32F401xC -c -I../Core/Inc -I../Drivers/STM32F4xx_HAL_Driver/Inc -I../Drivers/STM32F4xx_HAL_Driver/Inc/Legacy -I../Drivers/CMSIS/Device/ST/STM32F4xx/Include -I../Drivers/CMSIS/Include -O0 -ffunction-sections -fdata-sections -Wall -fstack-usage -fcyclomatic-complexity -MMD -MP -MF"Core/Src/sysmem.d" -MT"Core/Src/sysmem.o" --specs=nano.specs -mfpu=fpv4-sp-d16 -mfloat-abi=hard -mthumb -o "Core/Src/sysmem.o"
arm-none-eabi-gcc "../Core/Src/system_stm32f4xx.c" -mcpu=cortex-m4 -std=gnu11 -g3 -DDEBUG -DUSE_HAL_DRIVER -DSTM32F401xC -c -I../Core/Inc -I../Drivers/STM32F4xx_HAL_Driver/Inc -I../Drivers/STM32F4xx_HAL_Driver/Inc/Legacy -I../Drivers/CMSIS/Device/ST/STM32F4xx/Include -I../Drivers/CMSIS/Include -O0 -ffunction-sections -fdata-sections -Wall -fstack-usage -fcyclomatic-complexity -MMD -MP -MF"Core/Src/system_stm32f4xx.d" -MT"Core/Src/system_stm32f4xx.o" --specs=nano.specs -mfpu=fpv4-sp-d16 -mfloat-abi=hard -mthumb -o "Core/Src/system_stm32f4xx.o"
arm-none-eabi-gcc "../Core/Src/usart.c" -mcpu=cortex-m4 -std=gnu11 -g3 -DDEBUG -DUSE_HAL_DRIVER -DSTM32F401xC -c -I../Core/Inc -I../Drivers/STM32F4xx_HAL_Driver/Inc -I../Drivers/STM32F4xx_HAL_Driver/Inc/Legacy -I../Drivers/CMSIS/Device/ST/STM32F4xx/Include -I../Drivers/CMSIS/Include -O0 -ffunction-sections -fdata-sections -Wall -fstack-usage -fcyclomatic-complexity -MMD -MP -MF"Core/Src/usart.d" -MT"Core/Src/usart.o" --specs=nano.specs -mfpu=fpv4-sp-d16 -mfloat-abi=hard -mthumb -o "Core/Src/usart.o"
arm-none-eabi-gcc "../Core/Src/vl53l1_platform.c" -mcpu=cortex-m4 -std=gnu11 -g3 -DDEBUG -DUSE_HAL_DRIVER -DSTM32F401xC -c -I../Core/Inc -I../Drivers/STM32F4xx_HAL_Driver/Inc -I../Drivers/STM32F4xx_HAL_Driver/Inc/Legacy -I../Drivers/CMSIS/Device/ST/STM32F4xx/Include -I../Drivers/CMSIS/Include -O0 -ffunction-sections -fdata-sections -Wall -fstack-usage -fcyclomatic-complexity -MMD -MP -MF"Core/Src/vl53l1_platform.d" -MT"Core/Src/vl53l1_platform.o" --specs=nano.specs -mfpu=fpv4-sp-d16 -mfloat-abi=hard -mthumb -o "Core/Src/vl53l1_platform.o"
arm-none-eabi-gcc "../Core/Src/vl53l1x_mitsu_app.c" -mcpu=cortex-m4 -std=gnu11 -g3 -DDEBUG -DUSE_HAL_DRIVER -DSTM32F401xC -c -I../Core/Inc -I../Drivers/STM32F4xx_HAL_Driver/Inc -I../Drivers/STM32F4xx_HAL_Driver/Inc/Legacy -I../Drivers/CMSIS/Device/ST/STM32F4xx/Include -I../Drivers/CMSIS/Include -O0 -ffunction-sections -fdata-sections -Wall -fstack-usage -fcyclomatic-complexity -MMD -MP -MF"Core/Src/vl53l1x_mitsu_app.d" -MT"Core/Src/vl53l1x_mitsu_app.o" --specs=nano.specs -mfpu=fpv4-sp-d16 -mfloat-abi=hard -mthumb -o "Core/Src/vl53l1x_mitsu_app.o"
arm-none-eabi-gcc -o "stm32_new.elf" @"objects.list"   -mcpu=cortex-m4 -T"D:\data-2026\lap_top\GHEP-MITSU_BACKUP\stm32_vl53l1x\stm32_new\STM32F401CCUX_FLASH.ld" --specs=nosys.specs -Wl,-Map="stm32_new.map" -Wl,--gc-sections -static --specs=nano.specs -mfpu=fpv4-sp-d16 -mfloat-abi=hard -mthumb -Wl,--start-group -lc -lm -Wl,--end-group
Finished building target: stm32_new.elf
 
arm-none-eabi-size  stm32_new.elf 
arm-none-eabi-objdump -h -S stm32_new.elf  > "stm32_new.list"
   text	   data	    bss	    dec	    hex	filename
  26580	     96	   2968	  29644	   73cc	stm32_new.elf
Finished building: default.size.stdout
 
Finished building: stm32_new.list
 
16:51:50 **** Incremental Build of configuration Debug for project stm32_new ****
make -j4 all 
arm-none-eabi-gcc "../Core/Src/vl53l1x_mitsu_app.c" -mcpu=cortex-m4 -std=gnu11 -g3 -DDEBUG -DUSE_HAL_DRIVER -DSTM32F401xC -c -I../Core/Inc -I../Drivers/STM32F4xx_HAL_Driver/Inc -I../Drivers/STM32F4xx_HAL_Driver/Inc/Legacy -I../Drivers/CMSIS/Device/ST/STM32F4xx/Include -I../Drivers/CMSIS/Include -O0 -ffunction-sections -fdata-sections -Wall -fstack-usage -fcyclomatic-complexity -MMD -MP -MF"Core/Src/vl53l1x_mitsu_app.d" -MT"Core/Src/vl53l1x_mitsu_app.o" --specs=nano.specs -mfpu=fpv4-sp-d16 -mfloat-abi=hard -mthumb -o "Core/Src/vl53l1x_mitsu_app.o"
arm-none-eabi-gcc -o "stm32_new.elf" @"objects.list"   -mcpu=cortex-m4 -T"D:\data-2026\lap_top\GHEP-MITSU_BACKUP\stm32_vl53l1x\stm32_new\STM32F401CCUX_FLASH.ld" --specs=nosys.specs -Wl,-Map="stm32_new.map" -Wl,--gc-sections -static --specs=nano.specs -mfpu=fpv4-sp-d16 -mfloat-abi=hard -mthumb -Wl,--start-group -lc -lm -Wl,--end-group
Finished building target: stm32_new.elf
 
arm-none-eabi-size  stm32_new.elf 
arm-none-eabi-objdump -h -S stm32_new.elf  > "stm32_new.list"
   text	   data	    bss	    dec	    hex	filename
  26580	     96	   2968	  29644	   73cc	stm32_new.elf
Finished building: default.size.stdout
 
Finished building: stm32_new.list
 
16:59:38 **** Incremental Build of configuration Debug for project stm32_new ****
make -j4 all 
arm-none-eabi-gcc "../Core/Src/stm32f4xx_it.c" -mcpu=cortex-m4 -std=gnu11 -g3 -DDEBUG -DUSE_HAL_DRIVER -DSTM32F401xC -c -I../Core/Inc -I../Drivers/STM32F4xx_HAL_Driver/Inc -I../Drivers/STM32F4xx_HAL_Driver/Inc/Legacy -I../Drivers/CMSIS/Device/ST/STM32F4xx/Include -I../Drivers/CMSIS/Include -O0 -ffunction-sections -fdata-sections -Wall -fstack-usage -fcyclomatic-complexity -MMD -MP -MF"Core/Src/stm32f4xx_it.d" -MT"Core/Src/stm32f4xx_it.o" --specs=nano.specs -mfpu=fpv4-sp-d16 -mfloat-abi=hard -mthumb -o "Core/Src/stm32f4xx_it.o"
arm-none-eabi-gcc -o "stm32_new.elf" @"objects.list"   -mcpu=cortex-m4 -T"D:\data-2026\lap_top\GHEP-MITSU_BACKUP\stm32_vl53l1x\stm32_new\STM32F401CCUX_FLASH.ld" --specs=nosys.specs -Wl,-Map="stm32_new.map" -Wl,--gc-sections -static --specs=nano.specs -mfpu=fpv4-sp-d16 -mfloat-abi=hard -mthumb -Wl,--start-group -lc -lm -Wl,--end-group
Finished building target: stm32_new.elf
 
arm-none-eabi-size  stm32_new.elf 
arm-none-eabi-objdump -h -S stm32_new.elf  > "stm32_new.list"
   text	   data	    bss	    dec	    hex	filename
  26676	     96	   2968	  29740	   742c	stm32_new.elf
Finished building: default.size.stdout
 
Finished building: stm32_new.list
 
18:48:16 **** Incremental Build of configuration Debug for project stm32_new ****
make -j4 all 
arm-none-eabi-gcc "../Core/Src/usart.c" -mcpu=cortex-m4 -std=gnu11 -g3 -DDEBUG -DUSE_HAL_DRIVER -DSTM32F401xC -c -I../Core/Inc -I../Drivers/STM32F4xx_HAL_Driver/Inc -I../Drivers/STM32F4xx_HAL_Driver/Inc/Legacy -I../Drivers/CMSIS/Device/ST/STM32F4xx/Include -I../Drivers/CMSIS/Include -O0 -ffunction-sections -fdata-sections -Wall -fstack-usage -fcyclomatic-complexity -MMD -MP -MF"Core/Src/usart.d" -MT"Core/Src/usart.o" --specs=nano.specs -mfpu=fpv4-sp-d16 -mfloat-abi=hard -mthumb -o "Core/Src/usart.o"
arm-none-eabi-gcc -o "stm32_new.elf" @"objects.list"   -mcpu=cortex-m4 -T"D:\data-2026\lap_top\GHEP-MITSU_BACKUP\stm32_vl53l1x\stm32_new\STM32F401CCUX_FLASH.ld" --specs=nosys.specs -Wl,-Map="stm32_new.map" -Wl,--gc-sections -static --specs=nano.specs -mfpu=fpv4-sp-d16 -mfloat-abi=hard -mthumb -Wl,--start-group -lc -lm -Wl,--end-group
Finished building target: stm32_new.elf
 
arm-none-eabi-size  stm32_new.elf 
arm-none-eabi-objdump -h -S stm32_new.elf  > "stm32_new.list"
   text	   data	    bss	    dec	    hex	filename
  26676	     96	   2968	  29740	   742c	stm32_new.elf
Finished building: default.size.stdout
 
Finished building: stm32_new.list
 
19:06:09 **** Incremental Build of configuration Debug for project stm32_new ****
make -j4 all 
arm-none-eabi-gcc "../Core/Src/usart.c" -mcpu=cortex-m4 -std=gnu11 -g3 -DDEBUG -DUSE_HAL_DRIVER -DSTM32F401xC -c -I../Core/Inc -I../Drivers/STM32F4xx_HAL_Driver/Inc -I../Drivers/STM32F4xx_HAL_Driver/Inc/Legacy -I../Drivers/CMSIS/Device/ST/STM32F4xx/Include -I../Drivers/CMSIS/Include -O0 -ffunction-sections -fdata-sections -Wall -fstack-usage -fcyclomatic-complexity -MMD -MP -MF"Core/Src/usart.d" -MT"Core/Src/usart.o" --specs=nano.specs -mfpu=fpv4-sp-d16 -mfloat-abi=hard -mthumb -o "Core/Src/usart.o"
arm-none-eabi-gcc "../Core/Src/vl53l1x_mitsu_app.c" -mcpu=cortex-m4 -std=gnu11 -g3 -DDEBUG -DUSE_HAL_DRIVER -DSTM32F401xC -c -I../Core/Inc -I../Drivers/STM32F4xx_HAL_Driver/Inc -I../Drivers/STM32F4xx_HAL_Driver/Inc/Legacy -I../Drivers/CMSIS/Device/ST/STM32F4xx/Include -I../Drivers/CMSIS/Include -O0 -ffunction-sections -fdata-sections -Wall -fstack-usage -fcyclomatic-complexity -MMD -MP -MF"Core/Src/vl53l1x_mitsu_app.d" -MT"Core/Src/vl53l1x_mitsu_app.o" --specs=nano.specs -mfpu=fpv4-sp-d16 -mfloat-abi=hard -mthumb -o "Core/Src/vl53l1x_mitsu_app.o"
../Core/Src/vl53l1x_mitsu_app.c:52:17: warning: 'Filter_MovingAverage' defined but not used [-Wunused-function]
   52 | static uint16_t Filter_MovingAverage(uint16_t raw_mm) {
      |                 ^~~~~~~~~~~~~~~~~~~~
arm-none-eabi-gcc -o "stm32_new.elf" @"objects.list"   -mcpu=cortex-m4 -T"D:\data-2026\lap_top\GHEP-MITSU_BACKUP\stm32_vl53l1x\stm32_new\STM32F401CCUX_FLASH.ld" --specs=nosys.specs -Wl,-Map="stm32_new.map" -Wl,--gc-sections -static --specs=nano.specs -mfpu=fpv4-sp-d16 -mfloat-abi=hard -mthumb -Wl,--start-group -lc -lm -Wl,--end-group
Finished building target: stm32_new.elf
 
arm-none-eabi-size  stm32_new.elf 
arm-none-eabi-objdump -h -S stm32_new.elf  > "stm32_new.list"
   text	   data	    bss	    dec	    hex	filename
  26464	     96	   2936	  29496	   7338	stm32_new.elf
Finished building: default.size.stdout
 
Finished building: stm32_new.list
 
19:20:39 **** Incremental Build of configuration Debug for project stm32_new ****
make -j4 all 
arm-none-eabi-gcc "../Core/Src/usart.c" -mcpu=cortex-m4 -std=gnu11 -g3 -DDEBUG -DUSE_HAL_DRIVER -DSTM32F401xC -c -I../Core/Inc -I../Drivers/STM32F4xx_HAL_Driver/Inc -I../Drivers/STM32F4xx_HAL_Driver/Inc/Legacy -I../Drivers/CMSIS/Device/ST/STM32F4xx/Include -I../Drivers/CMSIS/Include -O0 -ffunction-sections -fdata-sections -Wall -fstack-usage -fcyclomatic-complexity -MMD -MP -MF"Core/Src/usart.d" -MT"Core/Src/usart.o" --specs=nano.specs -mfpu=fpv4-sp-d16 -mfloat-abi=hard -mthumb -o "Core/Src/usart.o"
arm-none-eabi-gcc -o "stm32_new.elf" @"objects.list"   -mcpu=cortex-m4 -T"D:\data-2026\lap_top\GHEP-MITSU_BACKUP\stm32_vl53l1x\stm32_new\STM32F401CCUX_FLASH.ld" --specs=nosys.specs -Wl,-Map="stm32_new.map" -Wl,--gc-sections -static --specs=nano.specs -mfpu=fpv4-sp-d16 -mfloat-abi=hard -mthumb -Wl,--start-group -lc -lm -Wl,--end-group
Finished building target: stm32_new.elf
 
arm-none-eabi-size  stm32_new.elf 
arm-none-eabi-objdump -h -S stm32_new.elf  > "stm32_new.list"
   text	   data	    bss	    dec	    hex	filename
  26460	     96	   2936	  29492	   7334	stm32_new.elf
Finished building: default.size.stdout
 
Finished building: stm32_new.list
 
19:26:58 **** Incremental Build of configuration Debug for project stm32_new ****
make -j4 all 
arm-none-eabi-gcc "../Core/Src/usart.c" -mcpu=cortex-m4 -std=gnu11 -g3 -DDEBUG -DUSE_HAL_DRIVER -DSTM32F401xC -c -I../Core/Inc -I../Drivers/STM32F4xx_HAL_Driver/Inc -I../Drivers/STM32F4xx_HAL_Driver/Inc/Legacy -I../Drivers/CMSIS/Device/ST/STM32F4xx/Include -I../Drivers/CMSIS/Include -O0 -ffunction-sections -fdata-sections -Wall -fstack-usage -fcyclomatic-complexity -MMD -MP -MF"Core/Src/usart.d" -MT"Core/Src/usart.o" --specs=nano.specs -mfpu=fpv4-sp-d16 -mfloat-abi=hard -mthumb -o "Core/Src/usart.o"
arm-none-eabi-gcc "../Core/Src/vl53l1x_mitsu_app.c" -mcpu=cortex-m4 -std=gnu11 -g3 -DDEBUG -DUSE_HAL_DRIVER -DSTM32F401xC -c -I../Core/Inc -I../Drivers/STM32F4xx_HAL_Driver/Inc -I../Drivers/STM32F4xx_HAL_Driver/Inc/Legacy -I../Drivers/CMSIS/Device/ST/STM32F4xx/Include -I../Drivers/CMSIS/Include -O0 -ffunction-sections -fdata-sections -Wall -fstack-usage -fcyclomatic-complexity -MMD -MP -MF"Core/Src/vl53l1x_mitsu_app.d" -MT"Core/Src/vl53l1x_mitsu_app.o" --specs=nano.specs -mfpu=fpv4-sp-d16 -mfloat-abi=hard -mthumb -o "Core/Src/vl53l1x_mitsu_app.o"
../Core/Src/vl53l1x_mitsu_app.c: In function 'VL53L1X_App_Process':
../Core/Src/vl53l1x_mitsu_app.c:273:40: error: invalid initializer
  273 |                  uint16_t send_val[1] =500;
      |                                        ^~~
../Core/Src/vl53l1x_mitsu_app.c: At top level:
../Core/Src/vl53l1x_mitsu_app.c:52:17: warning: 'Filter_MovingAverage' defined but not used [-Wunused-function]
   52 | static uint16_t Filter_MovingAverage(uint16_t raw_mm) {
      |                 ^~~~~~~~~~~~~~~~~~~~
make: *** [Core/Src/subdir.mk:58: Core/Src/vl53l1x_mitsu_app.o] Error 1
make: *** Waiting for unfinished jobs....
"make -j4 all" terminated with exit code 2. Build might be incomplete.
19:28:08 **** Incremental Build of configuration Debug for project stm32_new ****
make -j4 all 
arm-none-eabi-gcc "../Core/Src/vl53l1x_mitsu_app.c" -mcpu=cortex-m4 -std=gnu11 -g3 -DDEBUG -DUSE_HAL_DRIVER -DSTM32F401xC -c -I../Core/Inc -I../Drivers/STM32F4xx_HAL_Driver/Inc -I../Drivers/STM32F4xx_HAL_Driver/Inc/Legacy -I../Drivers/CMSIS/Device/ST/STM32F4xx/Include -I../Drivers/CMSIS/Include -O0 -ffunction-sections -fdata-sections -Wall -fstack-usage -fcyclomatic-complexity -MMD -MP -MF"Core/Src/vl53l1x_mitsu_app.d" -MT"Core/Src/vl53l1x_mitsu_app.o" --specs=nano.specs -mfpu=fpv4-sp-d16 -mfloat-abi=hard -mthumb -o "Core/Src/vl53l1x_mitsu_app.o"
../Core/Src/vl53l1x_mitsu_app.c:52:17: warning: 'Filter_MovingAverage' defined but not used [-Wunused-function]
   52 | static uint16_t Filter_MovingAverage(uint16_t raw_mm) {
      |                 ^~~~~~~~~~~~~~~~~~~~
arm-none-eabi-gcc -o "stm32_new.elf" @"objects.list"   -mcpu=cortex-m4 -T"D:\data-2026\lap_top\GHEP-MITSU_BACKUP\stm32_vl53l1x\stm32_new\STM32F401CCUX_FLASH.ld" --specs=nosys.specs -Wl,-Map="stm32_new.map" -Wl,--gc-sections -static --specs=nano.specs -mfpu=fpv4-sp-d16 -mfloat-abi=hard -mthumb -Wl,--start-group -lc -lm -Wl,--end-group
Finished building target: stm32_new.elf
 
arm-none-eabi-size  stm32_new.elf 
arm-none-eabi-objdump -h -S stm32_new.elf  > "stm32_new.list"
   text	   data	    bss	    dec	    hex	filename
  26460	     96	   2936	  29492	   7334	stm32_new.elf
Finished building: default.size.stdout
 
Finished building: stm32_new.list
 
19:31:45 **** Incremental Build of configuration Debug for project stm32_new ****
make -j4 all 
arm-none-eabi-gcc "../Core/Src/vl53l1x_mitsu_app.c" -mcpu=cortex-m4 -std=gnu11 -g3 -DDEBUG -DUSE_HAL_DRIVER -DSTM32F401xC -c -I../Core/Inc -I../Drivers/STM32F4xx_HAL_Driver/Inc -I../Drivers/STM32F4xx_HAL_Driver/Inc/Legacy -I../Drivers/CMSIS/Device/ST/STM32F4xx/Include -I../Drivers/CMSIS/Include -O0 -ffunction-sections -fdata-sections -Wall -fstack-usage -fcyclomatic-complexity -MMD -MP -MF"Core/Src/vl53l1x_mitsu_app.d" -MT"Core/Src/vl53l1x_mitsu_app.o" --specs=nano.specs -mfpu=fpv4-sp-d16 -mfloat-abi=hard -mthumb -o "Core/Src/vl53l1x_mitsu_app.o"
../Core/Src/vl53l1x_mitsu_app.c:52:17: warning: 'Filter_MovingAverage' defined but not used [-Wunused-function]
   52 | static uint16_t Filter_MovingAverage(uint16_t raw_mm) {
      |                 ^~~~~~~~~~~~~~~~~~~~
arm-none-eabi-gcc -o "stm32_new.elf" @"objects.list"   -mcpu=cortex-m4 -T"D:\data-2026\lap_top\GHEP-MITSU_BACKUP\stm32_vl53l1x\stm32_new\STM32F401CCUX_FLASH.ld" --specs=nosys.specs -Wl,-Map="stm32_new.map" -Wl,--gc-sections -static --specs=nano.specs -mfpu=fpv4-sp-d16 -mfloat-abi=hard -mthumb -Wl,--start-group -lc -lm -Wl,--end-group
Finished building target: stm32_new.elf
 
arm-none-eabi-size  stm32_new.elf 
arm-none-eabi-objdump -h -S stm32_new.elf  > "stm32_new.list"
   text	   data	    bss	    dec	    hex	filename
  26460	     96	   2936	  29492	   7334	stm32_new.elf
Finished building: default.size.stdout
 
Finished building: stm32_new.list
 
19:49:19 **** Incremental Build of configuration Debug for project stm32_new ****
make -j4 all 
arm-none-eabi-gcc "../Core/Src/usart.c" -mcpu=cortex-m4 -std=gnu11 -g3 -DDEBUG -DUSE_HAL_DRIVER -DSTM32F401xC -c -I../Core/Inc -I../Drivers/STM32F4xx_HAL_Driver/Inc -I../Drivers/STM32F4xx_HAL_Driver/Inc/Legacy -I../Drivers/CMSIS/Device/ST/STM32F4xx/Include -I../Drivers/CMSIS/Include -O0 -ffunction-sections -fdata-sections -Wall -fstack-usage -fcyclomatic-complexity -MMD -MP -MF"Core/Src/usart.d" -MT"Core/Src/usart.o" --specs=nano.specs -mfpu=fpv4-sp-d16 -mfloat-abi=hard -mthumb -o "Core/Src/usart.o"
arm-none-eabi-gcc -o "stm32_new.elf" @"objects.list"   -mcpu=cortex-m4 -T"D:\data-2026\lap_top\GHEP-MITSU_BACKUP\stm32_vl53l1x\stm32_new\STM32F401CCUX_FLASH.ld" --specs=nosys.specs -Wl,-Map="stm32_new.map" -Wl,--gc-sections -static --specs=nano.specs -mfpu=fpv4-sp-d16 -mfloat-abi=hard -mthumb -Wl,--start-group -lc -lm -Wl,--end-group
Finished building target: stm32_new.elf
 
arm-none-eabi-size  stm32_new.elf 
arm-none-eabi-objdump -h -S stm32_new.elf  > "stm32_new.list"
   text	   data	    bss	    dec	    hex	filename
  26460	     96	   2936	  29492	   7334	stm32_new.elf
Finished building: default.size.stdout
 
Finished building: stm32_new.list
 
19:53:02 **** Incremental Build of configuration Debug for project stm32_new ****
make -j4 all 
arm-none-eabi-gcc "../Core/Src/usart.c" -mcpu=cortex-m4 -std=gnu11 -g3 -DDEBUG -DUSE_HAL_DRIVER -DSTM32F401xC -c -I../Core/Inc -I../Drivers/STM32F4xx_HAL_Driver/Inc -I../Drivers/STM32F4xx_HAL_Driver/Inc/Legacy -I../Drivers/CMSIS/Device/ST/STM32F4xx/Include -I../Drivers/CMSIS/Include -O0 -ffunction-sections -fdata-sections -Wall -fstack-usage -fcyclomatic-complexity -MMD -MP -MF"Core/Src/usart.d" -MT"Core/Src/usart.o" --specs=nano.specs -mfpu=fpv4-sp-d16 -mfloat-abi=hard -mthumb -o "Core/Src/usart.o"
arm-none-eabi-gcc -o "stm32_new.elf" @"objects.list"   -mcpu=cortex-m4 -T"D:\data-2026\lap_top\GHEP-MITSU_BACKUP\stm32_vl53l1x\stm32_new\STM32F401CCUX_FLASH.ld" --specs=nosys.specs -Wl,-Map="stm32_new.map" -Wl,--gc-sections -static --specs=nano.specs -mfpu=fpv4-sp-d16 -mfloat-abi=hard -mthumb -Wl,--start-group -lc -lm -Wl,--end-group
Finished building target: stm32_new.elf
 
arm-none-eabi-size  stm32_new.elf 
arm-none-eabi-objdump -h -S stm32_new.elf  > "stm32_new.list"
   text	   data	    bss	    dec	    hex	filename
  26460	     96	   2936	  29492	   7334	stm32_new.elf
Finished building: default.size.stdout
 
Finished building: stm32_new.list
 
20:05:36 **** Incremental Build of configuration Debug for project stm32_new ****
make -j4 all 
arm-none-eabi-gcc "../Core/Src/usart.c" -mcpu=cortex-m4 -std=gnu11 -g3 -DDEBUG -DUSE_HAL_DRIVER -DSTM32F401xC -c -I../Core/Inc -I../Drivers/STM32F4xx_HAL_Driver/Inc -I../Drivers/STM32F4xx_HAL_Driver/Inc/Legacy -I../Drivers/CMSIS/Device/ST/STM32F4xx/Include -I../Drivers/CMSIS/Include -O0 -ffunction-sections -fdata-sections -Wall -fstack-usage -fcyclomatic-complexity -MMD -MP -MF"Core/Src/usart.d" -MT"Core/Src/usart.o" --specs=nano.specs -mfpu=fpv4-sp-d16 -mfloat-abi=hard -mthumb -o "Core/Src/usart.o"
arm-none-eabi-gcc -o "stm32_new.elf" @"objects.list"   -mcpu=cortex-m4 -T"D:\data-2026\lap_top\GHEP-MITSU_BACKUP\stm32_vl53l1x\stm32_new\STM32F401CCUX_FLASH.ld" --specs=nosys.specs -Wl,-Map="stm32_new.map" -Wl,--gc-sections -static --specs=nano.specs -mfpu=fpv4-sp-d16 -mfloat-abi=hard -mthumb -Wl,--start-group -lc -lm -Wl,--end-group
Finished building target: stm32_new.elf
 
arm-none-eabi-size  stm32_new.elf 
arm-none-eabi-objdump -h -S stm32_new.elf  > "stm32_new.list"
   text	   data	    bss	    dec	    hex	filename
  26460	     96	   2936	  29492	   7334	stm32_new.elf
Finished building: default.size.stdout
 
Finished building: stm32_new.list
 
20:09:15 **** Incremental Build of configuration Debug for project stm32_new ****
make -j4 all 
arm-none-eabi-gcc "../Core/Src/vl53l1x_mitsu_app.c" -mcpu=cortex-m4 -std=gnu11 -g3 -DDEBUG -DUSE_HAL_DRIVER -DSTM32F401xC -c -I../Core/Inc -I../Drivers/STM32F4xx_HAL_Driver/Inc -I../Drivers/STM32F4xx_HAL_Driver/Inc/Legacy -I../Drivers/CMSIS/Device/ST/STM32F4xx/Include -I../Drivers/CMSIS/Include -O0 -ffunction-sections -fdata-sections -Wall -fstack-usage -fcyclomatic-complexity -MMD -MP -MF"Core/Src/vl53l1x_mitsu_app.d" -MT"Core/Src/vl53l1x_mitsu_app.o" --specs=nano.specs -mfpu=fpv4-sp-d16 -mfloat-abi=hard -mthumb -o "Core/Src/vl53l1x_mitsu_app.o"
arm-none-eabi-gcc -o "stm32_new.elf" @"objects.list"   -mcpu=cortex-m4 -T"D:\data-2026\lap_top\GHEP-MITSU_BACKUP\stm32_vl53l1x\stm32_new\STM32F401CCUX_FLASH.ld" --specs=nosys.specs -Wl,-Map="stm32_new.map" -Wl,--gc-sections -static --specs=nano.specs -mfpu=fpv4-sp-d16 -mfloat-abi=hard -mthumb -Wl,--start-group -lc -lm -Wl,--end-group
Finished building target: stm32_new.elf
 
arm-none-eabi-size  stm32_new.elf 
arm-none-eabi-objdump -h -S stm32_new.elf  > "stm32_new.list"
   text	   data	    bss	    dec	    hex	filename
  26832	     96	   2976	  29904	   74d0	stm32_new.elf
Finished building: default.size.stdout
 
Finished building: stm32_new.list
 
20:15:22 **** Incremental Build of configuration Debug for project stm32_new ****
make -j4 all 
arm-none-eabi-gcc "../Core/Src/usart.c" -mcpu=cortex-m4 -std=gnu11 -g3 -DDEBUG -DUSE_HAL_DRIVER -DSTM32F401xC -c -I../Core/Inc -I../Drivers/STM32F4xx_HAL_Driver/Inc -I../Drivers/STM32F4xx_HAL_Driver/Inc/Legacy -I../Drivers/CMSIS/Device/ST/STM32F4xx/Include -I../Drivers/CMSIS/Include -O0 -ffunction-sections -fdata-sections -Wall -fstack-usage -fcyclomatic-complexity -MMD -MP -MF"Core/Src/usart.d" -MT"Core/Src/usart.o" --specs=nano.specs -mfpu=fpv4-sp-d16 -mfloat-abi=hard -mthumb -o "Core/Src/usart.o"
arm-none-eabi-gcc "../Core/Src/vl53l1x_mitsu_app.c" -mcpu=cortex-m4 -std=gnu11 -g3 -DDEBUG -DUSE_HAL_DRIVER -DSTM32F401xC -c -I../Core/Inc -I../Drivers/STM32F4xx_HAL_Driver/Inc -I../Drivers/STM32F4xx_HAL_Driver/Inc/Legacy -I../Drivers/CMSIS/Device/ST/STM32F4xx/Include -I../Drivers/CMSIS/Include -O0 -ffunction-sections -fdata-sections -Wall -fstack-usage -fcyclomatic-complexity -MMD -MP -MF"Core/Src/vl53l1x_mitsu_app.d" -MT"Core/Src/vl53l1x_mitsu_app.o" --specs=nano.specs -mfpu=fpv4-sp-d16 -mfloat-abi=hard -mthumb -o "Core/Src/vl53l1x_mitsu_app.o"
arm-none-eabi-gcc -o "stm32_new.elf" @"objects.list"   -mcpu=cortex-m4 -T"D:\data-2026\lap_top\GHEP-MITSU_BACKUP\stm32_vl53l1x\stm32_new\STM32F401CCUX_FLASH.ld" --specs=nosys.specs -Wl,-Map="stm32_new.map" -Wl,--gc-sections -static --specs=nano.specs -mfpu=fpv4-sp-d16 -mfloat-abi=hard -mthumb -Wl,--start-group -lc -lm -Wl,--end-group
Finished building target: stm32_new.elf
 
arm-none-eabi-size  stm32_new.elf 
arm-none-eabi-objdump -h -S stm32_new.elf  > "stm32_new.list"
   text	   data	    bss	    dec	    hex	filename
  26832	     96	   2976	  29904	   74d0	stm32_new.elf
Finished building: default.size.stdout
 
Finished building: stm32_new.list
 
20:17:41 **** Incremental Build of configuration Debug for project stm32_new ****
make -j4 all 
arm-none-eabi-gcc "../Core/Src/usart.c" -mcpu=cortex-m4 -std=gnu11 -g3 -DDEBUG -DUSE_HAL_DRIVER -DSTM32F401xC -c -I../Core/Inc -I../Drivers/STM32F4xx_HAL_Driver/Inc -I../Drivers/STM32F4xx_HAL_Driver/Inc/Legacy -I../Drivers/CMSIS/Device/ST/STM32F4xx/Include -I../Drivers/CMSIS/Include -O0 -ffunction-sections -fdata-sections -Wall -fstack-usage -fcyclomatic-complexity -MMD -MP -MF"Core/Src/usart.d" -MT"Core/Src/usart.o" --specs=nano.specs -mfpu=fpv4-sp-d16 -mfloat-abi=hard -mthumb -o "Core/Src/usart.o"
arm-none-eabi-gcc -o "stm32_new.elf" @"objects.list"   -mcpu=cortex-m4 -T"D:\data-2026\lap_top\GHEP-MITSU_BACKUP\stm32_vl53l1x\stm32_new\STM32F401CCUX_FLASH.ld" --specs=nosys.specs -Wl,-Map="stm32_new.map" -Wl,--gc-sections -static --specs=nano.specs -mfpu=fpv4-sp-d16 -mfloat-abi=hard -mthumb -Wl,--start-group -lc -lm -Wl,--end-group
Finished building target: stm32_new.elf
 
arm-none-eabi-size  stm32_new.elf 
arm-none-eabi-objdump -h -S stm32_new.elf  > "stm32_new.list"
   text	   data	    bss	    dec	    hex	filename
  26836	     96	   2976	  29908	   74d4	stm32_new.elf
Finished building: default.size.stdout
 
Finished building: stm32_new.list
 
20:19:53 **** Incremental Build of configuration Debug for project stm32_new ****
make -j4 all 
arm-none-eabi-gcc "../Core/Src/usart.c" -mcpu=cortex-m4 -std=gnu11 -g3 -DDEBUG -DUSE_HAL_DRIVER -DSTM32F401xC -c -I../Core/Inc -I../Drivers/STM32F4xx_HAL_Driver/Inc -I../Drivers/STM32F4xx_HAL_Driver/Inc/Legacy -I../Drivers/CMSIS/Device/ST/STM32F4xx/Include -I../Drivers/CMSIS/Include -O0 -ffunction-sections -fdata-sections -Wall -fstack-usage -fcyclomatic-complexity -MMD -MP -MF"Core/Src/usart.d" -MT"Core/Src/usart.o" --specs=nano.specs -mfpu=fpv4-sp-d16 -mfloat-abi=hard -mthumb -o "Core/Src/usart.o"
arm-none-eabi-gcc -o "stm32_new.elf" @"objects.list"   -mcpu=cortex-m4 -T"D:\data-2026\lap_top\GHEP-MITSU_BACKUP\stm32_vl53l1x\stm32_new\STM32F401CCUX_FLASH.ld" --specs=nosys.specs -Wl,-Map="stm32_new.map" -Wl,--gc-sections -static --specs=nano.specs -mfpu=fpv4-sp-d16 -mfloat-abi=hard -mthumb -Wl,--start-group -lc -lm -Wl,--end-group
Finished building target: stm32_new.elf
 
arm-none-eabi-size  stm32_new.elf 
arm-none-eabi-objdump -h -S stm32_new.elf  > "stm32_new.list"
   text	   data	    bss	    dec	    hex	filename
  26836	     96	   2976	  29908	   74d4	stm32_new.elf
Finished building: default.size.stdout
 
Finished building: stm32_new.list
 
20:21:52 **** Incremental Build of configuration Debug for project stm32_new ****
make -j4 all 
arm-none-eabi-gcc "../Core/Src/vl53l1x_mitsu_app.c" -mcpu=cortex-m4 -std=gnu11 -g3 -DDEBUG -DUSE_HAL_DRIVER -DSTM32F401xC -c -I../Core/Inc -I../Drivers/STM32F4xx_HAL_Driver/Inc -I../Drivers/STM32F4xx_HAL_Driver/Inc/Legacy -I../Drivers/CMSIS/Device/ST/STM32F4xx/Include -I../Drivers/CMSIS/Include -O0 -ffunction-sections -fdata-sections -Wall -fstack-usage -fcyclomatic-complexity -MMD -MP -MF"Core/Src/vl53l1x_mitsu_app.d" -MT"Core/Src/vl53l1x_mitsu_app.o" --specs=nano.specs -mfpu=fpv4-sp-d16 -mfloat-abi=hard -mthumb -o "Core/Src/vl53l1x_mitsu_app.o"
../Core/Src/vl53l1x_mitsu_app.c:142:16: warning: 'Parse_MC_Format4_Read_Response' defined but not used [-Wunused-function]
  142 | static uint8_t Parse_MC_Format4_Read_Response(uint8_t *rx, uint16_t len, uint16_t *out_data, uint8_t points) {
      |                ^~~~~~~~~~~~~~~~~~~~~~~~~~~~~~
../Core/Src/vl53l1x_mitsu_app.c:114:17: warning: 'Build_MC_Format4_Read' defined but not used [-Wunused-function]
  114 | static uint16_t Build_MC_Format4_Read(uint8_t *out_buf, const char* head_reg, uint8_t points) {
      |                 ^~~~~~~~~~~~~~~~~~~~~
../Core/Src/vl53l1x_mitsu_app.c:53:17: warning: 'Filter_MovingAverage' defined but not used [-Wunused-function]
   53 | static uint16_t Filter_MovingAverage(uint16_t raw_mm) {
      |                 ^~~~~~~~~~~~~~~~~~~~
../Core/Src/vl53l1x_mitsu_app.c:48:19: warning: 'read_timeout_timer' defined but not used [-Wunused-variable]
   48 | static uint32_t   read_timeout_timer = 0;
      |                   ^~~~~~~~~~~~~~~~~~
../Core/Src/vl53l1x_mitsu_app.c:46:19: warning: 'comm_step' defined but not used [-Wunused-variable]
   46 | static CommStep_t comm_step = COMM_STEP_SEND_WRITE;
      |                   ^~~~~~~~~
arm-none-eabi-gcc -o "stm32_new.elf" @"objects.list"   -mcpu=cortex-m4 -T"D:\data-2026\lap_top\GHEP-MITSU_BACKUP\stm32_vl53l1x\stm32_new\STM32F401CCUX_FLASH.ld" --specs=nosys.specs -Wl,-Map="stm32_new.map" -Wl,--gc-sections -static --specs=nano.specs -mfpu=fpv4-sp-d16 -mfloat-abi=hard -mthumb -Wl,--start-group -lc -lm -Wl,--end-group
Finished building target: stm32_new.elf
 
arm-none-eabi-size  stm32_new.elf 
arm-none-eabi-objdump -h -S stm32_new.elf  > "stm32_new.list"
   text	   data	    bss	    dec	    hex	filename
  25232	     92	   2932	  28256	   6e60	stm32_new.elf
Finished building: default.size.stdout
 
Finished building: stm32_new.list
 
20:27:53 **** Incremental Build of configuration Debug for project stm32_new ****
make -j4 all 
arm-none-eabi-gcc "../Core/Src/main.c" -mcpu=cortex-m4 -std=gnu11 -g3 -DDEBUG -DUSE_HAL_DRIVER -DSTM32F401xC -c -I../Core/Inc -I../Drivers/STM32F4xx_HAL_Driver/Inc -I../Drivers/STM32F4xx_HAL_Driver/Inc/Legacy -I../Drivers/CMSIS/Device/ST/STM32F4xx/Include -I../Drivers/CMSIS/Include -O0 -ffunction-sections -fdata-sections -Wall -fstack-usage -fcyclomatic-complexity -MMD -MP -MF"Core/Src/main.d" -MT"Core/Src/main.o" --specs=nano.specs -mfpu=fpv4-sp-d16 -mfloat-abi=hard -mthumb -o "Core/Src/main.o"
arm-none-eabi-gcc "../Core/Src/vl53l1x_mitsu_app.c" -mcpu=cortex-m4 -std=gnu11 -g3 -DDEBUG -DUSE_HAL_DRIVER -DSTM32F401xC -c -I../Core/Inc -I../Drivers/STM32F4xx_HAL_Driver/Inc -I../Drivers/STM32F4xx_HAL_Driver/Inc/Legacy -I../Drivers/CMSIS/Device/ST/STM32F4xx/Include -I../Drivers/CMSIS/Include -O0 -ffunction-sections -fdata-sections -Wall -fstack-usage -fcyclomatic-complexity -MMD -MP -MF"Core/Src/vl53l1x_mitsu_app.d" -MT"Core/Src/vl53l1x_mitsu_app.o" --specs=nano.specs -mfpu=fpv4-sp-d16 -mfloat-abi=hard -mthumb -o "Core/Src/vl53l1x_mitsu_app.o"
../Core/Src/vl53l1x_mitsu_app.c:142:16: warning: 'Parse_MC_Format4_Read_Response' defined but not used [-Wunused-function]
  142 | static uint8_t Parse_MC_Format4_Read_Response(uint8_t *rx, uint16_t len, uint16_t *out_data, uint8_t points) {
      |                ^~~~~~~~~~~~~~~~~~~~~~~~~~~~~~
../Core/Src/vl53l1x_mitsu_app.c:114:17: warning: 'Build_MC_Format4_Read' defined but not used [-Wunused-function]
  114 | static uint16_t Build_MC_Format4_Read(uint8_t *out_buf, const char* head_reg, uint8_t points) {
      |                 ^~~~~~~~~~~~~~~~~~~~~
../Core/Src/vl53l1x_mitsu_app.c:53:17: warning: 'Filter_MovingAverage' defined but not used [-Wunused-function]
   53 | static uint16_t Filter_MovingAverage(uint16_t raw_mm) {
      |                 ^~~~~~~~~~~~~~~~~~~~
../Core/Src/vl53l1x_mitsu_app.c:48:19: warning: 'read_timeout_timer' defined but not used [-Wunused-variable]
   48 | static uint32_t   read_timeout_timer = 0;
      |                   ^~~~~~~~~~~~~~~~~~
../Core/Src/vl53l1x_mitsu_app.c:46:19: warning: 'comm_step' defined but not used [-Wunused-variable]
   46 | static CommStep_t comm_step = COMM_STEP_SEND_WRITE;
      |                   ^~~~~~~~~
arm-none-eabi-gcc -o "stm32_new.elf" @"objects.list"   -mcpu=cortex-m4 -T"D:\data-2026\lap_top\GHEP-MITSU_BACKUP\stm32_vl53l1x\stm32_new\STM32F401CCUX_FLASH.ld" --specs=nosys.specs -Wl,-Map="stm32_new.map" -Wl,--gc-sections -static --specs=nano.specs -mfpu=fpv4-sp-d16 -mfloat-abi=hard -mthumb -Wl,--start-group -lc -lm -Wl,--end-group
Finished building target: stm32_new.elf
 
arm-none-eabi-size  stm32_new.elf 
arm-none-eabi-objdump -h -S stm32_new.elf  > "stm32_new.list"
   text	   data	    bss	    dec	    hex	filename
  25232	     92	   2932	  28256	   6e60	stm32_new.elf
Finished building: default.size.stdout
 
Finished building: stm32_new.list
 
20:30:04 **** Incremental Build of configuration Debug for project stm32_new ****
make -j4 all 
arm-none-eabi-gcc "../Core/Src/vl53l1x_mitsu_app.c" -mcpu=cortex-m4 -std=gnu11 -g3 -DDEBUG -DUSE_HAL_DRIVER -DSTM32F401xC -c -I../Core/Inc -I../Drivers/STM32F4xx_HAL_Driver/Inc -I../Drivers/STM32F4xx_HAL_Driver/Inc/Legacy -I../Drivers/CMSIS/Device/ST/STM32F4xx/Include -I../Drivers/CMSIS/Include -O0 -ffunction-sections -fdata-sections -Wall -fstack-usage -fcyclomatic-complexity -MMD -MP -MF"Core/Src/vl53l1x_mitsu_app.d" -MT"Core/Src/vl53l1x_mitsu_app.o" --specs=nano.specs -mfpu=fpv4-sp-d16 -mfloat-abi=hard -mthumb -o "Core/Src/vl53l1x_mitsu_app.o"
../Core/Src/vl53l1x_mitsu_app.c:142:16: warning: 'Parse_MC_Format4_Read_Response' defined but not used [-Wunused-function]
  142 | static uint8_t Parse_MC_Format4_Read_Response(uint8_t *rx, uint16_t len, uint16_t *out_data, uint8_t points) {
      |                ^~~~~~~~~~~~~~~~~~~~~~~~~~~~~~
../Core/Src/vl53l1x_mitsu_app.c:114:17: warning: 'Build_MC_Format4_Read' defined but not used [-Wunused-function]
  114 | static uint16_t Build_MC_Format4_Read(uint8_t *out_buf, const char* head_reg, uint8_t points) {
      |                 ^~~~~~~~~~~~~~~~~~~~~
../Core/Src/vl53l1x_mitsu_app.c:53:17: warning: 'Filter_MovingAverage' defined but not used [-Wunused-function]
   53 | static uint16_t Filter_MovingAverage(uint16_t raw_mm) {
      |                 ^~~~~~~~~~~~~~~~~~~~
../Core/Src/vl53l1x_mitsu_app.c:48:19: warning: 'read_timeout_timer' defined but not used [-Wunused-variable]
   48 | static uint32_t   read_timeout_timer = 0;
      |                   ^~~~~~~~~~~~~~~~~~
../Core/Src/vl53l1x_mitsu_app.c:46:19: warning: 'comm_step' defined but not used [-Wunused-variable]
   46 | static CommStep_t comm_step = COMM_STEP_SEND_WRITE;
      |                   ^~~~~~~~~
arm-none-eabi-gcc -o "stm32_new.elf" @"objects.list"   -mcpu=cortex-m4 -T"D:\data-2026\lap_top\GHEP-MITSU_BACKUP\stm32_vl53l1x\stm32_new\STM32F401CCUX_FLASH.ld" --specs=nosys.specs -Wl,-Map="stm32_new.map" -Wl,--gc-sections -static --specs=nano.specs -mfpu=fpv4-sp-d16 -mfloat-abi=hard -mthumb -Wl,--start-group -lc -lm -Wl,--end-group
Finished building target: stm32_new.elf
 
arm-none-eabi-size  stm32_new.elf 
arm-none-eabi-objdump -h -S stm32_new.elf  > "stm32_new.list"
   text	   data	    bss	    dec	    hex	filename
  25232	     92	   2932	  28256	   6e60	stm32_new.elf
Finished building: default.size.stdout
 
Finished building: stm32_new.list
 
20:32:07 **** Incremental Build of configuration Debug for project stm32_new ****
make -j4 all 
arm-none-eabi-gcc "../Core/Src/usart.c" -mcpu=cortex-m4 -std=gnu11 -g3 -DDEBUG -DUSE_HAL_DRIVER -DSTM32F401xC -c -I../Core/Inc -I../Drivers/STM32F4xx_HAL_Driver/Inc -I../Drivers/STM32F4xx_HAL_Driver/Inc/Legacy -I../Drivers/CMSIS/Device/ST/STM32F4xx/Include -I../Drivers/CMSIS/Include -O0 -ffunction-sections -fdata-sections -Wall -fstack-usage -fcyclomatic-complexity -MMD -MP -MF"Core/Src/usart.d" -MT"Core/Src/usart.o" --specs=nano.specs -mfpu=fpv4-sp-d16 -mfloat-abi=hard -mthumb -o "Core/Src/usart.o"
arm-none-eabi-gcc -o "stm32_new.elf" @"objects.list"   -mcpu=cortex-m4 -T"D:\data-2026\lap_top\GHEP-MITSU_BACKUP\stm32_vl53l1x\stm32_new\STM32F401CCUX_FLASH.ld" --specs=nosys.specs -Wl,-Map="stm32_new.map" -Wl,--gc-sections -static --specs=nano.specs -mfpu=fpv4-sp-d16 -mfloat-abi=hard -mthumb -Wl,--start-group -lc -lm -Wl,--end-group
Finished building target: stm32_new.elf
 
arm-none-eabi-size  stm32_new.elf 
arm-none-eabi-objdump -h -S stm32_new.elf  > "stm32_new.list"
   text	   data	    bss	    dec	    hex	filename
  25232	     92	   2932	  28256	   6e60	stm32_new.elf
Finished building: default.size.stdout
 
Finished building: stm32_new.list
 
20:33:41 **** Incremental Build of configuration Debug for project stm32_new ****
make -j4 all 
arm-none-eabi-gcc "../Core/Src/vl53l1x_mitsu_app.c" -mcpu=cortex-m4 -std=gnu11 -g3 -DDEBUG -DUSE_HAL_DRIVER -DSTM32F401xC -c -I../Core/Inc -I../Drivers/STM32F4xx_HAL_Driver/Inc -I../Drivers/STM32F4xx_HAL_Driver/Inc/Legacy -I../Drivers/CMSIS/Device/ST/STM32F4xx/Include -I../Drivers/CMSIS/Include -O0 -ffunction-sections -fdata-sections -Wall -fstack-usage -fcyclomatic-complexity -MMD -MP -MF"Core/Src/vl53l1x_mitsu_app.d" -MT"Core/Src/vl53l1x_mitsu_app.o" --specs=nano.specs -mfpu=fpv4-sp-d16 -mfloat-abi=hard -mthumb -o "Core/Src/vl53l1x_mitsu_app.o"
../Core/Src/vl53l1x_mitsu_app.c:53:17: warning: 'Filter_MovingAverage' defined but not used [-Wunused-function]
   53 | static uint16_t Filter_MovingAverage(uint16_t raw_mm) {
      |                 ^~~~~~~~~~~~~~~~~~~~
../Core/Src/vl53l1x_mitsu_app.c:48:19: warning: 'read_timeout_timer' defined but not used [-Wunused-variable]
   48 | static uint32_t   read_timeout_timer = 0;
      |                   ^~~~~~~~~~~~~~~~~~
../Core/Src/vl53l1x_mitsu_app.c:46:19: warning: 'comm_step' defined but not used [-Wunused-variable]
   46 | static CommStep_t comm_step = COMM_STEP_SEND_WRITE;
      |                   ^~~~~~~~~
../Core/Src/vl53l1x_mitsu_app.c:32:17: warning: 'rx_process_buf' defined but not used [-Wunused-variable]
   32 | static uint8_t  rx_process_buf[UART_RX_BUF_SIZE];
      |                 ^~~~~~~~~~~~~~
../Core/Src/vl53l1x_mitsu_app.c:31:17: warning: 'rx_dma_buf' defined but not used [-Wunused-variable]
   31 | static uint8_t  rx_dma_buf[UART_RX_BUF_SIZE];
      |                 ^~~~~~~~~~
arm-none-eabi-gcc -o "stm32_new.elf" @"objects.list"   -mcpu=cortex-m4 -T"D:\data-2026\lap_top\GHEP-MITSU_BACKUP\stm32_vl53l1x\stm32_new\STM32F401CCUX_FLASH.ld" --specs=nosys.specs -Wl,-Map="stm32_new.map" -Wl,--gc-sections -static --specs=nano.specs -mfpu=fpv4-sp-d16 -mfloat-abi=hard -mthumb -Wl,--start-group -lc -lm -Wl,--end-group
Finished building target: stm32_new.elf
 
arm-none-eabi-size  stm32_new.elf 
arm-none-eabi-objdump -h -S stm32_new.elf  > "stm32_new.list"
   text	   data	    bss	    dec	    hex	filename
  23780	     92	   2676	  26548	   67b4	stm32_new.elf
Finished building: default.size.stdout
 
Finished building: stm32_new.list
 
20:35:20 **** Incremental Build of configuration Debug for project stm32_new ****
make -j4 all 
arm-none-eabi-gcc "../Core/Src/vl53l1x_mitsu_app.c" -mcpu=cortex-m4 -std=gnu11 -g3 -DDEBUG -DUSE_HAL_DRIVER -DSTM32F401xC -c -I../Core/Inc -I../Drivers/STM32F4xx_HAL_Driver/Inc -I../Drivers/STM32F4xx_HAL_Driver/Inc/Legacy -I../Drivers/CMSIS/Device/ST/STM32F4xx/Include -I../Drivers/CMSIS/Include -O0 -ffunction-sections -fdata-sections -Wall -fstack-usage -fcyclomatic-complexity -MMD -MP -MF"Core/Src/vl53l1x_mitsu_app.d" -MT"Core/Src/vl53l1x_mitsu_app.o" --specs=nano.specs -mfpu=fpv4-sp-d16 -mfloat-abi=hard -mthumb -o "Core/Src/vl53l1x_mitsu_app.o"
../Core/Src/vl53l1x_mitsu_app.c:53:17: warning: 'Filter_MovingAverage' defined but not used [-Wunused-function]
   53 | static uint16_t Filter_MovingAverage(uint16_t raw_mm) {
      |                 ^~~~~~~~~~~~~~~~~~~~
../Core/Src/vl53l1x_mitsu_app.c:48:19: warning: 'read_timeout_timer' defined but not used [-Wunused-variable]
   48 | static uint32_t   read_timeout_timer = 0;
      |                   ^~~~~~~~~~~~~~~~~~
../Core/Src/vl53l1x_mitsu_app.c:46:19: warning: 'comm_step' defined but not used [-Wunused-variable]
   46 | static CommStep_t comm_step = COMM_STEP_SEND_WRITE;
      |                   ^~~~~~~~~
../Core/Src/vl53l1x_mitsu_app.c:32:17: warning: 'rx_process_buf' defined but not used [-Wunused-variable]
   32 | static uint8_t  rx_process_buf[UART_RX_BUF_SIZE];
      |                 ^~~~~~~~~~~~~~
../Core/Src/vl53l1x_mitsu_app.c:31:17: warning: 'rx_dma_buf' defined but not used [-Wunused-variable]
   31 | static uint8_t  rx_dma_buf[UART_RX_BUF_SIZE];
      |                 ^~~~~~~~~~
arm-none-eabi-gcc -o "stm32_new.elf" @"objects.list"   -mcpu=cortex-m4 -T"D:\data-2026\lap_top\GHEP-MITSU_BACKUP\stm32_vl53l1x\stm32_new\STM32F401CCUX_FLASH.ld" --specs=nosys.specs -Wl,-Map="stm32_new.map" -Wl,--gc-sections -static --specs=nano.specs -mfpu=fpv4-sp-d16 -mfloat-abi=hard -mthumb -Wl,--start-group -lc -lm -Wl,--end-group
Finished building target: stm32_new.elf
 
arm-none-eabi-size  stm32_new.elf 
arm-none-eabi-objdump -h -S stm32_new.elf  > "stm32_new.list"
   text	   data	    bss	    dec	    hex	filename
  23772	     92	   2676	  26540	   67ac	stm32_new.elf
Finished building: default.size.stdout
 
Finished building: stm32_new.list
 
20:39:03 **** Incremental Build of configuration Debug for project stm32_new ****
make -j4 all 
arm-none-eabi-gcc "../Core/Src/usart.c" -mcpu=cortex-m4 -std=gnu11 -g3 -DDEBUG -DUSE_HAL_DRIVER -DSTM32F401xC -c -I../Core/Inc -I../Drivers/STM32F4xx_HAL_Driver/Inc -I../Drivers/STM32F4xx_HAL_Driver/Inc/Legacy -I../Drivers/CMSIS/Device/ST/STM32F4xx/Include -I../Drivers/CMSIS/Include -O0 -ffunction-sections -fdata-sections -Wall -fstack-usage -fcyclomatic-complexity -MMD -MP -MF"Core/Src/usart.d" -MT"Core/Src/usart.o" --specs=nano.specs -mfpu=fpv4-sp-d16 -mfloat-abi=hard -mthumb -o "Core/Src/usart.o"
arm-none-eabi-gcc -o "stm32_new.elf" @"objects.list"   -mcpu=cortex-m4 -T"D:\data-2026\lap_top\GHEP-MITSU_BACKUP\stm32_vl53l1x\stm32_new\STM32F401CCUX_FLASH.ld" --specs=nosys.specs -Wl,-Map="stm32_new.map" -Wl,--gc-sections -static --specs=nano.specs -mfpu=fpv4-sp-d16 -mfloat-abi=hard -mthumb -Wl,--start-group -lc -lm -Wl,--end-group
Finished building target: stm32_new.elf
 
arm-none-eabi-size  stm32_new.elf 
arm-none-eabi-objdump -h -S stm32_new.elf  > "stm32_new.list"
   text	   data	    bss	    dec	    hex	filename
  23772	     92	   2676	  26540	   67ac	stm32_new.elf
Finished building: default.size.stdout
 
Finished building: stm32_new.list
 
20:42:13 **** Incremental Build of configuration Debug for project stm32_new ****
make -j4 all 
arm-none-eabi-gcc "../Core/Src/vl53l1x_mitsu_app.c" -mcpu=cortex-m4 -std=gnu11 -g3 -DDEBUG -DUSE_HAL_DRIVER -DSTM32F401xC -c -I../Core/Inc -I../Drivers/STM32F4xx_HAL_Driver/Inc -I../Drivers/STM32F4xx_HAL_Driver/Inc/Legacy -I../Drivers/CMSIS/Device/ST/STM32F4xx/Include -I../Drivers/CMSIS/Include -O0 -ffunction-sections -fdata-sections -Wall -fstack-usage -fcyclomatic-complexity -MMD -MP -MF"Core/Src/vl53l1x_mitsu_app.d" -MT"Core/Src/vl53l1x_mitsu_app.o" --specs=nano.specs -mfpu=fpv4-sp-d16 -mfloat-abi=hard -mthumb -o "Core/Src/vl53l1x_mitsu_app.o"
../Core/Src/vl53l1x_mitsu_app.c:53:17: warning: 'Filter_MovingAverage' defined but not used [-Wunused-function]
   53 | static uint16_t Filter_MovingAverage(uint16_t raw_mm) {
      |                 ^~~~~~~~~~~~~~~~~~~~
../Core/Src/vl53l1x_mitsu_app.c:48:19: warning: 'read_timeout_timer' defined but not used [-Wunused-variable]
   48 | static uint32_t   read_timeout_timer = 0;
      |                   ^~~~~~~~~~~~~~~~~~
../Core/Src/vl53l1x_mitsu_app.c:46:19: warning: 'comm_step' defined but not used [-Wunused-variable]
   46 | static CommStep_t comm_step = COMM_STEP_SEND_WRITE;
      |                   ^~~~~~~~~
../Core/Src/vl53l1x_mitsu_app.c:32:17: warning: 'rx_process_buf' defined but not used [-Wunused-variable]
   32 | static uint8_t  rx_process_buf[UART_RX_BUF_SIZE];
      |                 ^~~~~~~~~~~~~~
../Core/Src/vl53l1x_mitsu_app.c:31:17: warning: 'rx_dma_buf' defined but not used [-Wunused-variable]
   31 | static uint8_t  rx_dma_buf[UART_RX_BUF_SIZE];
      |                 ^~~~~~~~~~
arm-none-eabi-gcc -o "stm32_new.elf" @"objects.list"   -mcpu=cortex-m4 -T"D:\data-2026\lap_top\GHEP-MITSU_BACKUP\stm32_vl53l1x\stm32_new\STM32F401CCUX_FLASH.ld" --specs=nosys.specs -Wl,-Map="stm32_new.map" -Wl,--gc-sections -static --specs=nano.specs -mfpu=fpv4-sp-d16 -mfloat-abi=hard -mthumb -Wl,--start-group -lc -lm -Wl,--end-group
Finished building target: stm32_new.elf
 
arm-none-eabi-size  stm32_new.elf 
arm-none-eabi-objdump -h -S stm32_new.elf  > "stm32_new.list"
   text	   data	    bss	    dec	    hex	filename
  24236	     92	   2676	  27004	   697c	stm32_new.elf
Finished building: default.size.stdout
 
Finished building: stm32_new.list
 
20:43:59 **** Incremental Build of configuration Debug for project stm32_new ****
make -j4 all 
arm-none-eabi-gcc "../Core/Src/main.c" -mcpu=cortex-m4 -std=gnu11 -g3 -DDEBUG -DUSE_HAL_DRIVER -DSTM32F401xC -c -I../Core/Inc -I../Drivers/STM32F4xx_HAL_Driver/Inc -I../Drivers/STM32F4xx_HAL_Driver/Inc/Legacy -I../Drivers/CMSIS/Device/ST/STM32F4xx/Include -I../Drivers/CMSIS/Include -O0 -ffunction-sections -fdata-sections -Wall -fstack-usage -fcyclomatic-complexity -MMD -MP -MF"Core/Src/main.d" -MT"Core/Src/main.o" --specs=nano.specs -mfpu=fpv4-sp-d16 -mfloat-abi=hard -mthumb -o "Core/Src/main.o"
arm-none-eabi-gcc -o "stm32_new.elf" @"objects.list"   -mcpu=cortex-m4 -T"D:\data-2026\lap_top\GHEP-MITSU_BACKUP\stm32_vl53l1x\stm32_new\STM32F401CCUX_FLASH.ld" --specs=nosys.specs -Wl,-Map="stm32_new.map" -Wl,--gc-sections -static --specs=nano.specs -mfpu=fpv4-sp-d16 -mfloat-abi=hard -mthumb -Wl,--start-group -lc -lm -Wl,--end-group
Finished building target: stm32_new.elf
 
arm-none-eabi-size  stm32_new.elf 
arm-none-eabi-objdump -h -S stm32_new.elf  > "stm32_new.list"
   text	   data	    bss	    dec	    hex	filename
  24236	     92	   2676	  27004	   697c	stm32_new.elf
Finished building: default.size.stdout
 
Finished building: stm32_new.list
 
20:47:26 **** Incremental Build of configuration Debug for project stm32_new ****
make -j4 all 
arm-none-eabi-gcc "../Core/Src/vl53l1x_mitsu_app.c" -mcpu=cortex-m4 -std=gnu11 -g3 -DDEBUG -DUSE_HAL_DRIVER -DSTM32F401xC -c -I../Core/Inc -I../Drivers/STM32F4xx_HAL_Driver/Inc -I../Drivers/STM32F4xx_HAL_Driver/Inc/Legacy -I../Drivers/CMSIS/Device/ST/STM32F4xx/Include -I../Drivers/CMSIS/Include -O0 -ffunction-sections -fdata-sections -Wall -fstack-usage -fcyclomatic-complexity -MMD -MP -MF"Core/Src/vl53l1x_mitsu_app.d" -MT"Core/Src/vl53l1x_mitsu_app.o" --specs=nano.specs -mfpu=fpv4-sp-d16 -mfloat-abi=hard -mthumb -o "Core/Src/vl53l1x_mitsu_app.o"
../Core/Src/vl53l1x_mitsu_app.c:53:17: warning: 'Filter_MovingAverage' defined but not used [-Wunused-function]
   53 | static uint16_t Filter_MovingAverage(uint16_t raw_mm) {
      |                 ^~~~~~~~~~~~~~~~~~~~
../Core/Src/vl53l1x_mitsu_app.c:48:19: warning: 'read_timeout_timer' defined but not used [-Wunused-variable]
   48 | static uint32_t   read_timeout_timer = 0;
      |                   ^~~~~~~~~~~~~~~~~~
../Core/Src/vl53l1x_mitsu_app.c:46:19: warning: 'comm_step' defined but not used [-Wunused-variable]
   46 | static CommStep_t comm_step = COMM_STEP_SEND_WRITE;
      |                   ^~~~~~~~~
../Core/Src/vl53l1x_mitsu_app.c:32:17: warning: 'rx_process_buf' defined but not used [-Wunused-variable]
   32 | static uint8_t  rx_process_buf[UART_RX_BUF_SIZE];
      |                 ^~~~~~~~~~~~~~
../Core/Src/vl53l1x_mitsu_app.c:31:17: warning: 'rx_dma_buf' defined but not used [-Wunused-variable]
   31 | static uint8_t  rx_dma_buf[UART_RX_BUF_SIZE];
      |                 ^~~~~~~~~~
arm-none-eabi-gcc -o "stm32_new.elf" @"objects.list"   -mcpu=cortex-m4 -T"D:\data-2026\lap_top\GHEP-MITSU_BACKUP\stm32_vl53l1x\stm32_new\STM32F401CCUX_FLASH.ld" --specs=nosys.specs -Wl,-Map="stm32_new.map" -Wl,--gc-sections -static --specs=nano.specs -mfpu=fpv4-sp-d16 -mfloat-abi=hard -mthumb -Wl,--start-group -lc -lm -Wl,--end-group
Finished building target: stm32_new.elf
 
arm-none-eabi-size  stm32_new.elf 
arm-none-eabi-objdump -h -S stm32_new.elf  > "stm32_new.list"
   text	   data	    bss	    dec	    hex	filename
  24260	     92	   2676	  27028	   6994	stm32_new.elf
Finished building: default.size.stdout
 
Finished building: stm32_new.list
 
20:48:25 **** Incremental Build of configuration Debug for project stm32_new ****
make -j4 all 
arm-none-eabi-size  stm32_new.elf 
   text	   data	    bss	    dec	    hex	filename
  24260	     92	   2676	  27028	   6994	stm32_new.elf
Finished building: default.size.stdout
 
20:50:28 **** Incremental Build of configuration Debug for project stm32_new ****
make -j4 all 
arm-none-eabi-gcc "../Core/Src/usart.c" -mcpu=cortex-m4 -std=gnu11 -g3 -DDEBUG -DUSE_HAL_DRIVER -DSTM32F401xC -c -I../Core/Inc -I../Drivers/STM32F4xx_HAL_Driver/Inc -I../Drivers/STM32F4xx_HAL_Driver/Inc/Legacy -I../Drivers/CMSIS/Device/ST/STM32F4xx/Include -I../Drivers/CMSIS/Include -O0 -ffunction-sections -fdata-sections -Wall -fstack-usage -fcyclomatic-complexity -MMD -MP -MF"Core/Src/usart.d" -MT"Core/Src/usart.o" --specs=nano.specs -mfpu=fpv4-sp-d16 -mfloat-abi=hard -mthumb -o "Core/Src/usart.o"
arm-none-eabi-gcc -o "stm32_new.elf" @"objects.list"   -mcpu=cortex-m4 -T"D:\data-2026\lap_top\GHEP-MITSU_BACKUP\stm32_vl53l1x\stm32_new\STM32F401CCUX_FLASH.ld" --specs=nosys.specs -Wl,-Map="stm32_new.map" -Wl,--gc-sections -static --specs=nano.specs -mfpu=fpv4-sp-d16 -mfloat-abi=hard -mthumb -Wl,--start-group -lc -lm -Wl,--end-group
Finished building target: stm32_new.elf
 
arm-none-eabi-size  stm32_new.elf 
arm-none-eabi-objdump -h -S stm32_new.elf  > "stm32_new.list"
   text	   data	    bss	    dec	    hex	filename
  24256	     92	   2676	  27024	   6990	stm32_new.elf
Finished building: default.size.stdout
 
Finished building: stm32_new.list
 
20:55:41 **** Incremental Build of configuration Debug for project stm32_new ****
make -j4 all 
arm-none-eabi-gcc "../Core/Src/usart.c" -mcpu=cortex-m4 -std=gnu11 -g3 -DDEBUG -DUSE_HAL_DRIVER -DSTM32F401xC -c -I../Core/Inc -I../Drivers/STM32F4xx_HAL_Driver/Inc -I../Drivers/STM32F4xx_HAL_Driver/Inc/Legacy -I../Drivers/CMSIS/Device/ST/STM32F4xx/Include -I../Drivers/CMSIS/Include -O0 -ffunction-sections -fdata-sections -Wall -fstack-usage -fcyclomatic-complexity -MMD -MP -MF"Core/Src/usart.d" -MT"Core/Src/usart.o" --specs=nano.specs -mfpu=fpv4-sp-d16 -mfloat-abi=hard -mthumb -o "Core/Src/usart.o"
arm-none-eabi-gcc -o "stm32_new.elf" @"objects.list"   -mcpu=cortex-m4 -T"D:\data-2026\lap_top\GHEP-MITSU_BACKUP\stm32_vl53l1x\stm32_new\STM32F401CCUX_FLASH.ld" --specs=nosys.specs -Wl,-Map="stm32_new.map" -Wl,--gc-sections -static --specs=nano.specs -mfpu=fpv4-sp-d16 -mfloat-abi=hard -mthumb -Wl,--start-group -lc -lm -Wl,--end-group
Finished building target: stm32_new.elf
 
arm-none-eabi-size  stm32_new.elf 
arm-none-eabi-objdump -h -S stm32_new.elf  > "stm32_new.list"
   text	   data	    bss	    dec	    hex	filename
  24260	     92	   2676	  27028	   6994	stm32_new.elf
Finished building: default.size.stdout
 
Finished building: stm32_new.list
 
21:00:03 **** Incremental Build of configuration Debug for project stm32_new ****
make -j4 all 
arm-none-eabi-gcc "../Core/Src/vl53l1x_mitsu_app.c" -mcpu=cortex-m4 -std=gnu11 -g3 -DDEBUG -DUSE_HAL_DRIVER -DSTM32F401xC -c -I../Core/Inc -I../Drivers/STM32F4xx_HAL_Driver/Inc -I../Drivers/STM32F4xx_HAL_Driver/Inc/Legacy -I../Drivers/CMSIS/Device/ST/STM32F4xx/Include -I../Drivers/CMSIS/Include -O0 -ffunction-sections -fdata-sections -Wall -fstack-usage -fcyclomatic-complexity -MMD -MP -MF"Core/Src/vl53l1x_mitsu_app.d" -MT"Core/Src/vl53l1x_mitsu_app.o" --specs=nano.specs -mfpu=fpv4-sp-d16 -mfloat-abi=hard -mthumb -o "Core/Src/vl53l1x_mitsu_app.o"
../Core/Src/vl53l1x_mitsu_app.c:53:17: warning: 'Filter_MovingAverage' defined but not used [-Wunused-function]
   53 | static uint16_t Filter_MovingAverage(uint16_t raw_mm) {
      |                 ^~~~~~~~~~~~~~~~~~~~
../Core/Src/vl53l1x_mitsu_app.c:48:19: warning: 'read_timeout_timer' defined but not used [-Wunused-variable]
   48 | static uint32_t   read_timeout_timer = 0;
      |                   ^~~~~~~~~~~~~~~~~~
../Core/Src/vl53l1x_mitsu_app.c:46:19: warning: 'comm_step' defined but not used [-Wunused-variable]
   46 | static CommStep_t comm_step = COMM_STEP_SEND_WRITE;
      |                   ^~~~~~~~~
../Core/Src/vl53l1x_mitsu_app.c:32:17: warning: 'rx_process_buf' defined but not used [-Wunused-variable]
   32 | static uint8_t  rx_process_buf[UART_RX_BUF_SIZE];
      |                 ^~~~~~~~~~~~~~
../Core/Src/vl53l1x_mitsu_app.c:31:17: warning: 'rx_dma_buf' defined but not used [-Wunused-variable]
   31 | static uint8_t  rx_dma_buf[UART_RX_BUF_SIZE];
      |                 ^~~~~~~~~~
arm-none-eabi-gcc -o "stm32_new.elf" @"objects.list"   -mcpu=cortex-m4 -T"D:\data-2026\lap_top\GHEP-MITSU_BACKUP\stm32_vl53l1x\stm32_new\STM32F401CCUX_FLASH.ld" --specs=nosys.specs -Wl,-Map="stm32_new.map" -Wl,--gc-sections -static --specs=nano.specs -mfpu=fpv4-sp-d16 -mfloat-abi=hard -mthumb -Wl,--start-group -lc -lm -Wl,--end-group
Finished building target: stm32_new.elf
 
arm-none-eabi-size  stm32_new.elf 
arm-none-eabi-objdump -h -S stm32_new.elf  > "stm32_new.list"
   text	   data	    bss	    dec	    hex	filename
  24292	     92	   2676	  27060	   69b4	stm32_new.elf
Finished building: default.size.stdout
 
Finished building: stm32_new.list
 
21:26:54 **** Incremental Build of configuration Debug for project stm32_new ****
make -j4 all 
arm-none-eabi-gcc "../Core/Src/vl53l1x_mitsu_app.c" -mcpu=cortex-m4 -std=gnu11 -g3 -DDEBUG -DUSE_HAL_DRIVER -DSTM32F401xC -c -I../Core/Inc -I../Drivers/STM32F4xx_HAL_Driver/Inc -I../Drivers/STM32F4xx_HAL_Driver/Inc/Legacy -I../Drivers/CMSIS/Device/ST/STM32F4xx/Include -I../Drivers/CMSIS/Include -O0 -ffunction-sections -fdata-sections -Wall -fstack-usage -fcyclomatic-complexity -MMD -MP -MF"Core/Src/vl53l1x_mitsu_app.d" -MT"Core/Src/vl53l1x_mitsu_app.o" --specs=nano.specs -mfpu=fpv4-sp-d16 -mfloat-abi=hard -mthumb -o "Core/Src/vl53l1x_mitsu_app.o"
../Core/Src/vl53l1x_mitsu_app.c:53:17: warning: 'Filter_MovingAverage' defined but not used [-Wunused-function]
   53 | static uint16_t Filter_MovingAverage(uint16_t raw_mm) {
      |                 ^~~~~~~~~~~~~~~~~~~~
../Core/Src/vl53l1x_mitsu_app.c:48:19: warning: 'read_timeout_timer' defined but not used [-Wunused-variable]
   48 | static uint32_t   read_timeout_timer = 0;
      |                   ^~~~~~~~~~~~~~~~~~
../Core/Src/vl53l1x_mitsu_app.c:46:19: warning: 'comm_step' defined but not used [-Wunused-variable]
   46 | static CommStep_t comm_step = COMM_STEP_SEND_WRITE;
      |                   ^~~~~~~~~
../Core/Src/vl53l1x_mitsu_app.c:32:17: warning: 'rx_process_buf' defined but not used [-Wunused-variable]
   32 | static uint8_t  rx_process_buf[UART_RX_BUF_SIZE];
      |                 ^~~~~~~~~~~~~~
../Core/Src/vl53l1x_mitsu_app.c:31:17: warning: 'rx_dma_buf' defined but not used [-Wunused-variable]
   31 | static uint8_t  rx_dma_buf[UART_RX_BUF_SIZE];
      |                 ^~~~~~~~~~
arm-none-eabi-gcc -o "stm32_new.elf" @"objects.list"   -mcpu=cortex-m4 -T"D:\data-2026\lap_top\GHEP-MITSU_BACKUP\stm32_vl53l1x\stm32_new\STM32F401CCUX_FLASH.ld" --specs=nosys.specs -Wl,-Map="stm32_new.map" -Wl,--gc-sections -static --specs=nano.specs -mfpu=fpv4-sp-d16 -mfloat-abi=hard -mthumb -Wl,--start-group -lc -lm -Wl,--end-group
Finished building target: stm32_new.elf
 
arm-none-eabi-size  stm32_new.elf 
arm-none-eabi-objdump -h -S stm32_new.elf  > "stm32_new.list"
   text	   data	    bss	    dec	    hex	filename
  24236	     92	   2676	  27004	   697c	stm32_new.elf
Finished building: default.size.stdout
 
Finished building: stm32_new.list
 
22:35:27 **** Incremental Build of configuration Debug for project stm32_new ****
make -j4 all 
arm-none-eabi-gcc "../Core/Src/vl53l1x_mitsu_app.c" -mcpu=cortex-m4 -std=gnu11 -g3 -DDEBUG -DUSE_HAL_DRIVER -DSTM32F401xC -c -I../Core/Inc -I../Drivers/STM32F4xx_HAL_Driver/Inc -I../Drivers/STM32F4xx_HAL_Driver/Inc/Legacy -I../Drivers/CMSIS/Device/ST/STM32F4xx/Include -I../Drivers/CMSIS/Include -O0 -ffunction-sections -fdata-sections -Wall -fstack-usage -fcyclomatic-complexity -MMD -MP -MF"Core/Src/vl53l1x_mitsu_app.d" -MT"Core/Src/vl53l1x_mitsu_app.o" --specs=nano.specs -mfpu=fpv4-sp-d16 -mfloat-abi=hard -mthumb -o "Core/Src/vl53l1x_mitsu_app.o"
../Core/Src/vl53l1x_mitsu_app.c:53:17: warning: 'Filter_MovingAverage' defined but not used [-Wunused-function]
   53 | static uint16_t Filter_MovingAverage(uint16_t raw_mm) {
      |                 ^~~~~~~~~~~~~~~~~~~~
../Core/Src/vl53l1x_mitsu_app.c:48:19: warning: 'read_timeout_timer' defined but not used [-Wunused-variable]
   48 | static uint32_t   read_timeout_timer = 0;
      |                   ^~~~~~~~~~~~~~~~~~
../Core/Src/vl53l1x_mitsu_app.c:46:19: warning: 'comm_step' defined but not used [-Wunused-variable]
   46 | static CommStep_t comm_step = COMM_STEP_SEND_WRITE;
      |                   ^~~~~~~~~
../Core/Src/vl53l1x_mitsu_app.c:32:17: warning: 'rx_process_buf' defined but not used [-Wunused-variable]
   32 | static uint8_t  rx_process_buf[UART_RX_BUF_SIZE];
      |                 ^~~~~~~~~~~~~~
../Core/Src/vl53l1x_mitsu_app.c:31:17: warning: 'rx_dma_buf' defined but not used [-Wunused-variable]
   31 | static uint8_t  rx_dma_buf[UART_RX_BUF_SIZE];
      |                 ^~~~~~~~~~
arm-none-eabi-gcc -o "stm32_new.elf" @"objects.list"   -mcpu=cortex-m4 -T"D:\data-2026\lap_top\GHEP-MITSU_BACKUP\stm32_vl53l1x\stm32_new\STM32F401CCUX_FLASH.ld" --specs=nosys.specs -Wl,-Map="stm32_new.map" -Wl,--gc-sections -static --specs=nano.specs -mfpu=fpv4-sp-d16 -mfloat-abi=hard -mthumb -Wl,--start-group -lc -lm -Wl,--end-group
Finished building target: stm32_new.elf
 
arm-none-eabi-size  stm32_new.elf 
arm-none-eabi-objdump -h -S stm32_new.elf  > "stm32_new.list"
   text	   data	    bss	    dec	    hex	filename
  24800	     92	   2676	  27568	   6bb0	stm32_new.elf
Finished building: default.size.stdout
 
Finished building: stm32_new.list
 
22:43:09 **** Incremental Build of configuration Debug for project stm32_new ****
make -j4 all 
arm-none-eabi-gcc "../Core/Src/vl53l1x_mitsu_app.c" -mcpu=cortex-m4 -std=gnu11 -g3 -DDEBUG -DUSE_HAL_DRIVER -DSTM32F401xC -c -I../Core/Inc -I../Drivers/STM32F4xx_HAL_Driver/Inc -I../Drivers/STM32F4xx_HAL_Driver/Inc/Legacy -I../Drivers/CMSIS/Device/ST/STM32F4xx/Include -I../Drivers/CMSIS/Include -O0 -ffunction-sections -fdata-sections -Wall -fstack-usage -fcyclomatic-complexity -MMD -MP -MF"Core/Src/vl53l1x_mitsu_app.d" -MT"Core/Src/vl53l1x_mitsu_app.o" --specs=nano.specs -mfpu=fpv4-sp-d16 -mfloat-abi=hard -mthumb -o "Core/Src/vl53l1x_mitsu_app.o"
../Core/Src/vl53l1x_mitsu_app.c:53:17: warning: 'Filter_MovingAverage' defined but not used [-Wunused-function]
   53 | static uint16_t Filter_MovingAverage(uint16_t raw_mm) {
      |                 ^~~~~~~~~~~~~~~~~~~~
../Core/Src/vl53l1x_mitsu_app.c:48:19: warning: 'read_timeout_timer' defined but not used [-Wunused-variable]
   48 | static uint32_t   read_timeout_timer = 0;
      |                   ^~~~~~~~~~~~~~~~~~
../Core/Src/vl53l1x_mitsu_app.c:46:19: warning: 'comm_step' defined but not used [-Wunused-variable]
   46 | static CommStep_t comm_step = COMM_STEP_SEND_WRITE;
      |                   ^~~~~~~~~
../Core/Src/vl53l1x_mitsu_app.c:32:17: warning: 'rx_process_buf' defined but not used [-Wunused-variable]
   32 | static uint8_t  rx_process_buf[UART_RX_BUF_SIZE];
      |                 ^~~~~~~~~~~~~~
../Core/Src/vl53l1x_mitsu_app.c:31:17: warning: 'rx_dma_buf' defined but not used [-Wunused-variable]
   31 | static uint8_t  rx_dma_buf[UART_RX_BUF_SIZE];
      |                 ^~~~~~~~~~
arm-none-eabi-gcc -o "stm32_new.elf" @"objects.list"   -mcpu=cortex-m4 -T"D:\data-2026\lap_top\GHEP-MITSU_BACKUP\stm32_vl53l1x\stm32_new\STM32F401CCUX_FLASH.ld" --specs=nosys.specs -Wl,-Map="stm32_new.map" -Wl,--gc-sections -static --specs=nano.specs -mfpu=fpv4-sp-d16 -mfloat-abi=hard -mthumb -Wl,--start-group -lc -lm -Wl,--end-group
Finished building target: stm32_new.elf
 
arm-none-eabi-size  stm32_new.elf 
arm-none-eabi-objdump -h -S stm32_new.elf  > "stm32_new.list"
   text	   data	    bss	    dec	    hex	filename
  24920	     92	   2676	  27688	   6c28	stm32_new.elf
Finished building: default.size.stdout
 
Finished building: stm32_new.list
 
22:46:46 **** Incremental Build of configuration Debug for project stm32_new ****
make -j4 all 
arm-none-eabi-gcc "../Core/Src/vl53l1x_mitsu_app.c" -mcpu=cortex-m4 -std=gnu11 -g3 -DDEBUG -DUSE_HAL_DRIVER -DSTM32F401xC -c -I../Core/Inc -I../Drivers/STM32F4xx_HAL_Driver/Inc -I../Drivers/STM32F4xx_HAL_Driver/Inc/Legacy -I../Drivers/CMSIS/Device/ST/STM32F4xx/Include -I../Drivers/CMSIS/Include -O0 -ffunction-sections -fdata-sections -Wall -fstack-usage -fcyclomatic-complexity -MMD -MP -MF"Core/Src/vl53l1x_mitsu_app.d" -MT"Core/Src/vl53l1x_mitsu_app.o" --specs=nano.specs -mfpu=fpv4-sp-d16 -mfloat-abi=hard -mthumb -o "Core/Src/vl53l1x_mitsu_app.o"
../Core/Src/vl53l1x_mitsu_app.c:77:17: warning: 'Build_MC_Frame' defined but not used [-Wunused-function]
   77 | static uint16_t Build_MC_Frame(uint8_t *out_buf, const char* payload, uint8_t with_crlf) {
      |                 ^~~~~~~~~~~~~~
../Core/Src/vl53l1x_mitsu_app.c:53:17: warning: 'Filter_MovingAverage' defined but not used [-Wunused-function]
   53 | static uint16_t Filter_MovingAverage(uint16_t raw_mm) {
      |                 ^~~~~~~~~~~~~~~~~~~~
../Core/Src/vl53l1x_mitsu_app.c:48:19: warning: 'read_timeout_timer' defined but not used [-Wunused-variable]
   48 | static uint32_t   read_timeout_timer = 0;
      |                   ^~~~~~~~~~~~~~~~~~
../Core/Src/vl53l1x_mitsu_app.c:46:19: warning: 'comm_step' defined but not used [-Wunused-variable]
   46 | static CommStep_t comm_step = COMM_STEP_SEND_WRITE;
      |                   ^~~~~~~~~
../Core/Src/vl53l1x_mitsu_app.c:32:17: warning: 'rx_process_buf' defined but not used [-Wunused-variable]
   32 | static uint8_t  rx_process_buf[UART_RX_BUF_SIZE];
      |                 ^~~~~~~~~~~~~~
../Core/Src/vl53l1x_mitsu_app.c:31:17: warning: 'rx_dma_buf' defined but not used [-Wunused-variable]
   31 | static uint8_t  rx_dma_buf[UART_RX_BUF_SIZE];
      |                 ^~~~~~~~~~
arm-none-eabi-gcc -o "stm32_new.elf" @"objects.list"   -mcpu=cortex-m4 -T"D:\data-2026\lap_top\GHEP-MITSU_BACKUP\stm32_vl53l1x\stm32_new\STM32F401CCUX_FLASH.ld" --specs=nosys.specs -Wl,-Map="stm32_new.map" -Wl,--gc-sections -static --specs=nano.specs -mfpu=fpv4-sp-d16 -mfloat-abi=hard -mthumb -Wl,--start-group -lc -lm -Wl,--end-group
Finished building target: stm32_new.elf
 
arm-none-eabi-size  stm32_new.elf 
arm-none-eabi-objdump -h -S stm32_new.elf  > "stm32_new.list"
   text	   data	    bss	    dec	    hex	filename
  21504	     12	   2340	  23856	   5d30	stm32_new.elf
Finished building: default.size.stdout
 
Finished building: stm32_new.list
 
22:49:44 **** Incremental Build of configuration Debug for project stm32_new ****
make -j4 all 
arm-none-eabi-gcc "../Core/Src/vl53l1x_mitsu_app.c" -mcpu=cortex-m4 -std=gnu11 -g3 -DDEBUG -DUSE_HAL_DRIVER -DSTM32F401xC -c -I../Core/Inc -I../Drivers/STM32F4xx_HAL_Driver/Inc -I../Drivers/STM32F4xx_HAL_Driver/Inc/Legacy -I../Drivers/CMSIS/Device/ST/STM32F4xx/Include -I../Drivers/CMSIS/Include -O0 -ffunction-sections -fdata-sections -Wall -fstack-usage -fcyclomatic-complexity -MMD -MP -MF"Core/Src/vl53l1x_mitsu_app.d" -MT"Core/Src/vl53l1x_mitsu_app.o" --specs=nano.specs -mfpu=fpv4-sp-d16 -mfloat-abi=hard -mthumb -o "Core/Src/vl53l1x_mitsu_app.o"
../Core/Src/vl53l1x_mitsu_app.c:77:17: warning: 'Build_MC_Frame' defined but not used [-Wunused-function]
   77 | static uint16_t Build_MC_Frame(uint8_t *out_buf, const char* payload, uint8_t with_crlf) {
      |                 ^~~~~~~~~~~~~~
../Core/Src/vl53l1x_mitsu_app.c:53:17: warning: 'Filter_MovingAverage' defined but not used [-Wunused-function]
   53 | static uint16_t Filter_MovingAverage(uint16_t raw_mm) {
      |                 ^~~~~~~~~~~~~~~~~~~~
../Core/Src/vl53l1x_mitsu_app.c:48:19: warning: 'read_timeout_timer' defined but not used [-Wunused-variable]
   48 | static uint32_t   read_timeout_timer = 0;
      |                   ^~~~~~~~~~~~~~~~~~
../Core/Src/vl53l1x_mitsu_app.c:46:19: warning: 'comm_step' defined but not used [-Wunused-variable]
   46 | static CommStep_t comm_step = COMM_STEP_SEND_WRITE;
      |                   ^~~~~~~~~
../Core/Src/vl53l1x_mitsu_app.c:32:17: warning: 'rx_process_buf' defined but not used [-Wunused-variable]
   32 | static uint8_t  rx_process_buf[UART_RX_BUF_SIZE];
      |                 ^~~~~~~~~~~~~~
../Core/Src/vl53l1x_mitsu_app.c:31:17: warning: 'rx_dma_buf' defined but not used [-Wunused-variable]
   31 | static uint8_t  rx_dma_buf[UART_RX_BUF_SIZE];
      |                 ^~~~~~~~~~
arm-none-eabi-gcc -o "stm32_new.elf" @"objects.list"   -mcpu=cortex-m4 -T"D:\data-2026\lap_top\GHEP-MITSU_BACKUP\stm32_vl53l1x\stm32_new\STM32F401CCUX_FLASH.ld" --specs=nosys.specs -Wl,-Map="stm32_new.map" -Wl,--gc-sections -static --specs=nano.specs -mfpu=fpv4-sp-d16 -mfloat-abi=hard -mthumb -Wl,--start-group -lc -lm -Wl,--end-group
Finished building target: stm32_new.elf
 
arm-none-eabi-size  stm32_new.elf 
arm-none-eabi-objdump -h -S stm32_new.elf  > "stm32_new.list"
   text	   data	    bss	    dec	    hex	filename
  21400	     12	   2340	  23752	   5cc8	stm32_new.elf
Finished building: default.size.stdout
 
Finished building: stm32_new.list
 
22:51:03 **** Incremental Build of configuration Debug for project stm32_new ****
make -j4 all 
arm-none-eabi-gcc "../Core/Src/vl53l1x_mitsu_app.c" -mcpu=cortex-m4 -std=gnu11 -g3 -DDEBUG -DUSE_HAL_DRIVER -DSTM32F401xC -c -I../Core/Inc -I../Drivers/STM32F4xx_HAL_Driver/Inc -I../Drivers/STM32F4xx_HAL_Driver/Inc/Legacy -I../Drivers/CMSIS/Device/ST/STM32F4xx/Include -I../Drivers/CMSIS/Include -O0 -ffunction-sections -fdata-sections -Wall -fstack-usage -fcyclomatic-complexity -MMD -MP -MF"Core/Src/vl53l1x_mitsu_app.d" -MT"Core/Src/vl53l1x_mitsu_app.o" --specs=nano.specs -mfpu=fpv4-sp-d16 -mfloat-abi=hard -mthumb -o "Core/Src/vl53l1x_mitsu_app.o"
../Core/Src/vl53l1x_mitsu_app.c:77:17: warning: 'Build_MC_Frame' defined but not used [-Wunused-function]
   77 | static uint16_t Build_MC_Frame(uint8_t *out_buf, const char* payload, uint8_t with_crlf) {
      |                 ^~~~~~~~~~~~~~
../Core/Src/vl53l1x_mitsu_app.c:53:17: warning: 'Filter_MovingAverage' defined but not used [-Wunused-function]
   53 | static uint16_t Filter_MovingAverage(uint16_t raw_mm) {
      |                 ^~~~~~~~~~~~~~~~~~~~
../Core/Src/vl53l1x_mitsu_app.c:48:19: warning: 'read_timeout_timer' defined but not used [-Wunused-variable]
   48 | static uint32_t   read_timeout_timer = 0;
      |                   ^~~~~~~~~~~~~~~~~~
../Core/Src/vl53l1x_mitsu_app.c:46:19: warning: 'comm_step' defined but not used [-Wunused-variable]
   46 | static CommStep_t comm_step = COMM_STEP_SEND_WRITE;
      |                   ^~~~~~~~~
../Core/Src/vl53l1x_mitsu_app.c:32:17: warning: 'rx_process_buf' defined but not used [-Wunused-variable]
   32 | static uint8_t  rx_process_buf[UART_RX_BUF_SIZE];
      |                 ^~~~~~~~~~~~~~
../Core/Src/vl53l1x_mitsu_app.c:31:17: warning: 'rx_dma_buf' defined but not used [-Wunused-variable]
   31 | static uint8_t  rx_dma_buf[UART_RX_BUF_SIZE];
      |                 ^~~~~~~~~~
arm-none-eabi-gcc -o "stm32_new.elf" @"objects.list"   -mcpu=cortex-m4 -T"D:\data-2026\lap_top\GHEP-MITSU_BACKUP\stm32_vl53l1x\stm32_new\STM32F401CCUX_FLASH.ld" --specs=nosys.specs -Wl,-Map="stm32_new.map" -Wl,--gc-sections -static --specs=nano.specs -mfpu=fpv4-sp-d16 -mfloat-abi=hard -mthumb -Wl,--start-group -lc -lm -Wl,--end-group
Finished building target: stm32_new.elf
 
arm-none-eabi-size  stm32_new.elf 
arm-none-eabi-objdump -h -S stm32_new.elf  > "stm32_new.list"
   text	   data	    bss	    dec	    hex	filename
  21400	     12	   2340	  23752	   5cc8	stm32_new.elf
Finished building: default.size.stdout
 
Finished building: stm32_new.list
 
22:52:25 **** Incremental Build of configuration Debug for project stm32_new ****
make -j4 all 
arm-none-eabi-gcc "../Core/Src/vl53l1x_mitsu_app.c" -mcpu=cortex-m4 -std=gnu11 -g3 -DDEBUG -DUSE_HAL_DRIVER -DSTM32F401xC -c -I../Core/Inc -I../Drivers/STM32F4xx_HAL_Driver/Inc -I../Drivers/STM32F4xx_HAL_Driver/Inc/Legacy -I../Drivers/CMSIS/Device/ST/STM32F4xx/Include -I../Drivers/CMSIS/Include -O0 -ffunction-sections -fdata-sections -Wall -fstack-usage -fcyclomatic-complexity -MMD -MP -MF"Core/Src/vl53l1x_mitsu_app.d" -MT"Core/Src/vl53l1x_mitsu_app.o" --specs=nano.specs -mfpu=fpv4-sp-d16 -mfloat-abi=hard -mthumb -o "Core/Src/vl53l1x_mitsu_app.o"
../Core/Src/vl53l1x_mitsu_app.c:77:17: warning: 'Build_MC_Frame' defined but not used [-Wunused-function]
   77 | static uint16_t Build_MC_Frame(uint8_t *out_buf, const char* payload, uint8_t with_crlf) {
      |                 ^~~~~~~~~~~~~~
../Core/Src/vl53l1x_mitsu_app.c:53:17: warning: 'Filter_MovingAverage' defined but not used [-Wunused-function]
   53 | static uint16_t Filter_MovingAverage(uint16_t raw_mm) {
      |                 ^~~~~~~~~~~~~~~~~~~~
../Core/Src/vl53l1x_mitsu_app.c:48:19: warning: 'read_timeout_timer' defined but not used [-Wunused-variable]
   48 | static uint32_t   read_timeout_timer = 0;
      |                   ^~~~~~~~~~~~~~~~~~
../Core/Src/vl53l1x_mitsu_app.c:46:19: warning: 'comm_step' defined but not used [-Wunused-variable]
   46 | static CommStep_t comm_step = COMM_STEP_SEND_WRITE;
      |                   ^~~~~~~~~
../Core/Src/vl53l1x_mitsu_app.c:32:17: warning: 'rx_process_buf' defined but not used [-Wunused-variable]
   32 | static uint8_t  rx_process_buf[UART_RX_BUF_SIZE];
      |                 ^~~~~~~~~~~~~~
../Core/Src/vl53l1x_mitsu_app.c:31:17: warning: 'rx_dma_buf' defined but not used [-Wunused-variable]
   31 | static uint8_t  rx_dma_buf[UART_RX_BUF_SIZE];
      |                 ^~~~~~~~~~
arm-none-eabi-gcc -o "stm32_new.elf" @"objects.list"   -mcpu=cortex-m4 -T"D:\data-2026\lap_top\GHEP-MITSU_BACKUP\stm32_vl53l1x\stm32_new\STM32F401CCUX_FLASH.ld" --specs=nosys.specs -Wl,-Map="stm32_new.map" -Wl,--gc-sections -static --specs=nano.specs -mfpu=fpv4-sp-d16 -mfloat-abi=hard -mthumb -Wl,--start-group -lc -lm -Wl,--end-group
Finished building target: stm32_new.elf
 
arm-none-eabi-size  stm32_new.elf 
arm-none-eabi-objdump -h -S stm32_new.elf  > "stm32_new.list"
   text	   data	    bss	    dec	    hex	filename
  21400	     12	   2340	  23752	   5cc8	stm32_new.elf
Finished building: default.size.stdout
 
Finished building: stm32_new.list
 
22:53:58 **** Incremental Build of configuration Debug for project stm32_new ****
make -j4 all 
arm-none-eabi-gcc "../Core/Src/vl53l1x_mitsu_app.c" -mcpu=cortex-m4 -std=gnu11 -g3 -DDEBUG -DUSE_HAL_DRIVER -DSTM32F401xC -c -I../Core/Inc -I../Drivers/STM32F4xx_HAL_Driver/Inc -I../Drivers/STM32F4xx_HAL_Driver/Inc/Legacy -I../Drivers/CMSIS/Device/ST/STM32F4xx/Include -I../Drivers/CMSIS/Include -O0 -ffunction-sections -fdata-sections -Wall -fstack-usage -fcyclomatic-complexity -MMD -MP -MF"Core/Src/vl53l1x_mitsu_app.d" -MT"Core/Src/vl53l1x_mitsu_app.o" --specs=nano.specs -mfpu=fpv4-sp-d16 -mfloat-abi=hard -mthumb -o "Core/Src/vl53l1x_mitsu_app.o"
../Core/Src/vl53l1x_mitsu_app.c:77:17: warning: 'Build_MC_Frame' defined but not used [-Wunused-function]
   77 | static uint16_t Build_MC_Frame(uint8_t *out_buf, const char* payload, uint8_t with_crlf) {
      |                 ^~~~~~~~~~~~~~
../Core/Src/vl53l1x_mitsu_app.c:53:17: warning: 'Filter_MovingAverage' defined but not used [-Wunused-function]
   53 | static uint16_t Filter_MovingAverage(uint16_t raw_mm) {
      |                 ^~~~~~~~~~~~~~~~~~~~
../Core/Src/vl53l1x_mitsu_app.c:48:19: warning: 'read_timeout_timer' defined but not used [-Wunused-variable]
   48 | static uint32_t   read_timeout_timer = 0;
      |                   ^~~~~~~~~~~~~~~~~~
../Core/Src/vl53l1x_mitsu_app.c:46:19: warning: 'comm_step' defined but not used [-Wunused-variable]
   46 | static CommStep_t comm_step = COMM_STEP_SEND_WRITE;
      |                   ^~~~~~~~~
../Core/Src/vl53l1x_mitsu_app.c:32:17: warning: 'rx_process_buf' defined but not used [-Wunused-variable]
   32 | static uint8_t  rx_process_buf[UART_RX_BUF_SIZE];
      |                 ^~~~~~~~~~~~~~
../Core/Src/vl53l1x_mitsu_app.c:31:17: warning: 'rx_dma_buf' defined but not used [-Wunused-variable]
   31 | static uint8_t  rx_dma_buf[UART_RX_BUF_SIZE];
      |                 ^~~~~~~~~~
arm-none-eabi-gcc -o "stm32_new.elf" @"objects.list"   -mcpu=cortex-m4 -T"D:\data-2026\lap_top\GHEP-MITSU_BACKUP\stm32_vl53l1x\stm32_new\STM32F401CCUX_FLASH.ld" --specs=nosys.specs -Wl,-Map="stm32_new.map" -Wl,--gc-sections -static --specs=nano.specs -mfpu=fpv4-sp-d16 -mfloat-abi=hard -mthumb -Wl,--start-group -lc -lm -Wl,--end-group
Finished building target: stm32_new.elf
 
arm-none-eabi-size  stm32_new.elf 
arm-none-eabi-objdump -h -S stm32_new.elf  > "stm32_new.list"
   text	   data	    bss	    dec	    hex	filename
  21504	     12	   2340	  23856	   5d30	stm32_new.elf
Finished building: default.size.stdout
 
Finished building: stm32_new.list
 
22:55:54 **** Incremental Build of configuration Debug for project stm32_new ****
make -j4 all 
arm-none-eabi-gcc "../Core/Src/vl53l1x_mitsu_app.c" -mcpu=cortex-m4 -std=gnu11 -g3 -DDEBUG -DUSE_HAL_DRIVER -DSTM32F401xC -c -I../Core/Inc -I../Drivers/STM32F4xx_HAL_Driver/Inc -I../Drivers/STM32F4xx_HAL_Driver/Inc/Legacy -I../Drivers/CMSIS/Device/ST/STM32F4xx/Include -I../Drivers/CMSIS/Include -O0 -ffunction-sections -fdata-sections -Wall -fstack-usage -fcyclomatic-complexity -MMD -MP -MF"Core/Src/vl53l1x_mitsu_app.d" -MT"Core/Src/vl53l1x_mitsu_app.o" --specs=nano.specs -mfpu=fpv4-sp-d16 -mfloat-abi=hard -mthumb -o "Core/Src/vl53l1x_mitsu_app.o"
../Core/Src/vl53l1x_mitsu_app.c:77:17: warning: 'Build_MC_Frame' defined but not used [-Wunused-function]
   77 | static uint16_t Build_MC_Frame(uint8_t *out_buf, const char* payload, uint8_t with_crlf) {
      |                 ^~~~~~~~~~~~~~
../Core/Src/vl53l1x_mitsu_app.c:53:17: warning: 'Filter_MovingAverage' defined but not used [-Wunused-function]
   53 | static uint16_t Filter_MovingAverage(uint16_t raw_mm) {
      |                 ^~~~~~~~~~~~~~~~~~~~
../Core/Src/vl53l1x_mitsu_app.c:48:19: warning: 'read_timeout_timer' defined but not used [-Wunused-variable]
   48 | static uint32_t   read_timeout_timer = 0;
      |                   ^~~~~~~~~~~~~~~~~~
../Core/Src/vl53l1x_mitsu_app.c:46:19: warning: 'comm_step' defined but not used [-Wunused-variable]
   46 | static CommStep_t comm_step = COMM_STEP_SEND_WRITE;
      |                   ^~~~~~~~~
../Core/Src/vl53l1x_mitsu_app.c:32:17: warning: 'rx_process_buf' defined but not used [-Wunused-variable]
   32 | static uint8_t  rx_process_buf[UART_RX_BUF_SIZE];
      |                 ^~~~~~~~~~~~~~
../Core/Src/vl53l1x_mitsu_app.c:31:17: warning: 'rx_dma_buf' defined but not used [-Wunused-variable]
   31 | static uint8_t  rx_dma_buf[UART_RX_BUF_SIZE];
      |                 ^~~~~~~~~~
arm-none-eabi-gcc -o "stm32_new.elf" @"objects.list"   -mcpu=cortex-m4 -T"D:\data-2026\lap_top\GHEP-MITSU_BACKUP\stm32_vl53l1x\stm32_new\STM32F401CCUX_FLASH.ld" --specs=nosys.specs -Wl,-Map="stm32_new.map" -Wl,--gc-sections -static --specs=nano.specs -mfpu=fpv4-sp-d16 -mfloat-abi=hard -mthumb -Wl,--start-group -lc -lm -Wl,--end-group
Finished building target: stm32_new.elf
 
arm-none-eabi-size  stm32_new.elf 
arm-none-eabi-objdump -h -S stm32_new.elf  > "stm32_new.list"
   text	   data	    bss	    dec	    hex	filename
  23972	     92	   2668	  26732	   686c	stm32_new.elf
Finished building: default.size.stdout
 
Finished building: stm32_new.list
 
22:57:10 **** Incremental Build of configuration Debug for project stm32_new ****
make -j4 all 
arm-none-eabi-gcc "../Core/Src/vl53l1x_mitsu_app.c" -mcpu=cortex-m4 -std=gnu11 -g3 -DDEBUG -DUSE_HAL_DRIVER -DSTM32F401xC -c -I../Core/Inc -I../Drivers/STM32F4xx_HAL_Driver/Inc -I../Drivers/STM32F4xx_HAL_Driver/Inc/Legacy -I../Drivers/CMSIS/Device/ST/STM32F4xx/Include -I../Drivers/CMSIS/Include -O0 -ffunction-sections -fdata-sections -Wall -fstack-usage -fcyclomatic-complexity -MMD -MP -MF"Core/Src/vl53l1x_mitsu_app.d" -MT"Core/Src/vl53l1x_mitsu_app.o" --specs=nano.specs -mfpu=fpv4-sp-d16 -mfloat-abi=hard -mthumb -o "Core/Src/vl53l1x_mitsu_app.o"
../Core/Src/vl53l1x_mitsu_app.c:77:17: warning: 'Build_MC_Frame' defined but not used [-Wunused-function]
   77 | static uint16_t Build_MC_Frame(uint8_t *out_buf, const char* payload, uint8_t with_crlf) {
      |                 ^~~~~~~~~~~~~~
../Core/Src/vl53l1x_mitsu_app.c:53:17: warning: 'Filter_MovingAverage' defined but not used [-Wunused-function]
   53 | static uint16_t Filter_MovingAverage(uint16_t raw_mm) {
      |                 ^~~~~~~~~~~~~~~~~~~~
../Core/Src/vl53l1x_mitsu_app.c:48:19: warning: 'read_timeout_timer' defined but not used [-Wunused-variable]
   48 | static uint32_t   read_timeout_timer = 0;
      |                   ^~~~~~~~~~~~~~~~~~
../Core/Src/vl53l1x_mitsu_app.c:46:19: warning: 'comm_step' defined but not used [-Wunused-variable]
   46 | static CommStep_t comm_step = COMM_STEP_SEND_WRITE;
      |                   ^~~~~~~~~
../Core/Src/vl53l1x_mitsu_app.c:32:17: warning: 'rx_process_buf' defined but not used [-Wunused-variable]
   32 | static uint8_t  rx_process_buf[UART_RX_BUF_SIZE];
      |                 ^~~~~~~~~~~~~~
../Core/Src/vl53l1x_mitsu_app.c:31:17: warning: 'rx_dma_buf' defined but not used [-Wunused-variable]
   31 | static uint8_t  rx_dma_buf[UART_RX_BUF_SIZE];
      |                 ^~~~~~~~~~
arm-none-eabi-gcc -o "stm32_new.elf" @"objects.list"   -mcpu=cortex-m4 -T"D:\data-2026\lap_top\GHEP-MITSU_BACKUP\stm32_vl53l1x\stm32_new\STM32F401CCUX_FLASH.ld" --specs=nosys.specs -Wl,-Map="stm32_new.map" -Wl,--gc-sections -static --specs=nano.specs -mfpu=fpv4-sp-d16 -mfloat-abi=hard -mthumb -Wl,--start-group -lc -lm -Wl,--end-group
Finished building target: stm32_new.elf
 
arm-none-eabi-size  stm32_new.elf 
arm-none-eabi-objdump -h -S stm32_new.elf  > "stm32_new.list"
   text	   data	    bss	    dec	    hex	filename
  23972	     92	   2668	  26732	   686c	stm32_new.elf
Finished building: default.size.stdout
 
Finished building: stm32_new.list
 
22:59:09 **** Incremental Build of configuration Debug for project stm32_new ****
make -j4 all 
arm-none-eabi-gcc "../Core/Src/vl53l1x_mitsu_app.c" -mcpu=cortex-m4 -std=gnu11 -g3 -DDEBUG -DUSE_HAL_DRIVER -DSTM32F401xC -c -I../Core/Inc -I../Drivers/STM32F4xx_HAL_Driver/Inc -I../Drivers/STM32F4xx_HAL_Driver/Inc/Legacy -I../Drivers/CMSIS/Device/ST/STM32F4xx/Include -I../Drivers/CMSIS/Include -O0 -ffunction-sections -fdata-sections -Wall -fstack-usage -fcyclomatic-complexity -MMD -MP -MF"Core/Src/vl53l1x_mitsu_app.d" -MT"Core/Src/vl53l1x_mitsu_app.o" --specs=nano.specs -mfpu=fpv4-sp-d16 -mfloat-abi=hard -mthumb -o "Core/Src/vl53l1x_mitsu_app.o"
../Core/Src/vl53l1x_mitsu_app.c:77:17: warning: 'Build_MC_Frame' defined but not used [-Wunused-function]
   77 | static uint16_t Build_MC_Frame(uint8_t *out_buf, const char* payload, uint8_t with_crlf) {
      |                 ^~~~~~~~~~~~~~
../Core/Src/vl53l1x_mitsu_app.c:53:17: warning: 'Filter_MovingAverage' defined but not used [-Wunused-function]
   53 | static uint16_t Filter_MovingAverage(uint16_t raw_mm) {
      |                 ^~~~~~~~~~~~~~~~~~~~
../Core/Src/vl53l1x_mitsu_app.c:48:19: warning: 'read_timeout_timer' defined but not used [-Wunused-variable]
   48 | static uint32_t   read_timeout_timer = 0;
      |                   ^~~~~~~~~~~~~~~~~~
../Core/Src/vl53l1x_mitsu_app.c:46:19: warning: 'comm_step' defined but not used [-Wunused-variable]
   46 | static CommStep_t comm_step = COMM_STEP_SEND_WRITE;
      |                   ^~~~~~~~~
../Core/Src/vl53l1x_mitsu_app.c:32:17: warning: 'rx_process_buf' defined but not used [-Wunused-variable]
   32 | static uint8_t  rx_process_buf[UART_RX_BUF_SIZE];
      |                 ^~~~~~~~~~~~~~
../Core/Src/vl53l1x_mitsu_app.c:31:17: warning: 'rx_dma_buf' defined but not used [-Wunused-variable]
   31 | static uint8_t  rx_dma_buf[UART_RX_BUF_SIZE];
      |                 ^~~~~~~~~~
arm-none-eabi-gcc -o "stm32_new.elf" @"objects.list"   -mcpu=cortex-m4 -T"D:\data-2026\lap_top\GHEP-MITSU_BACKUP\stm32_vl53l1x\stm32_new\STM32F401CCUX_FLASH.ld" --specs=nosys.specs -Wl,-Map="stm32_new.map" -Wl,--gc-sections -static --specs=nano.specs -mfpu=fpv4-sp-d16 -mfloat-abi=hard -mthumb -Wl,--start-group -lc -lm -Wl,--end-group
Finished building target: stm32_new.elf
 
arm-none-eabi-size  stm32_new.elf 
arm-none-eabi-objdump -h -S stm32_new.elf  > "stm32_new.list"
   text	   data	    bss	    dec	    hex	filename
  24036	     92	   2668	  26796	   68ac	stm32_new.elf
Finished building: default.size.stdout
 
Finished building: stm32_new.list
 
23:00:15 **** Incremental Build of configuration Debug for project stm32_new ****
make -j4 all 
arm-none-eabi-gcc "../Core/Src/vl53l1x_mitsu_app.c" -mcpu=cortex-m4 -std=gnu11 -g3 -DDEBUG -DUSE_HAL_DRIVER -DSTM32F401xC -c -I../Core/Inc -I../Drivers/STM32F4xx_HAL_Driver/Inc -I../Drivers/STM32F4xx_HAL_Driver/Inc/Legacy -I../Drivers/CMSIS/Device/ST/STM32F4xx/Include -I../Drivers/CMSIS/Include -O0 -ffunction-sections -fdata-sections -Wall -fstack-usage -fcyclomatic-complexity -MMD -MP -MF"Core/Src/vl53l1x_mitsu_app.d" -MT"Core/Src/vl53l1x_mitsu_app.o" --specs=nano.specs -mfpu=fpv4-sp-d16 -mfloat-abi=hard -mthumb -o "Core/Src/vl53l1x_mitsu_app.o"
../Core/Src/vl53l1x_mitsu_app.c:77:17: warning: 'Build_MC_Frame' defined but not used [-Wunused-function]
   77 | static uint16_t Build_MC_Frame(uint8_t *out_buf, const char* payload, uint8_t with_crlf) {
      |                 ^~~~~~~~~~~~~~
../Core/Src/vl53l1x_mitsu_app.c:53:17: warning: 'Filter_MovingAverage' defined but not used [-Wunused-function]
   53 | static uint16_t Filter_MovingAverage(uint16_t raw_mm) {
      |                 ^~~~~~~~~~~~~~~~~~~~
../Core/Src/vl53l1x_mitsu_app.c:48:19: warning: 'read_timeout_timer' defined but not used [-Wunused-variable]
   48 | static uint32_t   read_timeout_timer = 0;
      |                   ^~~~~~~~~~~~~~~~~~
../Core/Src/vl53l1x_mitsu_app.c:46:19: warning: 'comm_step' defined but not used [-Wunused-variable]
   46 | static CommStep_t comm_step = COMM_STEP_SEND_WRITE;
      |                   ^~~~~~~~~
../Core/Src/vl53l1x_mitsu_app.c:32:17: warning: 'rx_process_buf' defined but not used [-Wunused-variable]
   32 | static uint8_t  rx_process_buf[UART_RX_BUF_SIZE];
      |                 ^~~~~~~~~~~~~~
../Core/Src/vl53l1x_mitsu_app.c:31:17: warning: 'rx_dma_buf' defined but not used [-Wunused-variable]
   31 | static uint8_t  rx_dma_buf[UART_RX_BUF_SIZE];
      |                 ^~~~~~~~~~
arm-none-eabi-gcc -o "stm32_new.elf" @"objects.list"   -mcpu=cortex-m4 -T"D:\data-2026\lap_top\GHEP-MITSU_BACKUP\stm32_vl53l1x\stm32_new\STM32F401CCUX_FLASH.ld" --specs=nosys.specs -Wl,-Map="stm32_new.map" -Wl,--gc-sections -static --specs=nano.specs -mfpu=fpv4-sp-d16 -mfloat-abi=hard -mthumb -Wl,--start-group -lc -lm -Wl,--end-group
Finished building target: stm32_new.elf
 
arm-none-eabi-size  stm32_new.elf 
arm-none-eabi-objdump -h -S stm32_new.elf  > "stm32_new.list"
   text	   data	    bss	    dec	    hex	filename
  24036	     92	   2668	  26796	   68ac	stm32_new.elf
Finished building: default.size.stdout
 
Finished building: stm32_new.list
 
23:01:19 **** Incremental Build of configuration Debug for project stm32_new ****
make -j4 all 
arm-none-eabi-gcc "../Core/Src/vl53l1x_mitsu_app.c" -mcpu=cortex-m4 -std=gnu11 -g3 -DDEBUG -DUSE_HAL_DRIVER -DSTM32F401xC -c -I../Core/Inc -I../Drivers/STM32F4xx_HAL_Driver/Inc -I../Drivers/STM32F4xx_HAL_Driver/Inc/Legacy -I../Drivers/CMSIS/Device/ST/STM32F4xx/Include -I../Drivers/CMSIS/Include -O0 -ffunction-sections -fdata-sections -Wall -fstack-usage -fcyclomatic-complexity -MMD -MP -MF"Core/Src/vl53l1x_mitsu_app.d" -MT"Core/Src/vl53l1x_mitsu_app.o" --specs=nano.specs -mfpu=fpv4-sp-d16 -mfloat-abi=hard -mthumb -o "Core/Src/vl53l1x_mitsu_app.o"
../Core/Src/vl53l1x_mitsu_app.c:77:17: warning: 'Build_MC_Frame' defined but not used [-Wunused-function]
   77 | static uint16_t Build_MC_Frame(uint8_t *out_buf, const char* payload, uint8_t with_crlf) {
      |                 ^~~~~~~~~~~~~~
../Core/Src/vl53l1x_mitsu_app.c:53:17: warning: 'Filter_MovingAverage' defined but not used [-Wunused-function]
   53 | static uint16_t Filter_MovingAverage(uint16_t raw_mm) {
      |                 ^~~~~~~~~~~~~~~~~~~~
../Core/Src/vl53l1x_mitsu_app.c:48:19: warning: 'read_timeout_timer' defined but not used [-Wunused-variable]
   48 | static uint32_t   read_timeout_timer = 0;
      |                   ^~~~~~~~~~~~~~~~~~
../Core/Src/vl53l1x_mitsu_app.c:46:19: warning: 'comm_step' defined but not used [-Wunused-variable]
   46 | static CommStep_t comm_step = COMM_STEP_SEND_WRITE;
      |                   ^~~~~~~~~
../Core/Src/vl53l1x_mitsu_app.c:32:17: warning: 'rx_process_buf' defined but not used [-Wunused-variable]
   32 | static uint8_t  rx_process_buf[UART_RX_BUF_SIZE];
      |                 ^~~~~~~~~~~~~~
../Core/Src/vl53l1x_mitsu_app.c:31:17: warning: 'rx_dma_buf' defined but not used [-Wunused-variable]
   31 | static uint8_t  rx_dma_buf[UART_RX_BUF_SIZE];
      |                 ^~~~~~~~~~
arm-none-eabi-gcc -o "stm32_new.elf" @"objects.list"   -mcpu=cortex-m4 -T"D:\data-2026\lap_top\GHEP-MITSU_BACKUP\stm32_vl53l1x\stm32_new\STM32F401CCUX_FLASH.ld" --specs=nosys.specs -Wl,-Map="stm32_new.map" -Wl,--gc-sections -static --specs=nano.specs -mfpu=fpv4-sp-d16 -mfloat-abi=hard -mthumb -Wl,--start-group -lc -lm -Wl,--end-group
Finished building target: stm32_new.elf
 
arm-none-eabi-size  stm32_new.elf 
arm-none-eabi-objdump -h -S stm32_new.elf  > "stm32_new.list"
   text	   data	    bss	    dec	    hex	filename
  23996	     92	   2668	  26756	   6884	stm32_new.elf
Finished building: default.size.stdout
 
Finished building: stm32_new.list
 
23:04:19 **** Incremental Build of configuration Debug for project stm32_new ****
make -j4 all 
arm-none-eabi-gcc "../Core/Src/vl53l1x_mitsu_app.c" -mcpu=cortex-m4 -std=gnu11 -g3 -DDEBUG -DUSE_HAL_DRIVER -DSTM32F401xC -c -I../Core/Inc -I../Drivers/STM32F4xx_HAL_Driver/Inc -I../Drivers/STM32F4xx_HAL_Driver/Inc/Legacy -I../Drivers/CMSIS/Device/ST/STM32F4xx/Include -I../Drivers/CMSIS/Include -O0 -ffunction-sections -fdata-sections -Wall -fstack-usage -fcyclomatic-complexity -MMD -MP -MF"Core/Src/vl53l1x_mitsu_app.d" -MT"Core/Src/vl53l1x_mitsu_app.o" --specs=nano.specs -mfpu=fpv4-sp-d16 -mfloat-abi=hard -mthumb -o "Core/Src/vl53l1x_mitsu_app.o"
../Core/Src/vl53l1x_mitsu_app.c:77:17: warning: 'Build_MC_Frame' defined but not used [-Wunused-function]
   77 | static uint16_t Build_MC_Frame(uint8_t *out_buf, const char* payload, uint8_t with_crlf) {
      |                 ^~~~~~~~~~~~~~
../Core/Src/vl53l1x_mitsu_app.c:53:17: warning: 'Filter_MovingAverage' defined but not used [-Wunused-function]
   53 | static uint16_t Filter_MovingAverage(uint16_t raw_mm) {
      |                 ^~~~~~~~~~~~~~~~~~~~
../Core/Src/vl53l1x_mitsu_app.c:48:19: warning: 'read_timeout_timer' defined but not used [-Wunused-variable]
   48 | static uint32_t   read_timeout_timer = 0;
      |                   ^~~~~~~~~~~~~~~~~~
../Core/Src/vl53l1x_mitsu_app.c:46:19: warning: 'comm_step' defined but not used [-Wunused-variable]
   46 | static CommStep_t comm_step = COMM_STEP_SEND_WRITE;
      |                   ^~~~~~~~~
../Core/Src/vl53l1x_mitsu_app.c:32:17: warning: 'rx_process_buf' defined but not used [-Wunused-variable]
   32 | static uint8_t  rx_process_buf[UART_RX_BUF_SIZE];
      |                 ^~~~~~~~~~~~~~
../Core/Src/vl53l1x_mitsu_app.c:31:17: warning: 'rx_dma_buf' defined but not used [-Wunused-variable]
   31 | static uint8_t  rx_dma_buf[UART_RX_BUF_SIZE];
      |                 ^~~~~~~~~~
arm-none-eabi-gcc -o "stm32_new.elf" @"objects.list"   -mcpu=cortex-m4 -T"D:\data-2026\lap_top\GHEP-MITSU_BACKUP\stm32_vl53l1x\stm32_new\STM32F401CCUX_FLASH.ld" --specs=nosys.specs -Wl,-Map="stm32_new.map" -Wl,--gc-sections -static --specs=nano.specs -mfpu=fpv4-sp-d16 -mfloat-abi=hard -mthumb -Wl,--start-group -lc -lm -Wl,--end-group
Finished building target: stm32_new.elf
 
arm-none-eabi-size  stm32_new.elf 
arm-none-eabi-objdump -h -S stm32_new.elf  > "stm32_new.list"
   text	   data	    bss	    dec	    hex	filename
  21560	     12	   2340	  23912	   5d68	stm32_new.elf
Finished building: default.size.stdout
 
Finished building: stm32_new.list
 
23:06:04 **** Incremental Build of configuration Debug for project stm32_new ****
make -j4 all 
arm-none-eabi-gcc "../Core/Src/vl53l1x_mitsu_app.c" -mcpu=cortex-m4 -std=gnu11 -g3 -DDEBUG -DUSE_HAL_DRIVER -DSTM32F401xC -c -I../Core/Inc -I../Drivers/STM32F4xx_HAL_Driver/Inc -I../Drivers/STM32F4xx_HAL_Driver/Inc/Legacy -I../Drivers/CMSIS/Device/ST/STM32F4xx/Include -I../Drivers/CMSIS/Include -O0 -ffunction-sections -fdata-sections -Wall -fstack-usage -fcyclomatic-complexity -MMD -MP -MF"Core/Src/vl53l1x_mitsu_app.d" -MT"Core/Src/vl53l1x_mitsu_app.o" --specs=nano.specs -mfpu=fpv4-sp-d16 -mfloat-abi=hard -mthumb -o "Core/Src/vl53l1x_mitsu_app.o"
../Core/Src/vl53l1x_mitsu_app.c:77:17: warning: 'Build_MC_Frame' defined but not used [-Wunused-function]
   77 | static uint16_t Build_MC_Frame(uint8_t *out_buf, const char* payload, uint8_t with_crlf) {
      |                 ^~~~~~~~~~~~~~
../Core/Src/vl53l1x_mitsu_app.c:53:17: warning: 'Filter_MovingAverage' defined but not used [-Wunused-function]
   53 | static uint16_t Filter_MovingAverage(uint16_t raw_mm) {
      |                 ^~~~~~~~~~~~~~~~~~~~
../Core/Src/vl53l1x_mitsu_app.c:48:19: warning: 'read_timeout_timer' defined but not used [-Wunused-variable]
   48 | static uint32_t   read_timeout_timer = 0;
      |                   ^~~~~~~~~~~~~~~~~~
../Core/Src/vl53l1x_mitsu_app.c:46:19: warning: 'comm_step' defined but not used [-Wunused-variable]
   46 | static CommStep_t comm_step = COMM_STEP_SEND_WRITE;
      |                   ^~~~~~~~~
../Core/Src/vl53l1x_mitsu_app.c:32:17: warning: 'rx_process_buf' defined but not used [-Wunused-variable]
   32 | static uint8_t  rx_process_buf[UART_RX_BUF_SIZE];
      |                 ^~~~~~~~~~~~~~
../Core/Src/vl53l1x_mitsu_app.c:31:17: warning: 'rx_dma_buf' defined but not used [-Wunused-variable]
   31 | static uint8_t  rx_dma_buf[UART_RX_BUF_SIZE];
      |                 ^~~~~~~~~~
arm-none-eabi-gcc -o "stm32_new.elf" @"objects.list"   -mcpu=cortex-m4 -T"D:\data-2026\lap_top\GHEP-MITSU_BACKUP\stm32_vl53l1x\stm32_new\STM32F401CCUX_FLASH.ld" --specs=nosys.specs -Wl,-Map="stm32_new.map" -Wl,--gc-sections -static --specs=nano.specs -mfpu=fpv4-sp-d16 -mfloat-abi=hard -mthumb -Wl,--start-group -lc -lm -Wl,--end-group
Finished building target: stm32_new.elf
 
arm-none-eabi-size  stm32_new.elf 
arm-none-eabi-objdump -h -S stm32_new.elf  > "stm32_new.list"
   text	   data	    bss	    dec	    hex	filename
  23924	     92	   2668	  26684	   683c	stm32_new.elf
Finished building: default.size.stdout
 
Finished building: stm32_new.list
 
23:07:42 **** Incremental Build of configuration Debug for project stm32_new ****
make -j4 all 
arm-none-eabi-gcc "../Core/Src/vl53l1x_mitsu_app.c" -mcpu=cortex-m4 -std=gnu11 -g3 -DDEBUG -DUSE_HAL_DRIVER -DSTM32F401xC -c -I../Core/Inc -I../Drivers/STM32F4xx_HAL_Driver/Inc -I../Drivers/STM32F4xx_HAL_Driver/Inc/Legacy -I../Drivers/CMSIS/Device/ST/STM32F4xx/Include -I../Drivers/CMSIS/Include -O0 -ffunction-sections -fdata-sections -Wall -fstack-usage -fcyclomatic-complexity -MMD -MP -MF"Core/Src/vl53l1x_mitsu_app.d" -MT"Core/Src/vl53l1x_mitsu_app.o" --specs=nano.specs -mfpu=fpv4-sp-d16 -mfloat-abi=hard -mthumb -o "Core/Src/vl53l1x_mitsu_app.o"
../Core/Src/vl53l1x_mitsu_app.c:77:17: warning: 'Build_MC_Frame' defined but not used [-Wunused-function]
   77 | static uint16_t Build_MC_Frame(uint8_t *out_buf, const char* payload, uint8_t with_crlf) {
      |                 ^~~~~~~~~~~~~~
../Core/Src/vl53l1x_mitsu_app.c:53:17: warning: 'Filter_MovingAverage' defined but not used [-Wunused-function]
   53 | static uint16_t Filter_MovingAverage(uint16_t raw_mm) {
      |                 ^~~~~~~~~~~~~~~~~~~~
../Core/Src/vl53l1x_mitsu_app.c:48:19: warning: 'read_timeout_timer' defined but not used [-Wunused-variable]
   48 | static uint32_t   read_timeout_timer = 0;
      |                   ^~~~~~~~~~~~~~~~~~
../Core/Src/vl53l1x_mitsu_app.c:46:19: warning: 'comm_step' defined but not used [-Wunused-variable]
   46 | static CommStep_t comm_step = COMM_STEP_SEND_WRITE;
      |                   ^~~~~~~~~
../Core/Src/vl53l1x_mitsu_app.c:32:17: warning: 'rx_process_buf' defined but not used [-Wunused-variable]
   32 | static uint8_t  rx_process_buf[UART_RX_BUF_SIZE];
      |                 ^~~~~~~~~~~~~~
../Core/Src/vl53l1x_mitsu_app.c:31:17: warning: 'rx_dma_buf' defined but not used [-Wunused-variable]
   31 | static uint8_t  rx_dma_buf[UART_RX_BUF_SIZE];
      |                 ^~~~~~~~~~
arm-none-eabi-gcc -o "stm32_new.elf" @"objects.list"   -mcpu=cortex-m4 -T"D:\data-2026\lap_top\GHEP-MITSU_BACKUP\stm32_vl53l1x\stm32_new\STM32F401CCUX_FLASH.ld" --specs=nosys.specs -Wl,-Map="stm32_new.map" -Wl,--gc-sections -static --specs=nano.specs -mfpu=fpv4-sp-d16 -mfloat-abi=hard -mthumb -Wl,--start-group -lc -lm -Wl,--end-group
Finished building target: stm32_new.elf
 
arm-none-eabi-size  stm32_new.elf 
arm-none-eabi-objdump -h -S stm32_new.elf  > "stm32_new.list"
   text	   data	    bss	    dec	    hex	filename
  21436	     12	   2340	  23788	   5cec	stm32_new.elf
Finished building: default.size.stdout
 
Finished building: stm32_new.list
 
23:09:09 **** Incremental Build of configuration Debug for project stm32_new ****
make -j4 all 
arm-none-eabi-gcc "../Core/Src/vl53l1x_mitsu_app.c" -mcpu=cortex-m4 -std=gnu11 -g3 -DDEBUG -DUSE_HAL_DRIVER -DSTM32F401xC -c -I../Core/Inc -I../Drivers/STM32F4xx_HAL_Driver/Inc -I../Drivers/STM32F4xx_HAL_Driver/Inc/Legacy -I../Drivers/CMSIS/Device/ST/STM32F4xx/Include -I../Drivers/CMSIS/Include -O0 -ffunction-sections -fdata-sections -Wall -fstack-usage -fcyclomatic-complexity -MMD -MP -MF"Core/Src/vl53l1x_mitsu_app.d" -MT"Core/Src/vl53l1x_mitsu_app.o" --specs=nano.specs -mfpu=fpv4-sp-d16 -mfloat-abi=hard -mthumb -o "Core/Src/vl53l1x_mitsu_app.o"
../Core/Src/vl53l1x_mitsu_app.c:77:17: warning: 'Build_MC_Frame' defined but not used [-Wunused-function]
   77 | static uint16_t Build_MC_Frame(uint8_t *out_buf, const char* payload, uint8_t with_crlf) {
      |                 ^~~~~~~~~~~~~~
../Core/Src/vl53l1x_mitsu_app.c:53:17: warning: 'Filter_MovingAverage' defined but not used [-Wunused-function]
   53 | static uint16_t Filter_MovingAverage(uint16_t raw_mm) {
      |                 ^~~~~~~~~~~~~~~~~~~~
../Core/Src/vl53l1x_mitsu_app.c:48:19: warning: 'read_timeout_timer' defined but not used [-Wunused-variable]
   48 | static uint32_t   read_timeout_timer = 0;
      |                   ^~~~~~~~~~~~~~~~~~
../Core/Src/vl53l1x_mitsu_app.c:46:19: warning: 'comm_step' defined but not used [-Wunused-variable]
   46 | static CommStep_t comm_step = COMM_STEP_SEND_WRITE;
      |                   ^~~~~~~~~
../Core/Src/vl53l1x_mitsu_app.c:32:17: warning: 'rx_process_buf' defined but not used [-Wunused-variable]
   32 | static uint8_t  rx_process_buf[UART_RX_BUF_SIZE];
      |                 ^~~~~~~~~~~~~~
../Core/Src/vl53l1x_mitsu_app.c:31:17: warning: 'rx_dma_buf' defined but not used [-Wunused-variable]
   31 | static uint8_t  rx_dma_buf[UART_RX_BUF_SIZE];
      |                 ^~~~~~~~~~
arm-none-eabi-gcc -o "stm32_new.elf" @"objects.list"   -mcpu=cortex-m4 -T"D:\data-2026\lap_top\GHEP-MITSU_BACKUP\stm32_vl53l1x\stm32_new\STM32F401CCUX_FLASH.ld" --specs=nosys.specs -Wl,-Map="stm32_new.map" -Wl,--gc-sections -static --specs=nano.specs -mfpu=fpv4-sp-d16 -mfloat-abi=hard -mthumb -Wl,--start-group -lc -lm -Wl,--end-group
Finished building target: stm32_new.elf
 
arm-none-eabi-size  stm32_new.elf 
arm-none-eabi-objdump -h -S stm32_new.elf  > "stm32_new.list"
   text	   data	    bss	    dec	    hex	filename
  21436	     12	   2340	  23788	   5cec	stm32_new.elf
Finished building: default.size.stdout
 
Finished building: stm32_new.list
 
23:10:47 **** Incremental Build of configuration Debug for project stm32_new ****
make -j4 all 
arm-none-eabi-gcc "../Core/Src/vl53l1x_mitsu_app.c" -mcpu=cortex-m4 -std=gnu11 -g3 -DDEBUG -DUSE_HAL_DRIVER -DSTM32F401xC -c -I../Core/Inc -I../Drivers/STM32F4xx_HAL_Driver/Inc -I../Drivers/STM32F4xx_HAL_Driver/Inc/Legacy -I../Drivers/CMSIS/Device/ST/STM32F4xx/Include -I../Drivers/CMSIS/Include -O0 -ffunction-sections -fdata-sections -Wall -fstack-usage -fcyclomatic-complexity -MMD -MP -MF"Core/Src/vl53l1x_mitsu_app.d" -MT"Core/Src/vl53l1x_mitsu_app.o" --specs=nano.specs -mfpu=fpv4-sp-d16 -mfloat-abi=hard -mthumb -o "Core/Src/vl53l1x_mitsu_app.o"
../Core/Src/vl53l1x_mitsu_app.c:77:17: warning: 'Build_MC_Frame' defined but not used [-Wunused-function]
   77 | static uint16_t Build_MC_Frame(uint8_t *out_buf, const char* payload, uint8_t with_crlf) {
      |                 ^~~~~~~~~~~~~~
../Core/Src/vl53l1x_mitsu_app.c:53:17: warning: 'Filter_MovingAverage' defined but not used [-Wunused-function]
   53 | static uint16_t Filter_MovingAverage(uint16_t raw_mm) {
      |                 ^~~~~~~~~~~~~~~~~~~~
../Core/Src/vl53l1x_mitsu_app.c:48:19: warning: 'read_timeout_timer' defined but not used [-Wunused-variable]
   48 | static uint32_t   read_timeout_timer = 0;
      |                   ^~~~~~~~~~~~~~~~~~
../Core/Src/vl53l1x_mitsu_app.c:46:19: warning: 'comm_step' defined but not used [-Wunused-variable]
   46 | static CommStep_t comm_step = COMM_STEP_SEND_WRITE;
      |                   ^~~~~~~~~
../Core/Src/vl53l1x_mitsu_app.c:32:17: warning: 'rx_process_buf' defined but not used [-Wunused-variable]
   32 | static uint8_t  rx_process_buf[UART_RX_BUF_SIZE];
      |                 ^~~~~~~~~~~~~~
../Core/Src/vl53l1x_mitsu_app.c:31:17: warning: 'rx_dma_buf' defined but not used [-Wunused-variable]
   31 | static uint8_t  rx_dma_buf[UART_RX_BUF_SIZE];
      |                 ^~~~~~~~~~
arm-none-eabi-gcc -o "stm32_new.elf" @"objects.list"   -mcpu=cortex-m4 -T"D:\data-2026\lap_top\GHEP-MITSU_BACKUP\stm32_vl53l1x\stm32_new\STM32F401CCUX_FLASH.ld" --specs=nosys.specs -Wl,-Map="stm32_new.map" -Wl,--gc-sections -static --specs=nano.specs -mfpu=fpv4-sp-d16 -mfloat-abi=hard -mthumb -Wl,--start-group -lc -lm -Wl,--end-group
Finished building target: stm32_new.elf
 
arm-none-eabi-size  stm32_new.elf 
arm-none-eabi-objdump -h -S stm32_new.elf  > "stm32_new.list"
   text	   data	    bss	    dec	    hex	filename
  21300	     12	   2340	  23652	   5c64	stm32_new.elf
Finished building: default.size.stdout
 
Finished building: stm32_new.list
 
23:12:10 **** Incremental Build of configuration Debug for project stm32_new ****
make -j4 all 
arm-none-eabi-gcc "../Core/Src/vl53l1x_mitsu_app.c" -mcpu=cortex-m4 -std=gnu11 -g3 -DDEBUG -DUSE_HAL_DRIVER -DSTM32F401xC -c -I../Core/Inc -I../Drivers/STM32F4xx_HAL_Driver/Inc -I../Drivers/STM32F4xx_HAL_Driver/Inc/Legacy -I../Drivers/CMSIS/Device/ST/STM32F4xx/Include -I../Drivers/CMSIS/Include -O0 -ffunction-sections -fdata-sections -Wall -fstack-usage -fcyclomatic-complexity -MMD -MP -MF"Core/Src/vl53l1x_mitsu_app.d" -MT"Core/Src/vl53l1x_mitsu_app.o" --specs=nano.specs -mfpu=fpv4-sp-d16 -mfloat-abi=hard -mthumb -o "Core/Src/vl53l1x_mitsu_app.o"
../Core/Src/vl53l1x_mitsu_app.c:77:17: warning: 'Build_MC_Frame' defined but not used [-Wunused-function]
   77 | static uint16_t Build_MC_Frame(uint8_t *out_buf, const char* payload, uint8_t with_crlf) {
      |                 ^~~~~~~~~~~~~~
../Core/Src/vl53l1x_mitsu_app.c:53:17: warning: 'Filter_MovingAverage' defined but not used [-Wunused-function]
   53 | static uint16_t Filter_MovingAverage(uint16_t raw_mm) {
      |                 ^~~~~~~~~~~~~~~~~~~~
../Core/Src/vl53l1x_mitsu_app.c:48:19: warning: 'read_timeout_timer' defined but not used [-Wunused-variable]
   48 | static uint32_t   read_timeout_timer = 0;
      |                   ^~~~~~~~~~~~~~~~~~
../Core/Src/vl53l1x_mitsu_app.c:46:19: warning: 'comm_step' defined but not used [-Wunused-variable]
   46 | static CommStep_t comm_step = COMM_STEP_SEND_WRITE;
      |                   ^~~~~~~~~
../Core/Src/vl53l1x_mitsu_app.c:32:17: warning: 'rx_process_buf' defined but not used [-Wunused-variable]
   32 | static uint8_t  rx_process_buf[UART_RX_BUF_SIZE];
      |                 ^~~~~~~~~~~~~~
../Core/Src/vl53l1x_mitsu_app.c:31:17: warning: 'rx_dma_buf' defined but not used [-Wunused-variable]
   31 | static uint8_t  rx_dma_buf[UART_RX_BUF_SIZE];
      |                 ^~~~~~~~~~
arm-none-eabi-gcc -o "stm32_new.elf" @"objects.list"   -mcpu=cortex-m4 -T"D:\data-2026\lap_top\GHEP-MITSU_BACKUP\stm32_vl53l1x\stm32_new\STM32F401CCUX_FLASH.ld" --specs=nosys.specs -Wl,-Map="stm32_new.map" -Wl,--gc-sections -static --specs=nano.specs -mfpu=fpv4-sp-d16 -mfloat-abi=hard -mthumb -Wl,--start-group -lc -lm -Wl,--end-group
Finished building target: stm32_new.elf
 
arm-none-eabi-size  stm32_new.elf 
arm-none-eabi-objdump -h -S stm32_new.elf  > "stm32_new.list"
   text	   data	    bss	    dec	    hex	filename
  21504	     12	   2340	  23856	   5d30	stm32_new.elf
Finished building: default.size.stdout
 
Finished building: stm32_new.list
 
23:13:18 **** Incremental Build of configuration Debug for project stm32_new ****
make -j4 all 
arm-none-eabi-gcc "../Core/Src/vl53l1x_mitsu_app.c" -mcpu=cortex-m4 -std=gnu11 -g3 -DDEBUG -DUSE_HAL_DRIVER -DSTM32F401xC -c -I../Core/Inc -I../Drivers/STM32F4xx_HAL_Driver/Inc -I../Drivers/STM32F4xx_HAL_Driver/Inc/Legacy -I../Drivers/CMSIS/Device/ST/STM32F4xx/Include -I../Drivers/CMSIS/Include -O0 -ffunction-sections -fdata-sections -Wall -fstack-usage -fcyclomatic-complexity -MMD -MP -MF"Core/Src/vl53l1x_mitsu_app.d" -MT"Core/Src/vl53l1x_mitsu_app.o" --specs=nano.specs -mfpu=fpv4-sp-d16 -mfloat-abi=hard -mthumb -o "Core/Src/vl53l1x_mitsu_app.o"
../Core/Src/vl53l1x_mitsu_app.c:77:17: warning: 'Build_MC_Frame' defined but not used [-Wunused-function]
   77 | static uint16_t Build_MC_Frame(uint8_t *out_buf, const char* payload, uint8_t with_crlf) {
      |                 ^~~~~~~~~~~~~~
../Core/Src/vl53l1x_mitsu_app.c:53:17: warning: 'Filter_MovingAverage' defined but not used [-Wunused-function]
   53 | static uint16_t Filter_MovingAverage(uint16_t raw_mm) {
      |                 ^~~~~~~~~~~~~~~~~~~~
../Core/Src/vl53l1x_mitsu_app.c:48:19: warning: 'read_timeout_timer' defined but not used [-Wunused-variable]
   48 | static uint32_t   read_timeout_timer = 0;
      |                   ^~~~~~~~~~~~~~~~~~
../Core/Src/vl53l1x_mitsu_app.c:46:19: warning: 'comm_step' defined but not used [-Wunused-variable]
   46 | static CommStep_t comm_step = COMM_STEP_SEND_WRITE;
      |                   ^~~~~~~~~
../Core/Src/vl53l1x_mitsu_app.c:32:17: warning: 'rx_process_buf' defined but not used [-Wunused-variable]
   32 | static uint8_t  rx_process_buf[UART_RX_BUF_SIZE];
      |                 ^~~~~~~~~~~~~~
../Core/Src/vl53l1x_mitsu_app.c:31:17: warning: 'rx_dma_buf' defined but not used [-Wunused-variable]
   31 | static uint8_t  rx_dma_buf[UART_RX_BUF_SIZE];
      |                 ^~~~~~~~~~
arm-none-eabi-gcc -o "stm32_new.elf" @"objects.list"   -mcpu=cortex-m4 -T"D:\data-2026\lap_top\GHEP-MITSU_BACKUP\stm32_vl53l1x\stm32_new\STM32F401CCUX_FLASH.ld" --specs=nosys.specs -Wl,-Map="stm32_new.map" -Wl,--gc-sections -static --specs=nano.specs -mfpu=fpv4-sp-d16 -mfloat-abi=hard -mthumb -Wl,--start-group -lc -lm -Wl,--end-group
Finished building target: stm32_new.elf
 
arm-none-eabi-size  stm32_new.elf 
arm-none-eabi-objdump -h -S stm32_new.elf  > "stm32_new.list"
   text	   data	    bss	    dec	    hex	filename
  21396	     12	   2340	  23748	   5cc4	stm32_new.elf
Finished building: default.size.stdout
 
Finished building: stm32_new.list
 
23:18:26 **** Incremental Build of configuration Debug for project stm32_new ****
make -j4 all 
arm-none-eabi-gcc "../Core/Src/vl53l1x_mitsu_app.c" -mcpu=cortex-m4 -std=gnu11 -g3 -DDEBUG -DUSE_HAL_DRIVER -DSTM32F401xC -c -I../Core/Inc -I../Drivers/STM32F4xx_HAL_Driver/Inc -I../Drivers/STM32F4xx_HAL_Driver/Inc/Legacy -I../Drivers/CMSIS/Device/ST/STM32F4xx/Include -I../Drivers/CMSIS/Include -O0 -ffunction-sections -fdata-sections -Wall -fstack-usage -fcyclomatic-complexity -MMD -MP -MF"Core/Src/vl53l1x_mitsu_app.d" -MT"Core/Src/vl53l1x_mitsu_app.o" --specs=nano.specs -mfpu=fpv4-sp-d16 -mfloat-abi=hard -mthumb -o "Core/Src/vl53l1x_mitsu_app.o"
../Core/Src/vl53l1x_mitsu_app.c:77:17: warning: 'Build_MC_Frame' defined but not used [-Wunused-function]
   77 | static uint16_t Build_MC_Frame(uint8_t *out_buf, const char* payload, uint8_t with_crlf) {
      |                 ^~~~~~~~~~~~~~
../Core/Src/vl53l1x_mitsu_app.c:53:17: warning: 'Filter_MovingAverage' defined but not used [-Wunused-function]
   53 | static uint16_t Filter_MovingAverage(uint16_t raw_mm) {
      |                 ^~~~~~~~~~~~~~~~~~~~
../Core/Src/vl53l1x_mitsu_app.c:48:19: warning: 'read_timeout_timer' defined but not used [-Wunused-variable]
   48 | static uint32_t   read_timeout_timer = 0;
      |                   ^~~~~~~~~~~~~~~~~~
../Core/Src/vl53l1x_mitsu_app.c:46:19: warning: 'comm_step' defined but not used [-Wunused-variable]
   46 | static CommStep_t comm_step = COMM_STEP_SEND_WRITE;
      |                   ^~~~~~~~~
../Core/Src/vl53l1x_mitsu_app.c:32:17: warning: 'rx_process_buf' defined but not used [-Wunused-variable]
   32 | static uint8_t  rx_process_buf[UART_RX_BUF_SIZE];
      |                 ^~~~~~~~~~~~~~
../Core/Src/vl53l1x_mitsu_app.c:31:17: warning: 'rx_dma_buf' defined but not used [-Wunused-variable]
   31 | static uint8_t  rx_dma_buf[UART_RX_BUF_SIZE];
      |                 ^~~~~~~~~~
arm-none-eabi-gcc -o "stm32_new.elf" @"objects.list"   -mcpu=cortex-m4 -T"D:\data-2026\lap_top\GHEP-MITSU_BACKUP\stm32_vl53l1x\stm32_new\STM32F401CCUX_FLASH.ld" --specs=nosys.specs -Wl,-Map="stm32_new.map" -Wl,--gc-sections -static --specs=nano.specs -mfpu=fpv4-sp-d16 -mfloat-abi=hard -mthumb -Wl,--start-group -lc -lm -Wl,--end-group
Finished building target: stm32_new.elf
 
arm-none-eabi-size  stm32_new.elf 
arm-none-eabi-objdump -h -S stm32_new.elf  > "stm32_new.list"
   text	   data	    bss	    dec	    hex	filename
  21508	     12	   2340	  23860	   5d34	stm32_new.elf
Finished building: default.size.stdout
 
Finished building: stm32_new.list
 
12:45:03 **** Incremental Build of configuration Debug for project stm32_new ****
make -j4 all 
arm-none-eabi-gcc "../Middlewares/Third_Party/FreeRTOS/Source/portable/MemMang/heap_4.c" -mcpu=cortex-m4 -std=gnu11 -g3 -DDEBUG -DUSE_HAL_DRIVER -DSTM32F401xC -c -I../Core/Inc -I../Drivers/STM32F4xx_HAL_Driver/Inc -I../Drivers/STM32F4xx_HAL_Driver/Inc/Legacy -I../Drivers/CMSIS/Device/ST/STM32F4xx/Include -I../Drivers/CMSIS/Include -I../Middlewares/Third_Party/FreeRTOS/Source/include -I../Middlewares/Third_Party/FreeRTOS/Source/CMSIS_RTOS_V2 -I../Middlewares/Third_Party/FreeRTOS/Source/portable/GCC/ARM_CM4F -O0 -ffunction-sections -fdata-sections -Wall -fstack-usage -fcyclomatic-complexity -MMD -MP -MF"Middlewares/Third_Party/FreeRTOS/Source/portable/MemMang/heap_4.d" -MT"Middlewares/Third_Party/FreeRTOS/Source/portable/MemMang/heap_4.o" --specs=nano.specs -mfpu=fpv4-sp-d16 -mfloat-abi=hard -mthumb -o "Middlewares/Third_Party/FreeRTOS/Source/portable/MemMang/heap_4.o"
arm-none-eabi-gcc "../Middlewares/Third_Party/FreeRTOS/Source/portable/GCC/ARM_CM4F/port.c" -mcpu=cortex-m4 -std=gnu11 -g3 -DDEBUG -DUSE_HAL_DRIVER -DSTM32F401xC -c -I../Core/Inc -I../Drivers/STM32F4xx_HAL_Driver/Inc -I../Drivers/STM32F4xx_HAL_Driver/Inc/Legacy -I../Drivers/CMSIS/Device/ST/STM32F4xx/Include -I../Drivers/CMSIS/Include -I../Middlewares/Third_Party/FreeRTOS/Source/include -I../Middlewares/Third_Party/FreeRTOS/Source/CMSIS_RTOS_V2 -I../Middlewares/Third_Party/FreeRTOS/Source/portable/GCC/ARM_CM4F -O0 -ffunction-sections -fdata-sections -Wall -fstack-usage -fcyclomatic-complexity -MMD -MP -MF"Middlewares/Third_Party/FreeRTOS/Source/portable/GCC/ARM_CM4F/port.d" -MT"Middlewares/Third_Party/FreeRTOS/Source/portable/GCC/ARM_CM4F/port.o" --specs=nano.specs -mfpu=fpv4-sp-d16 -mfloat-abi=hard -mthumb -o "Middlewares/Third_Party/FreeRTOS/Source/portable/GCC/ARM_CM4F/port.o"
arm-none-eabi-gcc "../Middlewares/Third_Party/FreeRTOS/Source/CMSIS_RTOS_V2/cmsis_os2.c" -mcpu=cortex-m4 -std=gnu11 -g3 -DDEBUG -DUSE_HAL_DRIVER -DSTM32F401xC -c -I../Core/Inc -I../Drivers/STM32F4xx_HAL_Driver/Inc -I../Drivers/STM32F4xx_HAL_Driver/Inc/Legacy -I../Drivers/CMSIS/Device/ST/STM32F4xx/Include -I../Drivers/CMSIS/Include -I../Middlewares/Third_Party/FreeRTOS/Source/include -I../Middlewares/Third_Party/FreeRTOS/Source/CMSIS_RTOS_V2 -I../Middlewares/Third_Party/FreeRTOS/Source/portable/GCC/ARM_CM4F -O0 -ffunction-sections -fdata-sections -Wall -fstack-usage -fcyclomatic-complexity -MMD -MP -MF"Middlewares/Third_Party/FreeRTOS/Source/CMSIS_RTOS_V2/cmsis_os2.d" -MT"Middlewares/Third_Party/FreeRTOS/Source/CMSIS_RTOS_V2/cmsis_os2.o" --specs=nano.specs -mfpu=fpv4-sp-d16 -mfloat-abi=hard -mthumb -o "Middlewares/Third_Party/FreeRTOS/Source/CMSIS_RTOS_V2/cmsis_os2.o"
arm-none-eabi-gcc "../Middlewares/Third_Party/FreeRTOS/Source/croutine.c" -mcpu=cortex-m4 -std=gnu11 -g3 -DDEBUG -DUSE_HAL_DRIVER -DSTM32F401xC -c -I../Core/Inc -I../Drivers/STM32F4xx_HAL_Driver/Inc -I../Drivers/STM32F4xx_HAL_Driver/Inc/Legacy -I../Drivers/CMSIS/Device/ST/STM32F4xx/Include -I../Drivers/CMSIS/Include -I../Middlewares/Third_Party/FreeRTOS/Source/include -I../Middlewares/Third_Party/FreeRTOS/Source/CMSIS_RTOS_V2 -I../Middlewares/Third_Party/FreeRTOS/Source/portable/GCC/ARM_CM4F -O0 -ffunction-sections -fdata-sections -Wall -fstack-usage -fcyclomatic-complexity -MMD -MP -MF"Middlewares/Third_Party/FreeRTOS/Source/croutine.d" -MT"Middlewares/Third_Party/FreeRTOS/Source/croutine.o" --specs=nano.specs -mfpu=fpv4-sp-d16 -mfloat-abi=hard -mthumb -o "Middlewares/Third_Party/FreeRTOS/Source/croutine.o"
arm-none-eabi-gcc "../Middlewares/Third_Party/FreeRTOS/Source/event_groups.c" -mcpu=cortex-m4 -std=gnu11 -g3 -DDEBUG -DUSE_HAL_DRIVER -DSTM32F401xC -c -I../Core/Inc -I../Drivers/STM32F4xx_HAL_Driver/Inc -I../Drivers/STM32F4xx_HAL_Driver/Inc/Legacy -I../Drivers/CMSIS/Device/ST/STM32F4xx/Include -I../Drivers/CMSIS/Include -I../Middlewares/Third_Party/FreeRTOS/Source/include -I../Middlewares/Third_Party/FreeRTOS/Source/CMSIS_RTOS_V2 -I../Middlewares/Third_Party/FreeRTOS/Source/portable/GCC/ARM_CM4F -O0 -ffunction-sections -fdata-sections -Wall -fstack-usage -fcyclomatic-complexity -MMD -MP -MF"Middlewares/Third_Party/FreeRTOS/Source/event_groups.d" -MT"Middlewares/Third_Party/FreeRTOS/Source/event_groups.o" --specs=nano.specs -mfpu=fpv4-sp-d16 -mfloat-abi=hard -mthumb -o "Middlewares/Third_Party/FreeRTOS/Source/event_groups.o"
arm-none-eabi-gcc "../Middlewares/Third_Party/FreeRTOS/Source/list.c" -mcpu=cortex-m4 -std=gnu11 -g3 -DDEBUG -DUSE_HAL_DRIVER -DSTM32F401xC -c -I../Core/Inc -I../Drivers/STM32F4xx_HAL_Driver/Inc -I../Drivers/STM32F4xx_HAL_Driver/Inc/Legacy -I../Drivers/CMSIS/Device/ST/STM32F4xx/Include -I../Drivers/CMSIS/Include -I../Middlewares/Third_Party/FreeRTOS/Source/include -I../Middlewares/Third_Party/FreeRTOS/Source/CMSIS_RTOS_V2 -I../Middlewares/Third_Party/FreeRTOS/Source/portable/GCC/ARM_CM4F -O0 -ffunction-sections -fdata-sections -Wall -fstack-usage -fcyclomatic-complexity -MMD -MP -MF"Middlewares/Third_Party/FreeRTOS/Source/list.d" -MT"Middlewares/Third_Party/FreeRTOS/Source/list.o" --specs=nano.specs -mfpu=fpv4-sp-d16 -mfloat-abi=hard -mthumb -o "Middlewares/Third_Party/FreeRTOS/Source/list.o"
arm-none-eabi-gcc "../Middlewares/Third_Party/FreeRTOS/Source/queue.c" -mcpu=cortex-m4 -std=gnu11 -g3 -DDEBUG -DUSE_HAL_DRIVER -DSTM32F401xC -c -I../Core/Inc -I../Drivers/STM32F4xx_HAL_Driver/Inc -I../Drivers/STM32F4xx_HAL_Driver/Inc/Legacy -I../Drivers/CMSIS/Device/ST/STM32F4xx/Include -I../Drivers/CMSIS/Include -I../Middlewares/Third_Party/FreeRTOS/Source/include -I../Middlewares/Third_Party/FreeRTOS/Source/CMSIS_RTOS_V2 -I../Middlewares/Third_Party/FreeRTOS/Source/portable/GCC/ARM_CM4F -O0 -ffunction-sections -fdata-sections -Wall -fstack-usage -fcyclomatic-complexity -MMD -MP -MF"Middlewares/Third_Party/FreeRTOS/Source/queue.d" -MT"Middlewares/Third_Party/FreeRTOS/Source/queue.o" --specs=nano.specs -mfpu=fpv4-sp-d16 -mfloat-abi=hard -mthumb -o "Middlewares/Third_Party/FreeRTOS/Source/queue.o"
arm-none-eabi-gcc "../Middlewares/Third_Party/FreeRTOS/Source/stream_buffer.c" -mcpu=cortex-m4 -std=gnu11 -g3 -DDEBUG -DUSE_HAL_DRIVER -DSTM32F401xC -c -I../Core/Inc -I../Drivers/STM32F4xx_HAL_Driver/Inc -I../Drivers/STM32F4xx_HAL_Driver/Inc/Legacy -I../Drivers/CMSIS/Device/ST/STM32F4xx/Include -I../Drivers/CMSIS/Include -I../Middlewares/Third_Party/FreeRTOS/Source/include -I../Middlewares/Third_Party/FreeRTOS/Source/CMSIS_RTOS_V2 -I../Middlewares/Third_Party/FreeRTOS/Source/portable/GCC/ARM_CM4F -O0 -ffunction-sections -fdata-sections -Wall -fstack-usage -fcyclomatic-complexity -MMD -MP -MF"Middlewares/Third_Party/FreeRTOS/Source/stream_buffer.d" -MT"Middlewares/Third_Party/FreeRTOS/Source/stream_buffer.o" --specs=nano.specs -mfpu=fpv4-sp-d16 -mfloat-abi=hard -mthumb -o "Middlewares/Third_Party/FreeRTOS/Source/stream_buffer.o"
arm-none-eabi-gcc "../Middlewares/Third_Party/FreeRTOS/Source/tasks.c" -mcpu=cortex-m4 -std=gnu11 -g3 -DDEBUG -DUSE_HAL_DRIVER -DSTM32F401xC -c -I../Core/Inc -I../Drivers/STM32F4xx_HAL_Driver/Inc -I../Drivers/STM32F4xx_HAL_Driver/Inc/Legacy -I../Drivers/CMSIS/Device/ST/STM32F4xx/Include -I../Drivers/CMSIS/Include -I../Middlewares/Third_Party/FreeRTOS/Source/include -I../Middlewares/Third_Party/FreeRTOS/Source/CMSIS_RTOS_V2 -I../Middlewares/Third_Party/FreeRTOS/Source/portable/GCC/ARM_CM4F -O0 -ffunction-sections -fdata-sections -Wall -fstack-usage -fcyclomatic-complexity -MMD -MP -MF"Middlewares/Third_Party/FreeRTOS/Source/tasks.d" -MT"Middlewares/Third_Party/FreeRTOS/Source/tasks.o" --specs=nano.specs -mfpu=fpv4-sp-d16 -mfloat-abi=hard -mthumb -o "Middlewares/Third_Party/FreeRTOS/Source/tasks.o"
arm-none-eabi-gcc "../Middlewares/Third_Party/FreeRTOS/Source/timers.c" -mcpu=cortex-m4 -std=gnu11 -g3 -DDEBUG -DUSE_HAL_DRIVER -DSTM32F401xC -c -I../Core/Inc -I../Drivers/STM32F4xx_HAL_Driver/Inc -I../Drivers/STM32F4xx_HAL_Driver/Inc/Legacy -I../Drivers/CMSIS/Device/ST/STM32F4xx/Include -I../Drivers/CMSIS/Include -I../Middlewares/Third_Party/FreeRTOS/Source/include -I../Middlewares/Third_Party/FreeRTOS/Source/CMSIS_RTOS_V2 -I../Middlewares/Third_Party/FreeRTOS/Source/portable/GCC/ARM_CM4F -O0 -ffunction-sections -fdata-sections -Wall -fstack-usage -fcyclomatic-complexity -MMD -MP -MF"Middlewares/Third_Party/FreeRTOS/Source/timers.d" -MT"Middlewares/Third_Party/FreeRTOS/Source/timers.o" --specs=nano.specs -mfpu=fpv4-sp-d16 -mfloat-abi=hard -mthumb -o "Middlewares/Third_Party/FreeRTOS/Source/timers.o"
arm-none-eabi-gcc "../Drivers/STM32F4xx_HAL_Driver/Src/stm32f4xx_hal.c" -mcpu=cortex-m4 -std=gnu11 -g3 -DDEBUG -DUSE_HAL_DRIVER -DSTM32F401xC -c -I../Core/Inc -I../Drivers/STM32F4xx_HAL_Driver/Inc -I../Drivers/STM32F4xx_HAL_Driver/Inc/Legacy -I../Drivers/CMSIS/Device/ST/STM32F4xx/Include -I../Drivers/CMSIS/Include -I../Middlewares/Third_Party/FreeRTOS/Source/include -I../Middlewares/Third_Party/FreeRTOS/Source/CMSIS_RTOS_V2 -I../Middlewares/Third_Party/FreeRTOS/Source/portable/GCC/ARM_CM4F -O0 -ffunction-sections -fdata-sections -Wall -fstack-usage -fcyclomatic-complexity -MMD -MP -MF"Drivers/STM32F4xx_HAL_Driver/Src/stm32f4xx_hal.d" -MT"Drivers/STM32F4xx_HAL_Driver/Src/stm32f4xx_hal.o" --specs=nano.specs -mfpu=fpv4-sp-d16 -mfloat-abi=hard -mthumb -o "Drivers/STM32F4xx_HAL_Driver/Src/stm32f4xx_hal.o"
arm-none-eabi-gcc "../Drivers/STM32F4xx_HAL_Driver/Src/stm32f4xx_hal_cortex.c" -mcpu=cortex-m4 -std=gnu11 -g3 -DDEBUG -DUSE_HAL_DRIVER -DSTM32F401xC -c -I../Core/Inc -I../Drivers/STM32F4xx_HAL_Driver/Inc -I../Drivers/STM32F4xx_HAL_Driver/Inc/Legacy -I../Drivers/CMSIS/Device/ST/STM32F4xx/Include -I../Drivers/CMSIS/Include -I../Middlewares/Third_Party/FreeRTOS/Source/include -I../Middlewares/Third_Party/FreeRTOS/Source/CMSIS_RTOS_V2 -I../Middlewares/Third_Party/FreeRTOS/Source/portable/GCC/ARM_CM4F -O0 -ffunction-sections -fdata-sections -Wall -fstack-usage -fcyclomatic-complexity -MMD -MP -MF"Drivers/STM32F4xx_HAL_Driver/Src/stm32f4xx_hal_cortex.d" -MT"Drivers/STM32F4xx_HAL_Driver/Src/stm32f4xx_hal_cortex.o" --specs=nano.specs -mfpu=fpv4-sp-d16 -mfloat-abi=hard -mthumb -o "Drivers/STM32F4xx_HAL_Driver/Src/stm32f4xx_hal_cortex.o"
arm-none-eabi-gcc "../Drivers/STM32F4xx_HAL_Driver/Src/stm32f4xx_hal_dma.c" -mcpu=cortex-m4 -std=gnu11 -g3 -DDEBUG -DUSE_HAL_DRIVER -DSTM32F401xC -c -I../Core/Inc -I../Drivers/STM32F4xx_HAL_Driver/Inc -I../Drivers/STM32F4xx_HAL_Driver/Inc/Legacy -I../Drivers/CMSIS/Device/ST/STM32F4xx/Include -I../Drivers/CMSIS/Include -I../Middlewares/Third_Party/FreeRTOS/Source/include -I../Middlewares/Third_Party/FreeRTOS/Source/CMSIS_RTOS_V2 -I../Middlewares/Third_Party/FreeRTOS/Source/portable/GCC/ARM_CM4F -O0 -ffunction-sections -fdata-sections -Wall -fstack-usage -fcyclomatic-complexity -MMD -MP -MF"Drivers/STM32F4xx_HAL_Driver/Src/stm32f4xx_hal_dma.d" -MT"Drivers/STM32F4xx_HAL_Driver/Src/stm32f4xx_hal_dma.o" --specs=nano.specs -mfpu=fpv4-sp-d16 -mfloat-abi=hard -mthumb -o "Drivers/STM32F4xx_HAL_Driver/Src/stm32f4xx_hal_dma.o"
arm-none-eabi-gcc "../Drivers/STM32F4xx_HAL_Driver/Src/stm32f4xx_hal_dma_ex.c" -mcpu=cortex-m4 -std=gnu11 -g3 -DDEBUG -DUSE_HAL_DRIVER -DSTM32F401xC -c -I../Core/Inc -I../Drivers/STM32F4xx_HAL_Driver/Inc -I../Drivers/STM32F4xx_HAL_Driver/Inc/Legacy -I../Drivers/CMSIS/Device/ST/STM32F4xx/Include -I../Drivers/CMSIS/Include -I../Middlewares/Third_Party/FreeRTOS/Source/include -I../Middlewares/Third_Party/FreeRTOS/Source/CMSIS_RTOS_V2 -I../Middlewares/Third_Party/FreeRTOS/Source/portable/GCC/ARM_CM4F -O0 -ffunction-sections -fdata-sections -Wall -fstack-usage -fcyclomatic-complexity -MMD -MP -MF"Drivers/STM32F4xx_HAL_Driver/Src/stm32f4xx_hal_dma_ex.d" -MT"Drivers/STM32F4xx_HAL_Driver/Src/stm32f4xx_hal_dma_ex.o" --specs=nano.specs -mfpu=fpv4-sp-d16 -mfloat-abi=hard -mthumb -o "Drivers/STM32F4xx_HAL_Driver/Src/stm32f4xx_hal_dma_ex.o"
arm-none-eabi-gcc "../Drivers/STM32F4xx_HAL_Driver/Src/stm32f4xx_hal_exti.c" -mcpu=cortex-m4 -std=gnu11 -g3 -DDEBUG -DUSE_HAL_DRIVER -DSTM32F401xC -c -I../Core/Inc -I../Drivers/STM32F4xx_HAL_Driver/Inc -I../Drivers/STM32F4xx_HAL_Driver/Inc/Legacy -I../Drivers/CMSIS/Device/ST/STM32F4xx/Include -I../Drivers/CMSIS/Include -I../Middlewares/Third_Party/FreeRTOS/Source/include -I../Middlewares/Third_Party/FreeRTOS/Source/CMSIS_RTOS_V2 -I../Middlewares/Third_Party/FreeRTOS/Source/portable/GCC/ARM_CM4F -O0 -ffunction-sections -fdata-sections -Wall -fstack-usage -fcyclomatic-complexity -MMD -MP -MF"Drivers/STM32F4xx_HAL_Driver/Src/stm32f4xx_hal_exti.d" -MT"Drivers/STM32F4xx_HAL_Driver/Src/stm32f4xx_hal_exti.o" --specs=nano.specs -mfpu=fpv4-sp-d16 -mfloat-abi=hard -mthumb -o "Drivers/STM32F4xx_HAL_Driver/Src/stm32f4xx_hal_exti.o"
arm-none-eabi-gcc "../Drivers/STM32F4xx_HAL_Driver/Src/stm32f4xx_hal_flash.c" -mcpu=cortex-m4 -std=gnu11 -g3 -DDEBUG -DUSE_HAL_DRIVER -DSTM32F401xC -c -I../Core/Inc -I../Drivers/STM32F4xx_HAL_Driver/Inc -I../Drivers/STM32F4xx_HAL_Driver/Inc/Legacy -I../Drivers/CMSIS/Device/ST/STM32F4xx/Include -I../Drivers/CMSIS/Include -I../Middlewares/Third_Party/FreeRTOS/Source/include -I../Middlewares/Third_Party/FreeRTOS/Source/CMSIS_RTOS_V2 -I../Middlewares/Third_Party/FreeRTOS/Source/portable/GCC/ARM_CM4F -O0 -ffunction-sections -fdata-sections -Wall -fstack-usage -fcyclomatic-complexity -MMD -MP -MF"Drivers/STM32F4xx_HAL_Driver/Src/stm32f4xx_hal_flash.d" -MT"Drivers/STM32F4xx_HAL_Driver/Src/stm32f4xx_hal_flash.o" --specs=nano.specs -mfpu=fpv4-sp-d16 -mfloat-abi=hard -mthumb -o "Drivers/STM32F4xx_HAL_Driver/Src/stm32f4xx_hal_flash.o"
arm-none-eabi-gcc "../Drivers/STM32F4xx_HAL_Driver/Src/stm32f4xx_hal_flash_ex.c" -mcpu=cortex-m4 -std=gnu11 -g3 -DDEBUG -DUSE_HAL_DRIVER -DSTM32F401xC -c -I../Core/Inc -I../Drivers/STM32F4xx_HAL_Driver/Inc -I../Drivers/STM32F4xx_HAL_Driver/Inc/Legacy -I../Drivers/CMSIS/Device/ST/STM32F4xx/Include -I../Drivers/CMSIS/Include -I../Middlewares/Third_Party/FreeRTOS/Source/include -I../Middlewares/Third_Party/FreeRTOS/Source/CMSIS_RTOS_V2 -I../Middlewares/Third_Party/FreeRTOS/Source/portable/GCC/ARM_CM4F -O0 -ffunction-sections -fdata-sections -Wall -fstack-usage -fcyclomatic-complexity -MMD -MP -MF"Drivers/STM32F4xx_HAL_Driver/Src/stm32f4xx_hal_flash_ex.d" -MT"Drivers/STM32F4xx_HAL_Driver/Src/stm32f4xx_hal_flash_ex.o" --specs=nano.specs -mfpu=fpv4-sp-d16 -mfloat-abi=hard -mthumb -o "Drivers/STM32F4xx_HAL_Driver/Src/stm32f4xx_hal_flash_ex.o"
arm-none-eabi-gcc "../Drivers/STM32F4xx_HAL_Driver/Src/stm32f4xx_hal_flash_ramfunc.c" -mcpu=cortex-m4 -std=gnu11 -g3 -DDEBUG -DUSE_HAL_DRIVER -DSTM32F401xC -c -I../Core/Inc -I../Drivers/STM32F4xx_HAL_Driver/Inc -I../Drivers/STM32F4xx_HAL_Driver/Inc/Legacy -I../Drivers/CMSIS/Device/ST/STM32F4xx/Include -I../Drivers/CMSIS/Include -I../Middlewares/Third_Party/FreeRTOS/Source/include -I../Middlewares/Third_Party/FreeRTOS/Source/CMSIS_RTOS_V2 -I../Middlewares/Third_Party/FreeRTOS/Source/portable/GCC/ARM_CM4F -O0 -ffunction-sections -fdata-sections -Wall -fstack-usage -fcyclomatic-complexity -MMD -MP -MF"Drivers/STM32F4xx_HAL_Driver/Src/stm32f4xx_hal_flash_ramfunc.d" -MT"Drivers/STM32F4xx_HAL_Driver/Src/stm32f4xx_hal_flash_ramfunc.o" --specs=nano.specs -mfpu=fpv4-sp-d16 -mfloat-abi=hard -mthumb -o "Drivers/STM32F4xx_HAL_Driver/Src/stm32f4xx_hal_flash_ramfunc.o"
arm-none-eabi-gcc "../Drivers/STM32F4xx_HAL_Driver/Src/stm32f4xx_hal_gpio.c" -mcpu=cortex-m4 -std=gnu11 -g3 -DDEBUG -DUSE_HAL_DRIVER -DSTM32F401xC -c -I../Core/Inc -I../Drivers/STM32F4xx_HAL_Driver/Inc -I../Drivers/STM32F4xx_HAL_Driver/Inc/Legacy -I../Drivers/CMSIS/Device/ST/STM32F4xx/Include -I../Drivers/CMSIS/Include -I../Middlewares/Third_Party/FreeRTOS/Source/include -I../Middlewares/Third_Party/FreeRTOS/Source/CMSIS_RTOS_V2 -I../Middlewares/Third_Party/FreeRTOS/Source/portable/GCC/ARM_CM4F -O0 -ffunction-sections -fdata-sections -Wall -fstack-usage -fcyclomatic-complexity -MMD -MP -MF"Drivers/STM32F4xx_HAL_Driver/Src/stm32f4xx_hal_gpio.d" -MT"Drivers/STM32F4xx_HAL_Driver/Src/stm32f4xx_hal_gpio.o" --specs=nano.specs -mfpu=fpv4-sp-d16 -mfloat-abi=hard -mthumb -o "Drivers/STM32F4xx_HAL_Driver/Src/stm32f4xx_hal_gpio.o"
arm-none-eabi-gcc "../Drivers/STM32F4xx_HAL_Driver/Src/stm32f4xx_hal_i2c.c" -mcpu=cortex-m4 -std=gnu11 -g3 -DDEBUG -DUSE_HAL_DRIVER -DSTM32F401xC -c -I../Core/Inc -I../Drivers/STM32F4xx_HAL_Driver/Inc -I../Drivers/STM32F4xx_HAL_Driver/Inc/Legacy -I../Drivers/CMSIS/Device/ST/STM32F4xx/Include -I../Drivers/CMSIS/Include -I../Middlewares/Third_Party/FreeRTOS/Source/include -I../Middlewares/Third_Party/FreeRTOS/Source/CMSIS_RTOS_V2 -I../Middlewares/Third_Party/FreeRTOS/Source/portable/GCC/ARM_CM4F -O0 -ffunction-sections -fdata-sections -Wall -fstack-usage -fcyclomatic-complexity -MMD -MP -MF"Drivers/STM32F4xx_HAL_Driver/Src/stm32f4xx_hal_i2c.d" -MT"Drivers/STM32F4xx_HAL_Driver/Src/stm32f4xx_hal_i2c.o" --specs=nano.specs -mfpu=fpv4-sp-d16 -mfloat-abi=hard -mthumb -o "Drivers/STM32F4xx_HAL_Driver/Src/stm32f4xx_hal_i2c.o"
arm-none-eabi-gcc "../Drivers/STM32F4xx_HAL_Driver/Src/stm32f4xx_hal_i2c_ex.c" -mcpu=cortex-m4 -std=gnu11 -g3 -DDEBUG -DUSE_HAL_DRIVER -DSTM32F401xC -c -I../Core/Inc -I../Drivers/STM32F4xx_HAL_Driver/Inc -I../Drivers/STM32F4xx_HAL_Driver/Inc/Legacy -I../Drivers/CMSIS/Device/ST/STM32F4xx/Include -I../Drivers/CMSIS/Include -I../Middlewares/Third_Party/FreeRTOS/Source/include -I../Middlewares/Third_Party/FreeRTOS/Source/CMSIS_RTOS_V2 -I../Middlewares/Third_Party/FreeRTOS/Source/portable/GCC/ARM_CM4F -O0 -ffunction-sections -fdata-sections -Wall -fstack-usage -fcyclomatic-complexity -MMD -MP -MF"Drivers/STM32F4xx_HAL_Driver/Src/stm32f4xx_hal_i2c_ex.d" -MT"Drivers/STM32F4xx_HAL_Driver/Src/stm32f4xx_hal_i2c_ex.o" --specs=nano.specs -mfpu=fpv4-sp-d16 -mfloat-abi=hard -mthumb -o "Drivers/STM32F4xx_HAL_Driver/Src/stm32f4xx_hal_i2c_ex.o"
arm-none-eabi-gcc "../Drivers/STM32F4xx_HAL_Driver/Src/stm32f4xx_hal_pwr.c" -mcpu=cortex-m4 -std=gnu11 -g3 -DDEBUG -DUSE_HAL_DRIVER -DSTM32F401xC -c -I../Core/Inc -I../Drivers/STM32F4xx_HAL_Driver/Inc -I../Drivers/STM32F4xx_HAL_Driver/Inc/Legacy -I../Drivers/CMSIS/Device/ST/STM32F4xx/Include -I../Drivers/CMSIS/Include -I../Middlewares/Third_Party/FreeRTOS/Source/include -I../Middlewares/Third_Party/FreeRTOS/Source/CMSIS_RTOS_V2 -I../Middlewares/Third_Party/FreeRTOS/Source/portable/GCC/ARM_CM4F -O0 -ffunction-sections -fdata-sections -Wall -fstack-usage -fcyclomatic-complexity -MMD -MP -MF"Drivers/STM32F4xx_HAL_Driver/Src/stm32f4xx_hal_pwr.d" -MT"Drivers/STM32F4xx_HAL_Driver/Src/stm32f4xx_hal_pwr.o" --specs=nano.specs -mfpu=fpv4-sp-d16 -mfloat-abi=hard -mthumb -o "Drivers/STM32F4xx_HAL_Driver/Src/stm32f4xx_hal_pwr.o"
arm-none-eabi-gcc "../Drivers/STM32F4xx_HAL_Driver/Src/stm32f4xx_hal_pwr_ex.c" -mcpu=cortex-m4 -std=gnu11 -g3 -DDEBUG -DUSE_HAL_DRIVER -DSTM32F401xC -c -I../Core/Inc -I../Drivers/STM32F4xx_HAL_Driver/Inc -I../Drivers/STM32F4xx_HAL_Driver/Inc/Legacy -I../Drivers/CMSIS/Device/ST/STM32F4xx/Include -I../Drivers/CMSIS/Include -I../Middlewares/Third_Party/FreeRTOS/Source/include -I../Middlewares/Third_Party/FreeRTOS/Source/CMSIS_RTOS_V2 -I../Middlewares/Third_Party/FreeRTOS/Source/portable/GCC/ARM_CM4F -O0 -ffunction-sections -fdata-sections -Wall -fstack-usage -fcyclomatic-complexity -MMD -MP -MF"Drivers/STM32F4xx_HAL_Driver/Src/stm32f4xx_hal_pwr_ex.d" -MT"Drivers/STM32F4xx_HAL_Driver/Src/stm32f4xx_hal_pwr_ex.o" --specs=nano.specs -mfpu=fpv4-sp-d16 -mfloat-abi=hard -mthumb -o "Drivers/STM32F4xx_HAL_Driver/Src/stm32f4xx_hal_pwr_ex.o"
arm-none-eabi-gcc "../Drivers/STM32F4xx_HAL_Driver/Src/stm32f4xx_hal_rcc.c" -mcpu=cortex-m4 -std=gnu11 -g3 -DDEBUG -DUSE_HAL_DRIVER -DSTM32F401xC -c -I../Core/Inc -I../Drivers/STM32F4xx_HAL_Driver/Inc -I../Drivers/STM32F4xx_HAL_Driver/Inc/Legacy -I../Drivers/CMSIS/Device/ST/STM32F4xx/Include -I../Drivers/CMSIS/Include -I../Middlewares/Third_Party/FreeRTOS/Source/include -I../Middlewares/Third_Party/FreeRTOS/Source/CMSIS_RTOS_V2 -I../Middlewares/Third_Party/FreeRTOS/Source/portable/GCC/ARM_CM4F -O0 -ffunction-sections -fdata-sections -Wall -fstack-usage -fcyclomatic-complexity -MMD -MP -MF"Drivers/STM32F4xx_HAL_Driver/Src/stm32f4xx_hal_rcc.d" -MT"Drivers/STM32F4xx_HAL_Driver/Src/stm32f4xx_hal_rcc.o" --specs=nano.specs -mfpu=fpv4-sp-d16 -mfloat-abi=hard -mthumb -o "Drivers/STM32F4xx_HAL_Driver/Src/stm32f4xx_hal_rcc.o"
arm-none-eabi-gcc "../Drivers/STM32F4xx_HAL_Driver/Src/stm32f4xx_hal_rcc_ex.c" -mcpu=cortex-m4 -std=gnu11 -g3 -DDEBUG -DUSE_HAL_DRIVER -DSTM32F401xC -c -I../Core/Inc -I../Drivers/STM32F4xx_HAL_Driver/Inc -I../Drivers/STM32F4xx_HAL_Driver/Inc/Legacy -I../Drivers/CMSIS/Device/ST/STM32F4xx/Include -I../Drivers/CMSIS/Include -I../Middlewares/Third_Party/FreeRTOS/Source/include -I../Middlewares/Third_Party/FreeRTOS/Source/CMSIS_RTOS_V2 -I../Middlewares/Third_Party/FreeRTOS/Source/portable/GCC/ARM_CM4F -O0 -ffunction-sections -fdata-sections -Wall -fstack-usage -fcyclomatic-complexity -MMD -MP -MF"Drivers/STM32F4xx_HAL_Driver/Src/stm32f4xx_hal_rcc_ex.d" -MT"Drivers/STM32F4xx_HAL_Driver/Src/stm32f4xx_hal_rcc_ex.o" --specs=nano.specs -mfpu=fpv4-sp-d16 -mfloat-abi=hard -mthumb -o "Drivers/STM32F4xx_HAL_Driver/Src/stm32f4xx_hal_rcc_ex.o"
arm-none-eabi-gcc "../Drivers/STM32F4xx_HAL_Driver/Src/stm32f4xx_hal_tim.c" -mcpu=cortex-m4 -std=gnu11 -g3 -DDEBUG -DUSE_HAL_DRIVER -DSTM32F401xC -c -I../Core/Inc -I../Drivers/STM32F4xx_HAL_Driver/Inc -I../Drivers/STM32F4xx_HAL_Driver/Inc/Legacy -I../Drivers/CMSIS/Device/ST/STM32F4xx/Include -I../Drivers/CMSIS/Include -I../Middlewares/Third_Party/FreeRTOS/Source/include -I../Middlewares/Third_Party/FreeRTOS/Source/CMSIS_RTOS_V2 -I../Middlewares/Third_Party/FreeRTOS/Source/portable/GCC/ARM_CM4F -O0 -ffunction-sections -fdata-sections -Wall -fstack-usage -fcyclomatic-complexity -MMD -MP -MF"Drivers/STM32F4xx_HAL_Driver/Src/stm32f4xx_hal_tim.d" -MT"Drivers/STM32F4xx_HAL_Driver/Src/stm32f4xx_hal_tim.o" --specs=nano.specs -mfpu=fpv4-sp-d16 -mfloat-abi=hard -mthumb -o "Drivers/STM32F4xx_HAL_Driver/Src/stm32f4xx_hal_tim.o"
arm-none-eabi-gcc "../Drivers/STM32F4xx_HAL_Driver/Src/stm32f4xx_hal_tim_ex.c" -mcpu=cortex-m4 -std=gnu11 -g3 -DDEBUG -DUSE_HAL_DRIVER -DSTM32F401xC -c -I../Core/Inc -I../Drivers/STM32F4xx_HAL_Driver/Inc -I../Drivers/STM32F4xx_HAL_Driver/Inc/Legacy -I../Drivers/CMSIS/Device/ST/STM32F4xx/Include -I../Drivers/CMSIS/Include -I../Middlewares/Third_Party/FreeRTOS/Source/include -I../Middlewares/Third_Party/FreeRTOS/Source/CMSIS_RTOS_V2 -I../Middlewares/Third_Party/FreeRTOS/Source/portable/GCC/ARM_CM4F -O0 -ffunction-sections -fdata-sections -Wall -fstack-usage -fcyclomatic-complexity -MMD -MP -MF"Drivers/STM32F4xx_HAL_Driver/Src/stm32f4xx_hal_tim_ex.d" -MT"Drivers/STM32F4xx_HAL_Driver/Src/stm32f4xx_hal_tim_ex.o" --specs=nano.specs -mfpu=fpv4-sp-d16 -mfloat-abi=hard -mthumb -o "Drivers/STM32F4xx_HAL_Driver/Src/stm32f4xx_hal_tim_ex.o"
arm-none-eabi-gcc "../Drivers/STM32F4xx_HAL_Driver/Src/stm32f4xx_hal_uart.c" -mcpu=cortex-m4 -std=gnu11 -g3 -DDEBUG -DUSE_HAL_DRIVER -DSTM32F401xC -c -I../Core/Inc -I../Drivers/STM32F4xx_HAL_Driver/Inc -I../Drivers/STM32F4xx_HAL_Driver/Inc/Legacy -I../Drivers/CMSIS/Device/ST/STM32F4xx/Include -I../Drivers/CMSIS/Include -I../Middlewares/Third_Party/FreeRTOS/Source/include -I../Middlewares/Third_Party/FreeRTOS/Source/CMSIS_RTOS_V2 -I../Middlewares/Third_Party/FreeRTOS/Source/portable/GCC/ARM_CM4F -O0 -ffunction-sections -fdata-sections -Wall -fstack-usage -fcyclomatic-complexity -MMD -MP -MF"Drivers/STM32F4xx_HAL_Driver/Src/stm32f4xx_hal_uart.d" -MT"Drivers/STM32F4xx_HAL_Driver/Src/stm32f4xx_hal_uart.o" --specs=nano.specs -mfpu=fpv4-sp-d16 -mfloat-abi=hard -mthumb -o "Drivers/STM32F4xx_HAL_Driver/Src/stm32f4xx_hal_uart.o"
arm-none-eabi-gcc -mcpu=cortex-m4 -g3 -DDEBUG -c -I../Core/Inc -I../Drivers/STM32F4xx_HAL_Driver/Inc -I../Drivers/STM32F4xx_HAL_Driver/Inc/Legacy -I../Middlewares/Third_Party/FreeRTOS/Source/include -I../Middlewares/Third_Party/FreeRTOS/Source/CMSIS_RTOS_V2 -I../Middlewares/Third_Party/FreeRTOS/Source/portable/GCC/ARM_CM4F -I../Drivers/CMSIS/Device/ST/STM32F4xx/Include -I../Drivers/CMSIS/Include -x assembler-with-cpp -MMD -MP -MF"Core/Startup/startup_stm32f401ccux.d" -MT"Core/Startup/startup_stm32f401ccux.o" --specs=nano.specs -mfpu=fpv4-sp-d16 -mfloat-abi=hard -mthumb -o "Core/Startup/startup_stm32f401ccux.o" "../Core/Startup/startup_stm32f401ccux.s"
arm-none-eabi-gcc "../Core/Src/VL53L1X_api.c" -mcpu=cortex-m4 -std=gnu11 -g3 -DDEBUG -DUSE_HAL_DRIVER -DSTM32F401xC -c -I../Core/Inc -I../Drivers/STM32F4xx_HAL_Driver/Inc -I../Drivers/STM32F4xx_HAL_Driver/Inc/Legacy -I../Drivers/CMSIS/Device/ST/STM32F4xx/Include -I../Drivers/CMSIS/Include -I../Middlewares/Third_Party/FreeRTOS/Source/include -I../Middlewares/Third_Party/FreeRTOS/Source/CMSIS_RTOS_V2 -I../Middlewares/Third_Party/FreeRTOS/Source/portable/GCC/ARM_CM4F -O0 -ffunction-sections -fdata-sections -Wall -fstack-usage -fcyclomatic-complexity -MMD -MP -MF"Core/Src/VL53L1X_api.d" -MT"Core/Src/VL53L1X_api.o" --specs=nano.specs -mfpu=fpv4-sp-d16 -mfloat-abi=hard -mthumb -o "Core/Src/VL53L1X_api.o"
arm-none-eabi-gcc "../Core/Src/VL53L1X_calibration.c" -mcpu=cortex-m4 -std=gnu11 -g3 -DDEBUG -DUSE_HAL_DRIVER -DSTM32F401xC -c -I../Core/Inc -I../Drivers/STM32F4xx_HAL_Driver/Inc -I../Drivers/STM32F4xx_HAL_Driver/Inc/Legacy -I../Drivers/CMSIS/Device/ST/STM32F4xx/Include -I../Drivers/CMSIS/Include -I../Middlewares/Third_Party/FreeRTOS/Source/include -I../Middlewares/Third_Party/FreeRTOS/Source/CMSIS_RTOS_V2 -I../Middlewares/Third_Party/FreeRTOS/Source/portable/GCC/ARM_CM4F -O0 -ffunction-sections -fdata-sections -Wall -fstack-usage -fcyclomatic-complexity -MMD -MP -MF"Core/Src/VL53L1X_calibration.d" -MT"Core/Src/VL53L1X_calibration.o" --specs=nano.specs -mfpu=fpv4-sp-d16 -mfloat-abi=hard -mthumb -o "Core/Src/VL53L1X_calibration.o"
arm-none-eabi-gcc "../Core/Src/dma.c" -mcpu=cortex-m4 -std=gnu11 -g3 -DDEBUG -DUSE_HAL_DRIVER -DSTM32F401xC -c -I../Core/Inc -I../Drivers/STM32F4xx_HAL_Driver/Inc -I../Drivers/STM32F4xx_HAL_Driver/Inc/Legacy -I../Drivers/CMSIS/Device/ST/STM32F4xx/Include -I../Drivers/CMSIS/Include -I../Middlewares/Third_Party/FreeRTOS/Source/include -I../Middlewares/Third_Party/FreeRTOS/Source/CMSIS_RTOS_V2 -I../Middlewares/Third_Party/FreeRTOS/Source/portable/GCC/ARM_CM4F -O0 -ffunction-sections -fdata-sections -Wall -fstack-usage -fcyclomatic-complexity -MMD -MP -MF"Core/Src/dma.d" -MT"Core/Src/dma.o" --specs=nano.specs -mfpu=fpv4-sp-d16 -mfloat-abi=hard -mthumb -o "Core/Src/dma.o"
arm-none-eabi-gcc "../Core/Src/freertos.c" -mcpu=cortex-m4 -std=gnu11 -g3 -DDEBUG -DUSE_HAL_DRIVER -DSTM32F401xC -c -I../Core/Inc -I../Drivers/STM32F4xx_HAL_Driver/Inc -I../Drivers/STM32F4xx_HAL_Driver/Inc/Legacy -I../Drivers/CMSIS/Device/ST/STM32F4xx/Include -I../Drivers/CMSIS/Include -I../Middlewares/Third_Party/FreeRTOS/Source/include -I../Middlewares/Third_Party/FreeRTOS/Source/CMSIS_RTOS_V2 -I../Middlewares/Third_Party/FreeRTOS/Source/portable/GCC/ARM_CM4F -O0 -ffunction-sections -fdata-sections -Wall -fstack-usage -fcyclomatic-complexity -MMD -MP -MF"Core/Src/freertos.d" -MT"Core/Src/freertos.o" --specs=nano.specs -mfpu=fpv4-sp-d16 -mfloat-abi=hard -mthumb -o "Core/Src/freertos.o"
arm-none-eabi-gcc "../Core/Src/gpio.c" -mcpu=cortex-m4 -std=gnu11 -g3 -DDEBUG -DUSE_HAL_DRIVER -DSTM32F401xC -c -I../Core/Inc -I../Drivers/STM32F4xx_HAL_Driver/Inc -I../Drivers/STM32F4xx_HAL_Driver/Inc/Legacy -I../Drivers/CMSIS/Device/ST/STM32F4xx/Include -I../Drivers/CMSIS/Include -I../Middlewares/Third_Party/FreeRTOS/Source/include -I../Middlewares/Third_Party/FreeRTOS/Source/CMSIS_RTOS_V2 -I../Middlewares/Third_Party/FreeRTOS/Source/portable/GCC/ARM_CM4F -O0 -ffunction-sections -fdata-sections -Wall -fstack-usage -fcyclomatic-complexity -MMD -MP -MF"Core/Src/gpio.d" -MT"Core/Src/gpio.o" --specs=nano.specs -mfpu=fpv4-sp-d16 -mfloat-abi=hard -mthumb -o "Core/Src/gpio.o"
arm-none-eabi-gcc "../Core/Src/i2c.c" -mcpu=cortex-m4 -std=gnu11 -g3 -DDEBUG -DUSE_HAL_DRIVER -DSTM32F401xC -c -I../Core/Inc -I../Drivers/STM32F4xx_HAL_Driver/Inc -I../Drivers/STM32F4xx_HAL_Driver/Inc/Legacy -I../Drivers/CMSIS/Device/ST/STM32F4xx/Include -I../Drivers/CMSIS/Include -I../Middlewares/Third_Party/FreeRTOS/Source/include -I../Middlewares/Third_Party/FreeRTOS/Source/CMSIS_RTOS_V2 -I../Middlewares/Third_Party/FreeRTOS/Source/portable/GCC/ARM_CM4F -O0 -ffunction-sections -fdata-sections -Wall -fstack-usage -fcyclomatic-complexity -MMD -MP -MF"Core/Src/i2c.d" -MT"Core/Src/i2c.o" --specs=nano.specs -mfpu=fpv4-sp-d16 -mfloat-abi=hard -mthumb -o "Core/Src/i2c.o"
arm-none-eabi-gcc "../Core/Src/main.c" -mcpu=cortex-m4 -std=gnu11 -g3 -DDEBUG -DUSE_HAL_DRIVER -DSTM32F401xC -c -I../Core/Inc -I../Drivers/STM32F4xx_HAL_Driver/Inc -I../Drivers/STM32F4xx_HAL_Driver/Inc/Legacy -I../Drivers/CMSIS/Device/ST/STM32F4xx/Include -I../Drivers/CMSIS/Include -I../Middlewares/Third_Party/FreeRTOS/Source/include -I../Middlewares/Third_Party/FreeRTOS/Source/CMSIS_RTOS_V2 -I../Middlewares/Third_Party/FreeRTOS/Source/portable/GCC/ARM_CM4F -O0 -ffunction-sections -fdata-sections -Wall -fstack-usage -fcyclomatic-complexity -MMD -MP -MF"Core/Src/main.d" -MT"Core/Src/main.o" --specs=nano.specs -mfpu=fpv4-sp-d16 -mfloat-abi=hard -mthumb -o "Core/Src/main.o"
arm-none-eabi-gcc "../Core/Src/stm32f4xx_hal_msp.c" -mcpu=cortex-m4 -std=gnu11 -g3 -DDEBUG -DUSE_HAL_DRIVER -DSTM32F401xC -c -I../Core/Inc -I../Drivers/STM32F4xx_HAL_Driver/Inc -I../Drivers/STM32F4xx_HAL_Driver/Inc/Legacy -I../Drivers/CMSIS/Device/ST/STM32F4xx/Include -I../Drivers/CMSIS/Include -I../Middlewares/Third_Party/FreeRTOS/Source/include -I../Middlewares/Third_Party/FreeRTOS/Source/CMSIS_RTOS_V2 -I../Middlewares/Third_Party/FreeRTOS/Source/portable/GCC/ARM_CM4F -O0 -ffunction-sections -fdata-sections -Wall -fstack-usage -fcyclomatic-complexity -MMD -MP -MF"Core/Src/stm32f4xx_hal_msp.d" -MT"Core/Src/stm32f4xx_hal_msp.o" --specs=nano.specs -mfpu=fpv4-sp-d16 -mfloat-abi=hard -mthumb -o "Core/Src/stm32f4xx_hal_msp.o"
arm-none-eabi-gcc "../Core/Src/stm32f4xx_hal_timebase_tim.c" -mcpu=cortex-m4 -std=gnu11 -g3 -DDEBUG -DUSE_HAL_DRIVER -DSTM32F401xC -c -I../Core/Inc -I../Drivers/STM32F4xx_HAL_Driver/Inc -I../Drivers/STM32F4xx_HAL_Driver/Inc/Legacy -I../Drivers/CMSIS/Device/ST/STM32F4xx/Include -I../Drivers/CMSIS/Include -I../Middlewares/Third_Party/FreeRTOS/Source/include -I../Middlewares/Third_Party/FreeRTOS/Source/CMSIS_RTOS_V2 -I../Middlewares/Third_Party/FreeRTOS/Source/portable/GCC/ARM_CM4F -O0 -ffunction-sections -fdata-sections -Wall -fstack-usage -fcyclomatic-complexity -MMD -MP -MF"Core/Src/stm32f4xx_hal_timebase_tim.d" -MT"Core/Src/stm32f4xx_hal_timebase_tim.o" --specs=nano.specs -mfpu=fpv4-sp-d16 -mfloat-abi=hard -mthumb -o "Core/Src/stm32f4xx_hal_timebase_tim.o"
arm-none-eabi-gcc "../Core/Src/stm32f4xx_it.c" -mcpu=cortex-m4 -std=gnu11 -g3 -DDEBUG -DUSE_HAL_DRIVER -DSTM32F401xC -c -I../Core/Inc -I../Drivers/STM32F4xx_HAL_Driver/Inc -I../Drivers/STM32F4xx_HAL_Driver/Inc/Legacy -I../Drivers/CMSIS/Device/ST/STM32F4xx/Include -I../Drivers/CMSIS/Include -I../Middlewares/Third_Party/FreeRTOS/Source/include -I../Middlewares/Third_Party/FreeRTOS/Source/CMSIS_RTOS_V2 -I../Middlewares/Third_Party/FreeRTOS/Source/portable/GCC/ARM_CM4F -O0 -ffunction-sections -fdata-sections -Wall -fstack-usage -fcyclomatic-complexity -MMD -MP -MF"Core/Src/stm32f4xx_it.d" -MT"Core/Src/stm32f4xx_it.o" --specs=nano.specs -mfpu=fpv4-sp-d16 -mfloat-abi=hard -mthumb -o "Core/Src/stm32f4xx_it.o"
arm-none-eabi-gcc "../Core/Src/syscalls.c" -mcpu=cortex-m4 -std=gnu11 -g3 -DDEBUG -DUSE_HAL_DRIVER -DSTM32F401xC -c -I../Core/Inc -I../Drivers/STM32F4xx_HAL_Driver/Inc -I../Drivers/STM32F4xx_HAL_Driver/Inc/Legacy -I../Drivers/CMSIS/Device/ST/STM32F4xx/Include -I../Drivers/CMSIS/Include -I../Middlewares/Third_Party/FreeRTOS/Source/include -I../Middlewares/Third_Party/FreeRTOS/Source/CMSIS_RTOS_V2 -I../Middlewares/Third_Party/FreeRTOS/Source/portable/GCC/ARM_CM4F -O0 -ffunction-sections -fdata-sections -Wall -fstack-usage -fcyclomatic-complexity -MMD -MP -MF"Core/Src/syscalls.d" -MT"Core/Src/syscalls.o" --specs=nano.specs -mfpu=fpv4-sp-d16 -mfloat-abi=hard -mthumb -o "Core/Src/syscalls.o"
arm-none-eabi-gcc "../Core/Src/sysmem.c" -mcpu=cortex-m4 -std=gnu11 -g3 -DDEBUG -DUSE_HAL_DRIVER -DSTM32F401xC -c -I../Core/Inc -I../Drivers/STM32F4xx_HAL_Driver/Inc -I../Drivers/STM32F4xx_HAL_Driver/Inc/Legacy -I../Drivers/CMSIS/Device/ST/STM32F4xx/Include -I../Drivers/CMSIS/Include -I../Middlewares/Third_Party/FreeRTOS/Source/include -I../Middlewares/Third_Party/FreeRTOS/Source/CMSIS_RTOS_V2 -I../Middlewares/Third_Party/FreeRTOS/Source/portable/GCC/ARM_CM4F -O0 -ffunction-sections -fdata-sections -Wall -fstack-usage -fcyclomatic-complexity -MMD -MP -MF"Core/Src/sysmem.d" -MT"Core/Src/sysmem.o" --specs=nano.specs -mfpu=fpv4-sp-d16 -mfloat-abi=hard -mthumb -o "Core/Src/sysmem.o"
arm-none-eabi-gcc "../Core/Src/system_stm32f4xx.c" -mcpu=cortex-m4 -std=gnu11 -g3 -DDEBUG -DUSE_HAL_DRIVER -DSTM32F401xC -c -I../Core/Inc -I../Drivers/STM32F4xx_HAL_Driver/Inc -I../Drivers/STM32F4xx_HAL_Driver/Inc/Legacy -I../Drivers/CMSIS/Device/ST/STM32F4xx/Include -I../Drivers/CMSIS/Include -I../Middlewares/Third_Party/FreeRTOS/Source/include -I../Middlewares/Third_Party/FreeRTOS/Source/CMSIS_RTOS_V2 -I../Middlewares/Third_Party/FreeRTOS/Source/portable/GCC/ARM_CM4F -O0 -ffunction-sections -fdata-sections -Wall -fstack-usage -fcyclomatic-complexity -MMD -MP -MF"Core/Src/system_stm32f4xx.d" -MT"Core/Src/system_stm32f4xx.o" --specs=nano.specs -mfpu=fpv4-sp-d16 -mfloat-abi=hard -mthumb -o "Core/Src/system_stm32f4xx.o"
arm-none-eabi-gcc "../Core/Src/usart.c" -mcpu=cortex-m4 -std=gnu11 -g3 -DDEBUG -DUSE_HAL_DRIVER -DSTM32F401xC -c -I../Core/Inc -I../Drivers/STM32F4xx_HAL_Driver/Inc -I../Drivers/STM32F4xx_HAL_Driver/Inc/Legacy -I../Drivers/CMSIS/Device/ST/STM32F4xx/Include -I../Drivers/CMSIS/Include -I../Middlewares/Third_Party/FreeRTOS/Source/include -I../Middlewares/Third_Party/FreeRTOS/Source/CMSIS_RTOS_V2 -I../Middlewares/Third_Party/FreeRTOS/Source/portable/GCC/ARM_CM4F -O0 -ffunction-sections -fdata-sections -Wall -fstack-usage -fcyclomatic-complexity -MMD -MP -MF"Core/Src/usart.d" -MT"Core/Src/usart.o" --specs=nano.specs -mfpu=fpv4-sp-d16 -mfloat-abi=hard -mthumb -o "Core/Src/usart.o"
arm-none-eabi-gcc "../Core/Src/vl53l1_platform.c" -mcpu=cortex-m4 -std=gnu11 -g3 -DDEBUG -DUSE_HAL_DRIVER -DSTM32F401xC -c -I../Core/Inc -I../Drivers/STM32F4xx_HAL_Driver/Inc -I../Drivers/STM32F4xx_HAL_Driver/Inc/Legacy -I../Drivers/CMSIS/Device/ST/STM32F4xx/Include -I../Drivers/CMSIS/Include -I../Middlewares/Third_Party/FreeRTOS/Source/include -I../Middlewares/Third_Party/FreeRTOS/Source/CMSIS_RTOS_V2 -I../Middlewares/Third_Party/FreeRTOS/Source/portable/GCC/ARM_CM4F -O0 -ffunction-sections -fdata-sections -Wall -fstack-usage -fcyclomatic-complexity -MMD -MP -MF"Core/Src/vl53l1_platform.d" -MT"Core/Src/vl53l1_platform.o" --specs=nano.specs -mfpu=fpv4-sp-d16 -mfloat-abi=hard -mthumb -o "Core/Src/vl53l1_platform.o"
arm-none-eabi-gcc "../Core/Src/vl53l1x_mitsu_app.c" -mcpu=cortex-m4 -std=gnu11 -g3 -DDEBUG -DUSE_HAL_DRIVER -DSTM32F401xC -c -I../Core/Inc -I../Drivers/STM32F4xx_HAL_Driver/Inc -I../Drivers/STM32F4xx_HAL_Driver/Inc/Legacy -I../Drivers/CMSIS/Device/ST/STM32F4xx/Include -I../Drivers/CMSIS/Include -I../Middlewares/Third_Party/FreeRTOS/Source/include -I../Middlewares/Third_Party/FreeRTOS/Source/CMSIS_RTOS_V2 -I../Middlewares/Third_Party/FreeRTOS/Source/portable/GCC/ARM_CM4F -O0 -ffunction-sections -fdata-sections -Wall -fstack-usage -fcyclomatic-complexity -MMD -MP -MF"Core/Src/vl53l1x_mitsu_app.d" -MT"Core/Src/vl53l1x_mitsu_app.o" --specs=nano.specs -mfpu=fpv4-sp-d16 -mfloat-abi=hard -mthumb -o "Core/Src/vl53l1x_mitsu_app.o"
arm-none-eabi-gcc -o "stm32_new.elf" @"objects.list"   -mcpu=cortex-m4 -T"D:\data-2026\lap_top\GHEP-MITSU_BACKUP\stm32_vl53l1x\stm32_new\STM32F401CCUX_FLASH.ld" --specs=nosys.specs -Wl,-Map="stm32_new.map" -Wl,--gc-sections -static --specs=nano.specs -mfpu=fpv4-sp-d16 -mfloat-abi=hard -mthumb -Wl,--start-group -lc -lm -Wl,--end-group
Finished building target: stm32_new.elf
 
arm-none-eabi-size  stm32_new.elf 
arm-none-eabi-objdump -h -S stm32_new.elf  > "stm32_new.list"
   text	   data	    bss	    dec	    hex	filename
  41488	    132	  21804	  63424	   f7c0	stm32_new.elf
Finished building: default.size.stdout
 
Finished building: stm32_new.list
 
12:47:51 **** Incremental Build of configuration Debug for project stm32_new ****
make -j4 all 
arm-none-eabi-gcc "../Drivers/STM32F4xx_HAL_Driver/Src/stm32f4xx_hal.c" -mcpu=cortex-m4 -std=gnu11 -g3 -DDEBUG -DUSE_HAL_DRIVER -DSTM32F401xC -c -I../Core/Inc -I../Drivers/STM32F4xx_HAL_Driver/Inc -I../Drivers/STM32F4xx_HAL_Driver/Inc/Legacy -I../Drivers/CMSIS/Device/ST/STM32F4xx/Include -I../Drivers/CMSIS/Include -I../Middlewares/Third_Party/FreeRTOS/Source/include -I../Middlewares/Third_Party/FreeRTOS/Source/CMSIS_RTOS_V2 -I../Middlewares/Third_Party/FreeRTOS/Source/portable/GCC/ARM_CM4F -O0 -ffunction-sections -fdata-sections -Wall -fstack-usage -fcyclomatic-complexity -MMD -MP -MF"Drivers/STM32F4xx_HAL_Driver/Src/stm32f4xx_hal.d" -MT"Drivers/STM32F4xx_HAL_Driver/Src/stm32f4xx_hal.o" --specs=nano.specs -mfpu=fpv4-sp-d16 -mfloat-abi=hard -mthumb -o "Drivers/STM32F4xx_HAL_Driver/Src/stm32f4xx_hal.o"
arm-none-eabi-gcc "../Drivers/STM32F4xx_HAL_Driver/Src/stm32f4xx_hal_cortex.c" -mcpu=cortex-m4 -std=gnu11 -g3 -DDEBUG -DUSE_HAL_DRIVER -DSTM32F401xC -c -I../Core/Inc -I../Drivers/STM32F4xx_HAL_Driver/Inc -I../Drivers/STM32F4xx_HAL_Driver/Inc/Legacy -I../Drivers/CMSIS/Device/ST/STM32F4xx/Include -I../Drivers/CMSIS/Include -I../Middlewares/Third_Party/FreeRTOS/Source/include -I../Middlewares/Third_Party/FreeRTOS/Source/CMSIS_RTOS_V2 -I../Middlewares/Third_Party/FreeRTOS/Source/portable/GCC/ARM_CM4F -O0 -ffunction-sections -fdata-sections -Wall -fstack-usage -fcyclomatic-complexity -MMD -MP -MF"Drivers/STM32F4xx_HAL_Driver/Src/stm32f4xx_hal_cortex.d" -MT"Drivers/STM32F4xx_HAL_Driver/Src/stm32f4xx_hal_cortex.o" --specs=nano.specs -mfpu=fpv4-sp-d16 -mfloat-abi=hard -mthumb -o "Drivers/STM32F4xx_HAL_Driver/Src/stm32f4xx_hal_cortex.o"
arm-none-eabi-gcc "../Drivers/STM32F4xx_HAL_Driver/Src/stm32f4xx_hal_dma.c" -mcpu=cortex-m4 -std=gnu11 -g3 -DDEBUG -DUSE_HAL_DRIVER -DSTM32F401xC -c -I../Core/Inc -I../Drivers/STM32F4xx_HAL_Driver/Inc -I../Drivers/STM32F4xx_HAL_Driver/Inc/Legacy -I../Drivers/CMSIS/Device/ST/STM32F4xx/Include -I../Drivers/CMSIS/Include -I../Middlewares/Third_Party/FreeRTOS/Source/include -I../Middlewares/Third_Party/FreeRTOS/Source/CMSIS_RTOS_V2 -I../Middlewares/Third_Party/FreeRTOS/Source/portable/GCC/ARM_CM4F -O0 -ffunction-sections -fdata-sections -Wall -fstack-usage -fcyclomatic-complexity -MMD -MP -MF"Drivers/STM32F4xx_HAL_Driver/Src/stm32f4xx_hal_dma.d" -MT"Drivers/STM32F4xx_HAL_Driver/Src/stm32f4xx_hal_dma.o" --specs=nano.specs -mfpu=fpv4-sp-d16 -mfloat-abi=hard -mthumb -o "Drivers/STM32F4xx_HAL_Driver/Src/stm32f4xx_hal_dma.o"
arm-none-eabi-gcc "../Drivers/STM32F4xx_HAL_Driver/Src/stm32f4xx_hal_dma_ex.c" -mcpu=cortex-m4 -std=gnu11 -g3 -DDEBUG -DUSE_HAL_DRIVER -DSTM32F401xC -c -I../Core/Inc -I../Drivers/STM32F4xx_HAL_Driver/Inc -I../Drivers/STM32F4xx_HAL_Driver/Inc/Legacy -I../Drivers/CMSIS/Device/ST/STM32F4xx/Include -I../Drivers/CMSIS/Include -I../Middlewares/Third_Party/FreeRTOS/Source/include -I../Middlewares/Third_Party/FreeRTOS/Source/CMSIS_RTOS_V2 -I../Middlewares/Third_Party/FreeRTOS/Source/portable/GCC/ARM_CM4F -O0 -ffunction-sections -fdata-sections -Wall -fstack-usage -fcyclomatic-complexity -MMD -MP -MF"Drivers/STM32F4xx_HAL_Driver/Src/stm32f4xx_hal_dma_ex.d" -MT"Drivers/STM32F4xx_HAL_Driver/Src/stm32f4xx_hal_dma_ex.o" --specs=nano.specs -mfpu=fpv4-sp-d16 -mfloat-abi=hard -mthumb -o "Drivers/STM32F4xx_HAL_Driver/Src/stm32f4xx_hal_dma_ex.o"
arm-none-eabi-gcc "../Drivers/STM32F4xx_HAL_Driver/Src/stm32f4xx_hal_exti.c" -mcpu=cortex-m4 -std=gnu11 -g3 -DDEBUG -DUSE_HAL_DRIVER -DSTM32F401xC -c -I../Core/Inc -I../Drivers/STM32F4xx_HAL_Driver/Inc -I../Drivers/STM32F4xx_HAL_Driver/Inc/Legacy -I../Drivers/CMSIS/Device/ST/STM32F4xx/Include -I../Drivers/CMSIS/Include -I../Middlewares/Third_Party/FreeRTOS/Source/include -I../Middlewares/Third_Party/FreeRTOS/Source/CMSIS_RTOS_V2 -I../Middlewares/Third_Party/FreeRTOS/Source/portable/GCC/ARM_CM4F -O0 -ffunction-sections -fdata-sections -Wall -fstack-usage -fcyclomatic-complexity -MMD -MP -MF"Drivers/STM32F4xx_HAL_Driver/Src/stm32f4xx_hal_exti.d" -MT"Drivers/STM32F4xx_HAL_Driver/Src/stm32f4xx_hal_exti.o" --specs=nano.specs -mfpu=fpv4-sp-d16 -mfloat-abi=hard -mthumb -o "Drivers/STM32F4xx_HAL_Driver/Src/stm32f4xx_hal_exti.o"
arm-none-eabi-gcc "../Drivers/STM32F4xx_HAL_Driver/Src/stm32f4xx_hal_flash.c" -mcpu=cortex-m4 -std=gnu11 -g3 -DDEBUG -DUSE_HAL_DRIVER -DSTM32F401xC -c -I../Core/Inc -I../Drivers/STM32F4xx_HAL_Driver/Inc -I../Drivers/STM32F4xx_HAL_Driver/Inc/Legacy -I../Drivers/CMSIS/Device/ST/STM32F4xx/Include -I../Drivers/CMSIS/Include -I../Middlewares/Third_Party/FreeRTOS/Source/include -I../Middlewares/Third_Party/FreeRTOS/Source/CMSIS_RTOS_V2 -I../Middlewares/Third_Party/FreeRTOS/Source/portable/GCC/ARM_CM4F -O0 -ffunction-sections -fdata-sections -Wall -fstack-usage -fcyclomatic-complexity -MMD -MP -MF"Drivers/STM32F4xx_HAL_Driver/Src/stm32f4xx_hal_flash.d" -MT"Drivers/STM32F4xx_HAL_Driver/Src/stm32f4xx_hal_flash.o" --specs=nano.specs -mfpu=fpv4-sp-d16 -mfloat-abi=hard -mthumb -o "Drivers/STM32F4xx_HAL_Driver/Src/stm32f4xx_hal_flash.o"
arm-none-eabi-gcc "../Drivers/STM32F4xx_HAL_Driver/Src/stm32f4xx_hal_flash_ex.c" -mcpu=cortex-m4 -std=gnu11 -g3 -DDEBUG -DUSE_HAL_DRIVER -DSTM32F401xC -c -I../Core/Inc -I../Drivers/STM32F4xx_HAL_Driver/Inc -I../Drivers/STM32F4xx_HAL_Driver/Inc/Legacy -I../Drivers/CMSIS/Device/ST/STM32F4xx/Include -I../Drivers/CMSIS/Include -I../Middlewares/Third_Party/FreeRTOS/Source/include -I../Middlewares/Third_Party/FreeRTOS/Source/CMSIS_RTOS_V2 -I../Middlewares/Third_Party/FreeRTOS/Source/portable/GCC/ARM_CM4F -O0 -ffunction-sections -fdata-sections -Wall -fstack-usage -fcyclomatic-complexity -MMD -MP -MF"Drivers/STM32F4xx_HAL_Driver/Src/stm32f4xx_hal_flash_ex.d" -MT"Drivers/STM32F4xx_HAL_Driver/Src/stm32f4xx_hal_flash_ex.o" --specs=nano.specs -mfpu=fpv4-sp-d16 -mfloat-abi=hard -mthumb -o "Drivers/STM32F4xx_HAL_Driver/Src/stm32f4xx_hal_flash_ex.o"
arm-none-eabi-gcc "../Drivers/STM32F4xx_HAL_Driver/Src/stm32f4xx_hal_flash_ramfunc.c" -mcpu=cortex-m4 -std=gnu11 -g3 -DDEBUG -DUSE_HAL_DRIVER -DSTM32F401xC -c -I../Core/Inc -I../Drivers/STM32F4xx_HAL_Driver/Inc -I../Drivers/STM32F4xx_HAL_Driver/Inc/Legacy -I../Drivers/CMSIS/Device/ST/STM32F4xx/Include -I../Drivers/CMSIS/Include -I../Middlewares/Third_Party/FreeRTOS/Source/include -I../Middlewares/Third_Party/FreeRTOS/Source/CMSIS_RTOS_V2 -I../Middlewares/Third_Party/FreeRTOS/Source/portable/GCC/ARM_CM4F -O0 -ffunction-sections -fdata-sections -Wall -fstack-usage -fcyclomatic-complexity -MMD -MP -MF"Drivers/STM32F4xx_HAL_Driver/Src/stm32f4xx_hal_flash_ramfunc.d" -MT"Drivers/STM32F4xx_HAL_Driver/Src/stm32f4xx_hal_flash_ramfunc.o" --specs=nano.specs -mfpu=fpv4-sp-d16 -mfloat-abi=hard -mthumb -o "Drivers/STM32F4xx_HAL_Driver/Src/stm32f4xx_hal_flash_ramfunc.o"
arm-none-eabi-gcc "../Drivers/STM32F4xx_HAL_Driver/Src/stm32f4xx_hal_gpio.c" -mcpu=cortex-m4 -std=gnu11 -g3 -DDEBUG -DUSE_HAL_DRIVER -DSTM32F401xC -c -I../Core/Inc -I../Drivers/STM32F4xx_HAL_Driver/Inc -I../Drivers/STM32F4xx_HAL_Driver/Inc/Legacy -I../Drivers/CMSIS/Device/ST/STM32F4xx/Include -I../Drivers/CMSIS/Include -I../Middlewares/Third_Party/FreeRTOS/Source/include -I../Middlewares/Third_Party/FreeRTOS/Source/CMSIS_RTOS_V2 -I../Middlewares/Third_Party/FreeRTOS/Source/portable/GCC/ARM_CM4F -O0 -ffunction-sections -fdata-sections -Wall -fstack-usage -fcyclomatic-complexity -MMD -MP -MF"Drivers/STM32F4xx_HAL_Driver/Src/stm32f4xx_hal_gpio.d" -MT"Drivers/STM32F4xx_HAL_Driver/Src/stm32f4xx_hal_gpio.o" --specs=nano.specs -mfpu=fpv4-sp-d16 -mfloat-abi=hard -mthumb -o "Drivers/STM32F4xx_HAL_Driver/Src/stm32f4xx_hal_gpio.o"
arm-none-eabi-gcc "../Drivers/STM32F4xx_HAL_Driver/Src/stm32f4xx_hal_i2c.c" -mcpu=cortex-m4 -std=gnu11 -g3 -DDEBUG -DUSE_HAL_DRIVER -DSTM32F401xC -c -I../Core/Inc -I../Drivers/STM32F4xx_HAL_Driver/Inc -I../Drivers/STM32F4xx_HAL_Driver/Inc/Legacy -I../Drivers/CMSIS/Device/ST/STM32F4xx/Include -I../Drivers/CMSIS/Include -I../Middlewares/Third_Party/FreeRTOS/Source/include -I../Middlewares/Third_Party/FreeRTOS/Source/CMSIS_RTOS_V2 -I../Middlewares/Third_Party/FreeRTOS/Source/portable/GCC/ARM_CM4F -O0 -ffunction-sections -fdata-sections -Wall -fstack-usage -fcyclomatic-complexity -MMD -MP -MF"Drivers/STM32F4xx_HAL_Driver/Src/stm32f4xx_hal_i2c.d" -MT"Drivers/STM32F4xx_HAL_Driver/Src/stm32f4xx_hal_i2c.o" --specs=nano.specs -mfpu=fpv4-sp-d16 -mfloat-abi=hard -mthumb -o "Drivers/STM32F4xx_HAL_Driver/Src/stm32f4xx_hal_i2c.o"
arm-none-eabi-gcc "../Drivers/STM32F4xx_HAL_Driver/Src/stm32f4xx_hal_i2c_ex.c" -mcpu=cortex-m4 -std=gnu11 -g3 -DDEBUG -DUSE_HAL_DRIVER -DSTM32F401xC -c -I../Core/Inc -I../Drivers/STM32F4xx_HAL_Driver/Inc -I../Drivers/STM32F4xx_HAL_Driver/Inc/Legacy -I../Drivers/CMSIS/Device/ST/STM32F4xx/Include -I../Drivers/CMSIS/Include -I../Middlewares/Third_Party/FreeRTOS/Source/include -I../Middlewares/Third_Party/FreeRTOS/Source/CMSIS_RTOS_V2 -I../Middlewares/Third_Party/FreeRTOS/Source/portable/GCC/ARM_CM4F -O0 -ffunction-sections -fdata-sections -Wall -fstack-usage -fcyclomatic-complexity -MMD -MP -MF"Drivers/STM32F4xx_HAL_Driver/Src/stm32f4xx_hal_i2c_ex.d" -MT"Drivers/STM32F4xx_HAL_Driver/Src/stm32f4xx_hal_i2c_ex.o" --specs=nano.specs -mfpu=fpv4-sp-d16 -mfloat-abi=hard -mthumb -o "Drivers/STM32F4xx_HAL_Driver/Src/stm32f4xx_hal_i2c_ex.o"
arm-none-eabi-gcc "../Drivers/STM32F4xx_HAL_Driver/Src/stm32f4xx_hal_pwr.c" -mcpu=cortex-m4 -std=gnu11 -g3 -DDEBUG -DUSE_HAL_DRIVER -DSTM32F401xC -c -I../Core/Inc -I../Drivers/STM32F4xx_HAL_Driver/Inc -I../Drivers/STM32F4xx_HAL_Driver/Inc/Legacy -I../Drivers/CMSIS/Device/ST/STM32F4xx/Include -I../Drivers/CMSIS/Include -I../Middlewares/Third_Party/FreeRTOS/Source/include -I../Middlewares/Third_Party/FreeRTOS/Source/CMSIS_RTOS_V2 -I../Middlewares/Third_Party/FreeRTOS/Source/portable/GCC/ARM_CM4F -O0 -ffunction-sections -fdata-sections -Wall -fstack-usage -fcyclomatic-complexity -MMD -MP -MF"Drivers/STM32F4xx_HAL_Driver/Src/stm32f4xx_hal_pwr.d" -MT"Drivers/STM32F4xx_HAL_Driver/Src/stm32f4xx_hal_pwr.o" --specs=nano.specs -mfpu=fpv4-sp-d16 -mfloat-abi=hard -mthumb -o "Drivers/STM32F4xx_HAL_Driver/Src/stm32f4xx_hal_pwr.o"
arm-none-eabi-gcc "../Drivers/STM32F4xx_HAL_Driver/Src/stm32f4xx_hal_pwr_ex.c" -mcpu=cortex-m4 -std=gnu11 -g3 -DDEBUG -DUSE_HAL_DRIVER -DSTM32F401xC -c -I../Core/Inc -I../Drivers/STM32F4xx_HAL_Driver/Inc -I../Drivers/STM32F4xx_HAL_Driver/Inc/Legacy -I../Drivers/CMSIS/Device/ST/STM32F4xx/Include -I../Drivers/CMSIS/Include -I../Middlewares/Third_Party/FreeRTOS/Source/include -I../Middlewares/Third_Party/FreeRTOS/Source/CMSIS_RTOS_V2 -I../Middlewares/Third_Party/FreeRTOS/Source/portable/GCC/ARM_CM4F -O0 -ffunction-sections -fdata-sections -Wall -fstack-usage -fcyclomatic-complexity -MMD -MP -MF"Drivers/STM32F4xx_HAL_Driver/Src/stm32f4xx_hal_pwr_ex.d" -MT"Drivers/STM32F4xx_HAL_Driver/Src/stm32f4xx_hal_pwr_ex.o" --specs=nano.specs -mfpu=fpv4-sp-d16 -mfloat-abi=hard -mthumb -o "Drivers/STM32F4xx_HAL_Driver/Src/stm32f4xx_hal_pwr_ex.o"
arm-none-eabi-gcc "../Drivers/STM32F4xx_HAL_Driver/Src/stm32f4xx_hal_rcc.c" -mcpu=cortex-m4 -std=gnu11 -g3 -DDEBUG -DUSE_HAL_DRIVER -DSTM32F401xC -c -I../Core/Inc -I../Drivers/STM32F4xx_HAL_Driver/Inc -I../Drivers/STM32F4xx_HAL_Driver/Inc/Legacy -I../Drivers/CMSIS/Device/ST/STM32F4xx/Include -I../Drivers/CMSIS/Include -I../Middlewares/Third_Party/FreeRTOS/Source/include -I../Middlewares/Third_Party/FreeRTOS/Source/CMSIS_RTOS_V2 -I../Middlewares/Third_Party/FreeRTOS/Source/portable/GCC/ARM_CM4F -O0 -ffunction-sections -fdata-sections -Wall -fstack-usage -fcyclomatic-complexity -MMD -MP -MF"Drivers/STM32F4xx_HAL_Driver/Src/stm32f4xx_hal_rcc.d" -MT"Drivers/STM32F4xx_HAL_Driver/Src/stm32f4xx_hal_rcc.o" --specs=nano.specs -mfpu=fpv4-sp-d16 -mfloat-abi=hard -mthumb -o "Drivers/STM32F4xx_HAL_Driver/Src/stm32f4xx_hal_rcc.o"
arm-none-eabi-gcc "../Drivers/STM32F4xx_HAL_Driver/Src/stm32f4xx_hal_rcc_ex.c" -mcpu=cortex-m4 -std=gnu11 -g3 -DDEBUG -DUSE_HAL_DRIVER -DSTM32F401xC -c -I../Core/Inc -I../Drivers/STM32F4xx_HAL_Driver/Inc -I../Drivers/STM32F4xx_HAL_Driver/Inc/Legacy -I../Drivers/CMSIS/Device/ST/STM32F4xx/Include -I../Drivers/CMSIS/Include -I../Middlewares/Third_Party/FreeRTOS/Source/include -I../Middlewares/Third_Party/FreeRTOS/Source/CMSIS_RTOS_V2 -I../Middlewares/Third_Party/FreeRTOS/Source/portable/GCC/ARM_CM4F -O0 -ffunction-sections -fdata-sections -Wall -fstack-usage -fcyclomatic-complexity -MMD -MP -MF"Drivers/STM32F4xx_HAL_Driver/Src/stm32f4xx_hal_rcc_ex.d" -MT"Drivers/STM32F4xx_HAL_Driver/Src/stm32f4xx_hal_rcc_ex.o" --specs=nano.specs -mfpu=fpv4-sp-d16 -mfloat-abi=hard -mthumb -o "Drivers/STM32F4xx_HAL_Driver/Src/stm32f4xx_hal_rcc_ex.o"
arm-none-eabi-gcc "../Drivers/STM32F4xx_HAL_Driver/Src/stm32f4xx_hal_tim.c" -mcpu=cortex-m4 -std=gnu11 -g3 -DDEBUG -DUSE_HAL_DRIVER -DSTM32F401xC -c -I../Core/Inc -I../Drivers/STM32F4xx_HAL_Driver/Inc -I../Drivers/STM32F4xx_HAL_Driver/Inc/Legacy -I../Drivers/CMSIS/Device/ST/STM32F4xx/Include -I../Drivers/CMSIS/Include -I../Middlewares/Third_Party/FreeRTOS/Source/include -I../Middlewares/Third_Party/FreeRTOS/Source/CMSIS_RTOS_V2 -I../Middlewares/Third_Party/FreeRTOS/Source/portable/GCC/ARM_CM4F -O0 -ffunction-sections -fdata-sections -Wall -fstack-usage -fcyclomatic-complexity -MMD -MP -MF"Drivers/STM32F4xx_HAL_Driver/Src/stm32f4xx_hal_tim.d" -MT"Drivers/STM32F4xx_HAL_Driver/Src/stm32f4xx_hal_tim.o" --specs=nano.specs -mfpu=fpv4-sp-d16 -mfloat-abi=hard -mthumb -o "Drivers/STM32F4xx_HAL_Driver/Src/stm32f4xx_hal_tim.o"
arm-none-eabi-gcc "../Drivers/STM32F4xx_HAL_Driver/Src/stm32f4xx_hal_tim_ex.c" -mcpu=cortex-m4 -std=gnu11 -g3 -DDEBUG -DUSE_HAL_DRIVER -DSTM32F401xC -c -I../Core/Inc -I../Drivers/STM32F4xx_HAL_Driver/Inc -I../Drivers/STM32F4xx_HAL_Driver/Inc/Legacy -I../Drivers/CMSIS/Device/ST/STM32F4xx/Include -I../Drivers/CMSIS/Include -I../Middlewares/Third_Party/FreeRTOS/Source/include -I../Middlewares/Third_Party/FreeRTOS/Source/CMSIS_RTOS_V2 -I../Middlewares/Third_Party/FreeRTOS/Source/portable/GCC/ARM_CM4F -O0 -ffunction-sections -fdata-sections -Wall -fstack-usage -fcyclomatic-complexity -MMD -MP -MF"Drivers/STM32F4xx_HAL_Driver/Src/stm32f4xx_hal_tim_ex.d" -MT"Drivers/STM32F4xx_HAL_Driver/Src/stm32f4xx_hal_tim_ex.o" --specs=nano.specs -mfpu=fpv4-sp-d16 -mfloat-abi=hard -mthumb -o "Drivers/STM32F4xx_HAL_Driver/Src/stm32f4xx_hal_tim_ex.o"
arm-none-eabi-gcc "../Drivers/STM32F4xx_HAL_Driver/Src/stm32f4xx_hal_uart.c" -mcpu=cortex-m4 -std=gnu11 -g3 -DDEBUG -DUSE_HAL_DRIVER -DSTM32F401xC -c -I../Core/Inc -I../Drivers/STM32F4xx_HAL_Driver/Inc -I../Drivers/STM32F4xx_HAL_Driver/Inc/Legacy -I../Drivers/CMSIS/Device/ST/STM32F4xx/Include -I../Drivers/CMSIS/Include -I../Middlewares/Third_Party/FreeRTOS/Source/include -I../Middlewares/Third_Party/FreeRTOS/Source/CMSIS_RTOS_V2 -I../Middlewares/Third_Party/FreeRTOS/Source/portable/GCC/ARM_CM4F -O0 -ffunction-sections -fdata-sections -Wall -fstack-usage -fcyclomatic-complexity -MMD -MP -MF"Drivers/STM32F4xx_HAL_Driver/Src/stm32f4xx_hal_uart.d" -MT"Drivers/STM32F4xx_HAL_Driver/Src/stm32f4xx_hal_uart.o" --specs=nano.specs -mfpu=fpv4-sp-d16 -mfloat-abi=hard -mthumb -o "Drivers/STM32F4xx_HAL_Driver/Src/stm32f4xx_hal_uart.o"
arm-none-eabi-gcc "../Core/Src/VL53L1X_api.c" -mcpu=cortex-m4 -std=gnu11 -g3 -DDEBUG -DUSE_HAL_DRIVER -DSTM32F401xC -c -I../Core/Inc -I../Drivers/STM32F4xx_HAL_Driver/Inc -I../Drivers/STM32F4xx_HAL_Driver/Inc/Legacy -I../Drivers/CMSIS/Device/ST/STM32F4xx/Include -I../Drivers/CMSIS/Include -I../Middlewares/Third_Party/FreeRTOS/Source/include -I../Middlewares/Third_Party/FreeRTOS/Source/CMSIS_RTOS_V2 -I../Middlewares/Third_Party/FreeRTOS/Source/portable/GCC/ARM_CM4F -O0 -ffunction-sections -fdata-sections -Wall -fstack-usage -fcyclomatic-complexity -MMD -MP -MF"Core/Src/VL53L1X_api.d" -MT"Core/Src/VL53L1X_api.o" --specs=nano.specs -mfpu=fpv4-sp-d16 -mfloat-abi=hard -mthumb -o "Core/Src/VL53L1X_api.o"
arm-none-eabi-gcc "../Core/Src/VL53L1X_calibration.c" -mcpu=cortex-m4 -std=gnu11 -g3 -DDEBUG -DUSE_HAL_DRIVER -DSTM32F401xC -c -I../Core/Inc -I../Drivers/STM32F4xx_HAL_Driver/Inc -I../Drivers/STM32F4xx_HAL_Driver/Inc/Legacy -I../Drivers/CMSIS/Device/ST/STM32F4xx/Include -I../Drivers/CMSIS/Include -I../Middlewares/Third_Party/FreeRTOS/Source/include -I../Middlewares/Third_Party/FreeRTOS/Source/CMSIS_RTOS_V2 -I../Middlewares/Third_Party/FreeRTOS/Source/portable/GCC/ARM_CM4F -O0 -ffunction-sections -fdata-sections -Wall -fstack-usage -fcyclomatic-complexity -MMD -MP -MF"Core/Src/VL53L1X_calibration.d" -MT"Core/Src/VL53L1X_calibration.o" --specs=nano.specs -mfpu=fpv4-sp-d16 -mfloat-abi=hard -mthumb -o "Core/Src/VL53L1X_calibration.o"
arm-none-eabi-gcc "../Core/Src/dma.c" -mcpu=cortex-m4 -std=gnu11 -g3 -DDEBUG -DUSE_HAL_DRIVER -DSTM32F401xC -c -I../Core/Inc -I../Drivers/STM32F4xx_HAL_Driver/Inc -I../Drivers/STM32F4xx_HAL_Driver/Inc/Legacy -I../Drivers/CMSIS/Device/ST/STM32F4xx/Include -I../Drivers/CMSIS/Include -I../Middlewares/Third_Party/FreeRTOS/Source/include -I../Middlewares/Third_Party/FreeRTOS/Source/CMSIS_RTOS_V2 -I../Middlewares/Third_Party/FreeRTOS/Source/portable/GCC/ARM_CM4F -O0 -ffunction-sections -fdata-sections -Wall -fstack-usage -fcyclomatic-complexity -MMD -MP -MF"Core/Src/dma.d" -MT"Core/Src/dma.o" --specs=nano.specs -mfpu=fpv4-sp-d16 -mfloat-abi=hard -mthumb -o "Core/Src/dma.o"
arm-none-eabi-gcc "../Core/Src/freertos.c" -mcpu=cortex-m4 -std=gnu11 -g3 -DDEBUG -DUSE_HAL_DRIVER -DSTM32F401xC -c -I../Core/Inc -I../Drivers/STM32F4xx_HAL_Driver/Inc -I../Drivers/STM32F4xx_HAL_Driver/Inc/Legacy -I../Drivers/CMSIS/Device/ST/STM32F4xx/Include -I../Drivers/CMSIS/Include -I../Middlewares/Third_Party/FreeRTOS/Source/include -I../Middlewares/Third_Party/FreeRTOS/Source/CMSIS_RTOS_V2 -I../Middlewares/Third_Party/FreeRTOS/Source/portable/GCC/ARM_CM4F -O0 -ffunction-sections -fdata-sections -Wall -fstack-usage -fcyclomatic-complexity -MMD -MP -MF"Core/Src/freertos.d" -MT"Core/Src/freertos.o" --specs=nano.specs -mfpu=fpv4-sp-d16 -mfloat-abi=hard -mthumb -o "Core/Src/freertos.o"
arm-none-eabi-gcc "../Core/Src/gpio.c" -mcpu=cortex-m4 -std=gnu11 -g3 -DDEBUG -DUSE_HAL_DRIVER -DSTM32F401xC -c -I../Core/Inc -I../Drivers/STM32F4xx_HAL_Driver/Inc -I../Drivers/STM32F4xx_HAL_Driver/Inc/Legacy -I../Drivers/CMSIS/Device/ST/STM32F4xx/Include -I../Drivers/CMSIS/Include -I../Middlewares/Third_Party/FreeRTOS/Source/include -I../Middlewares/Third_Party/FreeRTOS/Source/CMSIS_RTOS_V2 -I../Middlewares/Third_Party/FreeRTOS/Source/portable/GCC/ARM_CM4F -O0 -ffunction-sections -fdata-sections -Wall -fstack-usage -fcyclomatic-complexity -MMD -MP -MF"Core/Src/gpio.d" -MT"Core/Src/gpio.o" --specs=nano.specs -mfpu=fpv4-sp-d16 -mfloat-abi=hard -mthumb -o "Core/Src/gpio.o"
arm-none-eabi-gcc "../Core/Src/i2c.c" -mcpu=cortex-m4 -std=gnu11 -g3 -DDEBUG -DUSE_HAL_DRIVER -DSTM32F401xC -c -I../Core/Inc -I../Drivers/STM32F4xx_HAL_Driver/Inc -I../Drivers/STM32F4xx_HAL_Driver/Inc/Legacy -I../Drivers/CMSIS/Device/ST/STM32F4xx/Include -I../Drivers/CMSIS/Include -I../Middlewares/Third_Party/FreeRTOS/Source/include -I../Middlewares/Third_Party/FreeRTOS/Source/CMSIS_RTOS_V2 -I../Middlewares/Third_Party/FreeRTOS/Source/portable/GCC/ARM_CM4F -O0 -ffunction-sections -fdata-sections -Wall -fstack-usage -fcyclomatic-complexity -MMD -MP -MF"Core/Src/i2c.d" -MT"Core/Src/i2c.o" --specs=nano.specs -mfpu=fpv4-sp-d16 -mfloat-abi=hard -mthumb -o "Core/Src/i2c.o"
arm-none-eabi-gcc "../Core/Src/main.c" -mcpu=cortex-m4 -std=gnu11 -g3 -DDEBUG -DUSE_HAL_DRIVER -DSTM32F401xC -c -I../Core/Inc -I../Drivers/STM32F4xx_HAL_Driver/Inc -I../Drivers/STM32F4xx_HAL_Driver/Inc/Legacy -I../Drivers/CMSIS/Device/ST/STM32F4xx/Include -I../Drivers/CMSIS/Include -I../Middlewares/Third_Party/FreeRTOS/Source/include -I../Middlewares/Third_Party/FreeRTOS/Source/CMSIS_RTOS_V2 -I../Middlewares/Third_Party/FreeRTOS/Source/portable/GCC/ARM_CM4F -O0 -ffunction-sections -fdata-sections -Wall -fstack-usage -fcyclomatic-complexity -MMD -MP -MF"Core/Src/main.d" -MT"Core/Src/main.o" --specs=nano.specs -mfpu=fpv4-sp-d16 -mfloat-abi=hard -mthumb -o "Core/Src/main.o"
arm-none-eabi-gcc "../Core/Src/stm32f4xx_hal_msp.c" -mcpu=cortex-m4 -std=gnu11 -g3 -DDEBUG -DUSE_HAL_DRIVER -DSTM32F401xC -c -I../Core/Inc -I../Drivers/STM32F4xx_HAL_Driver/Inc -I../Drivers/STM32F4xx_HAL_Driver/Inc/Legacy -I../Drivers/CMSIS/Device/ST/STM32F4xx/Include -I../Drivers/CMSIS/Include -I../Middlewares/Third_Party/FreeRTOS/Source/include -I../Middlewares/Third_Party/FreeRTOS/Source/CMSIS_RTOS_V2 -I../Middlewares/Third_Party/FreeRTOS/Source/portable/GCC/ARM_CM4F -O0 -ffunction-sections -fdata-sections -Wall -fstack-usage -fcyclomatic-complexity -MMD -MP -MF"Core/Src/stm32f4xx_hal_msp.d" -MT"Core/Src/stm32f4xx_hal_msp.o" --specs=nano.specs -mfpu=fpv4-sp-d16 -mfloat-abi=hard -mthumb -o "Core/Src/stm32f4xx_hal_msp.o"
arm-none-eabi-gcc "../Core/Src/stm32f4xx_hal_timebase_tim.c" -mcpu=cortex-m4 -std=gnu11 -g3 -DDEBUG -DUSE_HAL_DRIVER -DSTM32F401xC -c -I../Core/Inc -I../Drivers/STM32F4xx_HAL_Driver/Inc -I../Drivers/STM32F4xx_HAL_Driver/Inc/Legacy -I../Drivers/CMSIS/Device/ST/STM32F4xx/Include -I../Drivers/CMSIS/Include -I../Middlewares/Third_Party/FreeRTOS/Source/include -I../Middlewares/Third_Party/FreeRTOS/Source/CMSIS_RTOS_V2 -I../Middlewares/Third_Party/FreeRTOS/Source/portable/GCC/ARM_CM4F -O0 -ffunction-sections -fdata-sections -Wall -fstack-usage -fcyclomatic-complexity -MMD -MP -MF"Core/Src/stm32f4xx_hal_timebase_tim.d" -MT"Core/Src/stm32f4xx_hal_timebase_tim.o" --specs=nano.specs -mfpu=fpv4-sp-d16 -mfloat-abi=hard -mthumb -o "Core/Src/stm32f4xx_hal_timebase_tim.o"
arm-none-eabi-gcc "../Core/Src/stm32f4xx_it.c" -mcpu=cortex-m4 -std=gnu11 -g3 -DDEBUG -DUSE_HAL_DRIVER -DSTM32F401xC -c -I../Core/Inc -I../Drivers/STM32F4xx_HAL_Driver/Inc -I../Drivers/STM32F4xx_HAL_Driver/Inc/Legacy -I../Drivers/CMSIS/Device/ST/STM32F4xx/Include -I../Drivers/CMSIS/Include -I../Middlewares/Third_Party/FreeRTOS/Source/include -I../Middlewares/Third_Party/FreeRTOS/Source/CMSIS_RTOS_V2 -I../Middlewares/Third_Party/FreeRTOS/Source/portable/GCC/ARM_CM4F -O0 -ffunction-sections -fdata-sections -Wall -fstack-usage -fcyclomatic-complexity -MMD -MP -MF"Core/Src/stm32f4xx_it.d" -MT"Core/Src/stm32f4xx_it.o" --specs=nano.specs -mfpu=fpv4-sp-d16 -mfloat-abi=hard -mthumb -o "Core/Src/stm32f4xx_it.o"
arm-none-eabi-gcc "../Core/Src/system_stm32f4xx.c" -mcpu=cortex-m4 -std=gnu11 -g3 -DDEBUG -DUSE_HAL_DRIVER -DSTM32F401xC -c -I../Core/Inc -I../Drivers/STM32F4xx_HAL_Driver/Inc -I../Drivers/STM32F4xx_HAL_Driver/Inc/Legacy -I../Drivers/CMSIS/Device/ST/STM32F4xx/Include -I../Drivers/CMSIS/Include -I../Middlewares/Third_Party/FreeRTOS/Source/include -I../Middlewares/Third_Party/FreeRTOS/Source/CMSIS_RTOS_V2 -I../Middlewares/Third_Party/FreeRTOS/Source/portable/GCC/ARM_CM4F -O0 -ffunction-sections -fdata-sections -Wall -fstack-usage -fcyclomatic-complexity -MMD -MP -MF"Core/Src/system_stm32f4xx.d" -MT"Core/Src/system_stm32f4xx.o" --specs=nano.specs -mfpu=fpv4-sp-d16 -mfloat-abi=hard -mthumb -o "Core/Src/system_stm32f4xx.o"
arm-none-eabi-gcc "../Core/Src/usart.c" -mcpu=cortex-m4 -std=gnu11 -g3 -DDEBUG -DUSE_HAL_DRIVER -DSTM32F401xC -c -I../Core/Inc -I../Drivers/STM32F4xx_HAL_Driver/Inc -I../Drivers/STM32F4xx_HAL_Driver/Inc/Legacy -I../Drivers/CMSIS/Device/ST/STM32F4xx/Include -I../Drivers/CMSIS/Include -I../Middlewares/Third_Party/FreeRTOS/Source/include -I../Middlewares/Third_Party/FreeRTOS/Source/CMSIS_RTOS_V2 -I../Middlewares/Third_Party/FreeRTOS/Source/portable/GCC/ARM_CM4F -O0 -ffunction-sections -fdata-sections -Wall -fstack-usage -fcyclomatic-complexity -MMD -MP -MF"Core/Src/usart.d" -MT"Core/Src/usart.o" --specs=nano.specs -mfpu=fpv4-sp-d16 -mfloat-abi=hard -mthumb -o "Core/Src/usart.o"
arm-none-eabi-gcc "../Core/Src/vl53l1_platform.c" -mcpu=cortex-m4 -std=gnu11 -g3 -DDEBUG -DUSE_HAL_DRIVER -DSTM32F401xC -c -I../Core/Inc -I../Drivers/STM32F4xx_HAL_Driver/Inc -I../Drivers/STM32F4xx_HAL_Driver/Inc/Legacy -I../Drivers/CMSIS/Device/ST/STM32F4xx/Include -I../Drivers/CMSIS/Include -I../Middlewares/Third_Party/FreeRTOS/Source/include -I../Middlewares/Third_Party/FreeRTOS/Source/CMSIS_RTOS_V2 -I../Middlewares/Third_Party/FreeRTOS/Source/portable/GCC/ARM_CM4F -O0 -ffunction-sections -fdata-sections -Wall -fstack-usage -fcyclomatic-complexity -MMD -MP -MF"Core/Src/vl53l1_platform.d" -MT"Core/Src/vl53l1_platform.o" --specs=nano.specs -mfpu=fpv4-sp-d16 -mfloat-abi=hard -mthumb -o "Core/Src/vl53l1_platform.o"
arm-none-eabi-gcc "../Core/Src/vl53l1x_mitsu_app.c" -mcpu=cortex-m4 -std=gnu11 -g3 -DDEBUG -DUSE_HAL_DRIVER -DSTM32F401xC -c -I../Core/Inc -I../Drivers/STM32F4xx_HAL_Driver/Inc -I../Drivers/STM32F4xx_HAL_Driver/Inc/Legacy -I../Drivers/CMSIS/Device/ST/STM32F4xx/Include -I../Drivers/CMSIS/Include -I../Middlewares/Third_Party/FreeRTOS/Source/include -I../Middlewares/Third_Party/FreeRTOS/Source/CMSIS_RTOS_V2 -I../Middlewares/Third_Party/FreeRTOS/Source/portable/GCC/ARM_CM4F -O0 -ffunction-sections -fdata-sections -Wall -fstack-usage -fcyclomatic-complexity -MMD -MP -MF"Core/Src/vl53l1x_mitsu_app.d" -MT"Core/Src/vl53l1x_mitsu_app.o" --specs=nano.specs -mfpu=fpv4-sp-d16 -mfloat-abi=hard -mthumb -o "Core/Src/vl53l1x_mitsu_app.o"
arm-none-eabi-gcc -o "stm32_new.elf" @"objects.list"   -mcpu=cortex-m4 -T"D:\data-2026\lap_top\GHEP-MITSU_BACKUP\stm32_vl53l1x\stm32_new\STM32F401CCUX_FLASH.ld" --specs=nosys.specs -Wl,-Map="stm32_new.map" -Wl,--gc-sections -static --specs=nano.specs -mfpu=fpv4-sp-d16 -mfloat-abi=hard -mthumb -Wl,--start-group -lc -lm -Wl,--end-group
Finished building target: stm32_new.elf
 
arm-none-eabi-size  stm32_new.elf 
arm-none-eabi-objdump -h -S stm32_new.elf  > "stm32_new.list"
   text	   data	    bss	    dec	    hex	filename
  41488	    132	  21804	  63424	   f7c0	stm32_new.elf
Finished building: default.size.stdout
 
Finished building: stm32_new.list
 
12:49:24 **** Incremental Build of configuration Debug for project stm32_new ****
make -j4 all 
arm-none-eabi-gcc "../Core/Src/freertos.c" -mcpu=cortex-m4 -std=gnu11 -g3 -DDEBUG -DUSE_HAL_DRIVER -DSTM32F401xC -c -I../Core/Inc -I../Drivers/STM32F4xx_HAL_Driver/Inc -I../Drivers/STM32F4xx_HAL_Driver/Inc/Legacy -I../Drivers/CMSIS/Device/ST/STM32F4xx/Include -I../Drivers/CMSIS/Include -I../Middlewares/Third_Party/FreeRTOS/Source/include -I../Middlewares/Third_Party/FreeRTOS/Source/CMSIS_RTOS_V2 -I../Middlewares/Third_Party/FreeRTOS/Source/portable/GCC/ARM_CM4F -O0 -ffunction-sections -fdata-sections -Wall -fstack-usage -fcyclomatic-complexity -MMD -MP -MF"Core/Src/freertos.d" -MT"Core/Src/freertos.o" --specs=nano.specs -mfpu=fpv4-sp-d16 -mfloat-abi=hard -mthumb -o "Core/Src/freertos.o"
arm-none-eabi-gcc "../Core/Src/usart.c" -mcpu=cortex-m4 -std=gnu11 -g3 -DDEBUG -DUSE_HAL_DRIVER -DSTM32F401xC -c -I../Core/Inc -I../Drivers/STM32F4xx_HAL_Driver/Inc -I../Drivers/STM32F4xx_HAL_Driver/Inc/Legacy -I../Drivers/CMSIS/Device/ST/STM32F4xx/Include -I../Drivers/CMSIS/Include -I../Middlewares/Third_Party/FreeRTOS/Source/include -I../Middlewares/Third_Party/FreeRTOS/Source/CMSIS_RTOS_V2 -I../Middlewares/Third_Party/FreeRTOS/Source/portable/GCC/ARM_CM4F -O0 -ffunction-sections -fdata-sections -Wall -fstack-usage -fcyclomatic-complexity -MMD -MP -MF"Core/Src/usart.d" -MT"Core/Src/usart.o" --specs=nano.specs -mfpu=fpv4-sp-d16 -mfloat-abi=hard -mthumb -o "Core/Src/usart.o"
arm-none-eabi-gcc -o "stm32_new.elf" @"objects.list"   -mcpu=cortex-m4 -T"D:\data-2026\lap_top\GHEP-MITSU_BACKUP\stm32_vl53l1x\stm32_new\STM32F401CCUX_FLASH.ld" --specs=nosys.specs -Wl,-Map="stm32_new.map" -Wl,--gc-sections -static --specs=nano.specs -mfpu=fpv4-sp-d16 -mfloat-abi=hard -mthumb -Wl,--start-group -lc -lm -Wl,--end-group
Finished building target: stm32_new.elf
 
arm-none-eabi-size  stm32_new.elf 
arm-none-eabi-objdump -h -S stm32_new.elf  > "stm32_new.list"
   text	   data	    bss	    dec	    hex	filename
  41488	    132	  21804	  63424	   f7c0	stm32_new.elf
Finished building: default.size.stdout
 
Finished building: stm32_new.list
 
13:09:46 **** Incremental Build of configuration Debug for project stm32_new ****
make -j4 all 
arm-none-eabi-gcc "../Core/Src/VL53L1X_api.c" -mcpu=cortex-m4 -std=gnu11 -g3 -DDEBUG -DUSE_HAL_DRIVER -DSTM32F401xC -c -I../Core/Inc -I../Drivers/STM32F4xx_HAL_Driver/Inc -I../Drivers/STM32F4xx_HAL_Driver/Inc/Legacy -I../Drivers/CMSIS/Device/ST/STM32F4xx/Include -I../Drivers/CMSIS/Include -I../Middlewares/Third_Party/FreeRTOS/Source/include -I../Middlewares/Third_Party/FreeRTOS/Source/CMSIS_RTOS_V2 -I../Middlewares/Third_Party/FreeRTOS/Source/portable/GCC/ARM_CM4F -O0 -ffunction-sections -fdata-sections -Wall -fstack-usage -fcyclomatic-complexity -MMD -MP -MF"Core/Src/VL53L1X_api.d" -MT"Core/Src/VL53L1X_api.o" --specs=nano.specs -mfpu=fpv4-sp-d16 -mfloat-abi=hard -mthumb -o "Core/Src/VL53L1X_api.o"
arm-none-eabi-gcc "../Core/Src/VL53L1X_calibration.c" -mcpu=cortex-m4 -std=gnu11 -g3 -DDEBUG -DUSE_HAL_DRIVER -DSTM32F401xC -c -I../Core/Inc -I../Drivers/STM32F4xx_HAL_Driver/Inc -I../Drivers/STM32F4xx_HAL_Driver/Inc/Legacy -I../Drivers/CMSIS/Device/ST/STM32F4xx/Include -I../Drivers/CMSIS/Include -I../Middlewares/Third_Party/FreeRTOS/Source/include -I../Middlewares/Third_Party/FreeRTOS/Source/CMSIS_RTOS_V2 -I../Middlewares/Third_Party/FreeRTOS/Source/portable/GCC/ARM_CM4F -O0 -ffunction-sections -fdata-sections -Wall -fstack-usage -fcyclomatic-complexity -MMD -MP -MF"Core/Src/VL53L1X_calibration.d" -MT"Core/Src/VL53L1X_calibration.o" --specs=nano.specs -mfpu=fpv4-sp-d16 -mfloat-abi=hard -mthumb -o "Core/Src/VL53L1X_calibration.o"
arm-none-eabi-gcc "../Core/Src/dma.c" -mcpu=cortex-m4 -std=gnu11 -g3 -DDEBUG -DUSE_HAL_DRIVER -DSTM32F401xC -c -I../Core/Inc -I../Drivers/STM32F4xx_HAL_Driver/Inc -I../Drivers/STM32F4xx_HAL_Driver/Inc/Legacy -I../Drivers/CMSIS/Device/ST/STM32F4xx/Include -I../Drivers/CMSIS/Include -I../Middlewares/Third_Party/FreeRTOS/Source/include -I../Middlewares/Third_Party/FreeRTOS/Source/CMSIS_RTOS_V2 -I../Middlewares/Third_Party/FreeRTOS/Source/portable/GCC/ARM_CM4F -O0 -ffunction-sections -fdata-sections -Wall -fstack-usage -fcyclomatic-complexity -MMD -MP -MF"Core/Src/dma.d" -MT"Core/Src/dma.o" --specs=nano.specs -mfpu=fpv4-sp-d16 -mfloat-abi=hard -mthumb -o "Core/Src/dma.o"
arm-none-eabi-gcc "../Core/Src/freertos.c" -mcpu=cortex-m4 -std=gnu11 -g3 -DDEBUG -DUSE_HAL_DRIVER -DSTM32F401xC -c -I../Core/Inc -I../Drivers/STM32F4xx_HAL_Driver/Inc -I../Drivers/STM32F4xx_HAL_Driver/Inc/Legacy -I../Drivers/CMSIS/Device/ST/STM32F4xx/Include -I../Drivers/CMSIS/Include -I../Middlewares/Third_Party/FreeRTOS/Source/include -I../Middlewares/Third_Party/FreeRTOS/Source/CMSIS_RTOS_V2 -I../Middlewares/Third_Party/FreeRTOS/Source/portable/GCC/ARM_CM4F -O0 -ffunction-sections -fdata-sections -Wall -fstack-usage -fcyclomatic-complexity -MMD -MP -MF"Core/Src/freertos.d" -MT"Core/Src/freertos.o" --specs=nano.specs -mfpu=fpv4-sp-d16 -mfloat-abi=hard -mthumb -o "Core/Src/freertos.o"
arm-none-eabi-gcc "../Core/Src/gpio.c" -mcpu=cortex-m4 -std=gnu11 -g3 -DDEBUG -DUSE_HAL_DRIVER -DSTM32F401xC -c -I../Core/Inc -I../Drivers/STM32F4xx_HAL_Driver/Inc -I../Drivers/STM32F4xx_HAL_Driver/Inc/Legacy -I../Drivers/CMSIS/Device/ST/STM32F4xx/Include -I../Drivers/CMSIS/Include -I../Middlewares/Third_Party/FreeRTOS/Source/include -I../Middlewares/Third_Party/FreeRTOS/Source/CMSIS_RTOS_V2 -I../Middlewares/Third_Party/FreeRTOS/Source/portable/GCC/ARM_CM4F -O0 -ffunction-sections -fdata-sections -Wall -fstack-usage -fcyclomatic-complexity -MMD -MP -MF"Core/Src/gpio.d" -MT"Core/Src/gpio.o" --specs=nano.specs -mfpu=fpv4-sp-d16 -mfloat-abi=hard -mthumb -o "Core/Src/gpio.o"
arm-none-eabi-gcc "../Core/Src/i2c.c" -mcpu=cortex-m4 -std=gnu11 -g3 -DDEBUG -DUSE_HAL_DRIVER -DSTM32F401xC -c -I../Core/Inc -I../Drivers/STM32F4xx_HAL_Driver/Inc -I../Drivers/STM32F4xx_HAL_Driver/Inc/Legacy -I../Drivers/CMSIS/Device/ST/STM32F4xx/Include -I../Drivers/CMSIS/Include -I../Middlewares/Third_Party/FreeRTOS/Source/include -I../Middlewares/Third_Party/FreeRTOS/Source/CMSIS_RTOS_V2 -I../Middlewares/Third_Party/FreeRTOS/Source/portable/GCC/ARM_CM4F -O0 -ffunction-sections -fdata-sections -Wall -fstack-usage -fcyclomatic-complexity -MMD -MP -MF"Core/Src/i2c.d" -MT"Core/Src/i2c.o" --specs=nano.specs -mfpu=fpv4-sp-d16 -mfloat-abi=hard -mthumb -o "Core/Src/i2c.o"
arm-none-eabi-gcc "../Core/Src/main.c" -mcpu=cortex-m4 -std=gnu11 -g3 -DDEBUG -DUSE_HAL_DRIVER -DSTM32F401xC -c -I../Core/Inc -I../Drivers/STM32F4xx_HAL_Driver/Inc -I../Drivers/STM32F4xx_HAL_Driver/Inc/Legacy -I../Drivers/CMSIS/Device/ST/STM32F4xx/Include -I../Drivers/CMSIS/Include -I../Middlewares/Third_Party/FreeRTOS/Source/include -I../Middlewares/Third_Party/FreeRTOS/Source/CMSIS_RTOS_V2 -I../Middlewares/Third_Party/FreeRTOS/Source/portable/GCC/ARM_CM4F -O0 -ffunction-sections -fdata-sections -Wall -fstack-usage -fcyclomatic-complexity -MMD -MP -MF"Core/Src/main.d" -MT"Core/Src/main.o" --specs=nano.specs -mfpu=fpv4-sp-d16 -mfloat-abi=hard -mthumb -o "Core/Src/main.o"
arm-none-eabi-gcc "../Core/Src/stm32f4xx_hal_msp.c" -mcpu=cortex-m4 -std=gnu11 -g3 -DDEBUG -DUSE_HAL_DRIVER -DSTM32F401xC -c -I../Core/Inc -I../Drivers/STM32F4xx_HAL_Driver/Inc -I../Drivers/STM32F4xx_HAL_Driver/Inc/Legacy -I../Drivers/CMSIS/Device/ST/STM32F4xx/Include -I../Drivers/CMSIS/Include -I../Middlewares/Third_Party/FreeRTOS/Source/include -I../Middlewares/Third_Party/FreeRTOS/Source/CMSIS_RTOS_V2 -I../Middlewares/Third_Party/FreeRTOS/Source/portable/GCC/ARM_CM4F -O0 -ffunction-sections -fdata-sections -Wall -fstack-usage -fcyclomatic-complexity -MMD -MP -MF"Core/Src/stm32f4xx_hal_msp.d" -MT"Core/Src/stm32f4xx_hal_msp.o" --specs=nano.specs -mfpu=fpv4-sp-d16 -mfloat-abi=hard -mthumb -o "Core/Src/stm32f4xx_hal_msp.o"
arm-none-eabi-gcc "../Core/Src/stm32f4xx_hal_timebase_tim.c" -mcpu=cortex-m4 -std=gnu11 -g3 -DDEBUG -DUSE_HAL_DRIVER -DSTM32F401xC -c -I../Core/Inc -I../Drivers/STM32F4xx_HAL_Driver/Inc -I../Drivers/STM32F4xx_HAL_Driver/Inc/Legacy -I../Drivers/CMSIS/Device/ST/STM32F4xx/Include -I../Drivers/CMSIS/Include -I../Middlewares/Third_Party/FreeRTOS/Source/include -I../Middlewares/Third_Party/FreeRTOS/Source/CMSIS_RTOS_V2 -I../Middlewares/Third_Party/FreeRTOS/Source/portable/GCC/ARM_CM4F -O0 -ffunction-sections -fdata-sections -Wall -fstack-usage -fcyclomatic-complexity -MMD -MP -MF"Core/Src/stm32f4xx_hal_timebase_tim.d" -MT"Core/Src/stm32f4xx_hal_timebase_tim.o" --specs=nano.specs -mfpu=fpv4-sp-d16 -mfloat-abi=hard -mthumb -o "Core/Src/stm32f4xx_hal_timebase_tim.o"
arm-none-eabi-gcc "../Core/Src/stm32f4xx_it.c" -mcpu=cortex-m4 -std=gnu11 -g3 -DDEBUG -DUSE_HAL_DRIVER -DSTM32F401xC -c -I../Core/Inc -I../Drivers/STM32F4xx_HAL_Driver/Inc -I../Drivers/STM32F4xx_HAL_Driver/Inc/Legacy -I../Drivers/CMSIS/Device/ST/STM32F4xx/Include -I../Drivers/CMSIS/Include -I../Middlewares/Third_Party/FreeRTOS/Source/include -I../Middlewares/Third_Party/FreeRTOS/Source/CMSIS_RTOS_V2 -I../Middlewares/Third_Party/FreeRTOS/Source/portable/GCC/ARM_CM4F -O0 -ffunction-sections -fdata-sections -Wall -fstack-usage -fcyclomatic-complexity -MMD -MP -MF"Core/Src/stm32f4xx_it.d" -MT"Core/Src/stm32f4xx_it.o" --specs=nano.specs -mfpu=fpv4-sp-d16 -mfloat-abi=hard -mthumb -o "Core/Src/stm32f4xx_it.o"
arm-none-eabi-gcc "../Core/Src/syscalls.c" -mcpu=cortex-m4 -std=gnu11 -g3 -DDEBUG -DUSE_HAL_DRIVER -DSTM32F401xC -c -I../Core/Inc -I../Drivers/STM32F4xx_HAL_Driver/Inc -I../Drivers/STM32F4xx_HAL_Driver/Inc/Legacy -I../Drivers/CMSIS/Device/ST/STM32F4xx/Include -I../Drivers/CMSIS/Include -I../Middlewares/Third_Party/FreeRTOS/Source/include -I../Middlewares/Third_Party/FreeRTOS/Source/CMSIS_RTOS_V2 -I../Middlewares/Third_Party/FreeRTOS/Source/portable/GCC/ARM_CM4F -O0 -ffunction-sections -fdata-sections -Wall -fstack-usage -fcyclomatic-complexity -MMD -MP -MF"Core/Src/syscalls.d" -MT"Core/Src/syscalls.o" --specs=nano.specs -mfpu=fpv4-sp-d16 -mfloat-abi=hard -mthumb -o "Core/Src/syscalls.o"
arm-none-eabi-gcc "../Core/Src/sysmem.c" -mcpu=cortex-m4 -std=gnu11 -g3 -DDEBUG -DUSE_HAL_DRIVER -DSTM32F401xC -c -I../Core/Inc -I../Drivers/STM32F4xx_HAL_Driver/Inc -I../Drivers/STM32F4xx_HAL_Driver/Inc/Legacy -I../Drivers/CMSIS/Device/ST/STM32F4xx/Include -I../Drivers/CMSIS/Include -I../Middlewares/Third_Party/FreeRTOS/Source/include -I../Middlewares/Third_Party/FreeRTOS/Source/CMSIS_RTOS_V2 -I../Middlewares/Third_Party/FreeRTOS/Source/portable/GCC/ARM_CM4F -O0 -ffunction-sections -fdata-sections -Wall -fstack-usage -fcyclomatic-complexity -MMD -MP -MF"Core/Src/sysmem.d" -MT"Core/Src/sysmem.o" --specs=nano.specs -mfpu=fpv4-sp-d16 -mfloat-abi=hard -mthumb -o "Core/Src/sysmem.o"
arm-none-eabi-gcc "../Core/Src/system_stm32f4xx.c" -mcpu=cortex-m4 -std=gnu11 -g3 -DDEBUG -DUSE_HAL_DRIVER -DSTM32F401xC -c -I../Core/Inc -I../Drivers/STM32F4xx_HAL_Driver/Inc -I../Drivers/STM32F4xx_HAL_Driver/Inc/Legacy -I../Drivers/CMSIS/Device/ST/STM32F4xx/Include -I../Drivers/CMSIS/Include -I../Middlewares/Third_Party/FreeRTOS/Source/include -I../Middlewares/Third_Party/FreeRTOS/Source/CMSIS_RTOS_V2 -I../Middlewares/Third_Party/FreeRTOS/Source/portable/GCC/ARM_CM4F -O0 -ffunction-sections -fdata-sections -Wall -fstack-usage -fcyclomatic-complexity -MMD -MP -MF"Core/Src/system_stm32f4xx.d" -MT"Core/Src/system_stm32f4xx.o" --specs=nano.specs -mfpu=fpv4-sp-d16 -mfloat-abi=hard -mthumb -o "Core/Src/system_stm32f4xx.o"
arm-none-eabi-gcc "../Core/Src/usart.c" -mcpu=cortex-m4 -std=gnu11 -g3 -DDEBUG -DUSE_HAL_DRIVER -DSTM32F401xC -c -I../Core/Inc -I../Drivers/STM32F4xx_HAL_Driver/Inc -I../Drivers/STM32F4xx_HAL_Driver/Inc/Legacy -I../Drivers/CMSIS/Device/ST/STM32F4xx/Include -I../Drivers/CMSIS/Include -I../Middlewares/Third_Party/FreeRTOS/Source/include -I../Middlewares/Third_Party/FreeRTOS/Source/CMSIS_RTOS_V2 -I../Middlewares/Third_Party/FreeRTOS/Source/portable/GCC/ARM_CM4F -O0 -ffunction-sections -fdata-sections -Wall -fstack-usage -fcyclomatic-complexity -MMD -MP -MF"Core/Src/usart.d" -MT"Core/Src/usart.o" --specs=nano.specs -mfpu=fpv4-sp-d16 -mfloat-abi=hard -mthumb -o "Core/Src/usart.o"
arm-none-eabi-gcc "../Core/Src/vl53l1_platform.c" -mcpu=cortex-m4 -std=gnu11 -g3 -DDEBUG -DUSE_HAL_DRIVER -DSTM32F401xC -c -I../Core/Inc -I../Drivers/STM32F4xx_HAL_Driver/Inc -I../Drivers/STM32F4xx_HAL_Driver/Inc/Legacy -I../Drivers/CMSIS/Device/ST/STM32F4xx/Include -I../Drivers/CMSIS/Include -I../Middlewares/Third_Party/FreeRTOS/Source/include -I../Middlewares/Third_Party/FreeRTOS/Source/CMSIS_RTOS_V2 -I../Middlewares/Third_Party/FreeRTOS/Source/portable/GCC/ARM_CM4F -O0 -ffunction-sections -fdata-sections -Wall -fstack-usage -fcyclomatic-complexity -MMD -MP -MF"Core/Src/vl53l1_platform.d" -MT"Core/Src/vl53l1_platform.o" --specs=nano.specs -mfpu=fpv4-sp-d16 -mfloat-abi=hard -mthumb -o "Core/Src/vl53l1_platform.o"
arm-none-eabi-gcc "../Core/Src/vl53l1x_mitsu_app.c" -mcpu=cortex-m4 -std=gnu11 -g3 -DDEBUG -DUSE_HAL_DRIVER -DSTM32F401xC -c -I../Core/Inc -I../Drivers/STM32F4xx_HAL_Driver/Inc -I../Drivers/STM32F4xx_HAL_Driver/Inc/Legacy -I../Drivers/CMSIS/Device/ST/STM32F4xx/Include -I../Drivers/CMSIS/Include -I../Middlewares/Third_Party/FreeRTOS/Source/include -I../Middlewares/Third_Party/FreeRTOS/Source/CMSIS_RTOS_V2 -I../Middlewares/Third_Party/FreeRTOS/Source/portable/GCC/ARM_CM4F -O0 -ffunction-sections -fdata-sections -Wall -fstack-usage -fcyclomatic-complexity -MMD -MP -MF"Core/Src/vl53l1x_mitsu_app.d" -MT"Core/Src/vl53l1x_mitsu_app.o" --specs=nano.specs -mfpu=fpv4-sp-d16 -mfloat-abi=hard -mthumb -o "Core/Src/vl53l1x_mitsu_app.o"
arm-none-eabi-gcc "../Core/Src/vl53l1x_mitsu_app_backup.c" -mcpu=cortex-m4 -std=gnu11 -g3 -DDEBUG -DUSE_HAL_DRIVER -DSTM32F401xC -c -I../Core/Inc -I../Drivers/STM32F4xx_HAL_Driver/Inc -I../Drivers/STM32F4xx_HAL_Driver/Inc/Legacy -I../Drivers/CMSIS/Device/ST/STM32F4xx/Include -I../Drivers/CMSIS/Include -I../Middlewares/Third_Party/FreeRTOS/Source/include -I../Middlewares/Third_Party/FreeRTOS/Source/CMSIS_RTOS_V2 -I../Middlewares/Third_Party/FreeRTOS/Source/portable/GCC/ARM_CM4F -O0 -ffunction-sections -fdata-sections -Wall -fstack-usage -fcyclomatic-complexity -MMD -MP -MF"Core/Src/vl53l1x_mitsu_app_backup.d" -MT"Core/Src/vl53l1x_mitsu_app_backup.o" --specs=nano.specs -mfpu=fpv4-sp-d16 -mfloat-abi=hard -mthumb -o "Core/Src/vl53l1x_mitsu_app_backup.o"
arm-none-eabi-gcc -o "stm32_new.elf" @"objects.list"   -mcpu=cortex-m4 -T"D:\data-2026\lap_top\GHEP-MITSU_BACKUP\stm32_vl53l1x\stm32_new\STM32F401CCUX_FLASH.ld" --specs=nosys.specs -Wl,-Map="stm32_new.map" -Wl,--gc-sections -static --specs=nano.specs -mfpu=fpv4-sp-d16 -mfloat-abi=hard -mthumb -Wl,--start-group -lc -lm -Wl,--end-group
C:/ST/STM32CubeIDE_2.2.0/STM32CubeIDE/plugins/com.st.stm32cube.ide.mcu.externaltools.gnu-tools-for-stm32.14.3.rel1.win32_1.0.100.202602081740/tools/bin/../lib/gcc/arm-none-eabi/14.3.1/../../../../arm-none-eabi/bin/ld.exe: ./Core/Src/vl53l1x_mitsu_app_backup.o:D:/data-2026/lap_top/GHEP-MITSU_BACKUP/stm32_vl53l1x/stm32_new/Debug/../Core/Src/vl53l1x_mitsu_app_backup.c:19: multiple definition of `g_vl53_app'; ./Core/Src/vl53l1x_mitsu_app.o:D:/data-2026/lap_top/GHEP-MITSU_BACKUP/stm32_vl53l1x/stm32_new/Debug/../Core/Src/vl53l1x_mitsu_app.c:19: first defined here
C:/ST/STM32CubeIDE_2.2.0/STM32CubeIDE/plugins/com.st.stm32cube.ide.mcu.externaltools.gnu-tools-for-stm32.14.3.rel1.win32_1.0.100.202602081740/tools/bin/../lib/gcc/arm-none-eabi/14.3.1/../../../../arm-none-eabi/bin/ld.exe: ./Core/Src/vl53l1x_mitsu_app_backup.o: in function `__io_putchar':
D:/data-2026/lap_top/GHEP-MITSU_BACKUP/stm32_vl53l1x/stm32_new/Debug/../Core/Src/vl53l1x_mitsu_app_backup.c:41: multiple definition of `__io_putchar'; ./Core/Src/vl53l1x_mitsu_app.o:D:/data-2026/lap_top/GHEP-MITSU_BACKUP/stm32_vl53l1x/stm32_new/Debug/../Core/Src/vl53l1x_mitsu_app.c:42: first defined here
C:/ST/STM32CubeIDE_2.2.0/STM32CubeIDE/plugins/com.st.stm32cube.ide.mcu.externaltools.gnu-tools-for-stm32.14.3.rel1.win32_1.0.100.202602081740/tools/bin/../lib/gcc/arm-none-eabi/14.3.1/../../../../arm-none-eabi/bin/ld.exe: ./Core/Src/vl53l1x_mitsu_app_backup.o: in function `HAL_UART_RxCpltCallback':
D:/data-2026/lap_top/GHEP-MITSU_BACKUP/stm32_vl53l1x/stm32_new/Debug/../Core/Src/vl53l1x_mitsu_app_backup.c:133: multiple definition of `HAL_UART_RxCpltCallback'; ./Core/Src/vl53l1x_mitsu_app.o:D:/data-2026/lap_top/GHEP-MITSU_BACKUP/stm32_vl53l1x/stm32_new/Debug/../Core/Src/vl53l1x_mitsu_app.c:137: first defined here
C:/ST/STM32CubeIDE_2.2.0/STM32CubeIDE/plugins/com.st.stm32cube.ide.mcu.externaltools.gnu-tools-for-stm32.14.3.rel1.win32_1.0.100.202602081740/tools/bin/../lib/gcc/arm-none-eabi/14.3.1/../../../../arm-none-eabi/bin/ld.exe: ./Core/Src/vl53l1x_mitsu_app_backup.o: in function `VL53L1X_App_Init':
D:/data-2026/lap_top/GHEP-MITSU_BACKUP/stm32_vl53l1x/stm32_new/Debug/../Core/Src/vl53l1x_mitsu_app_backup.c:178: multiple definition of `VL53L1X_App_Init'; ./Core/Src/vl53l1x_mitsu_app.o:D:/data-2026/lap_top/GHEP-MITSU_BACKUP/stm32_vl53l1x/stm32_new/Debug/../Core/Src/vl53l1x_mitsu_app.c:182: first defined here
C:/ST/STM32CubeIDE_2.2.0/STM32CubeIDE/plugins/com.st.stm32cube.ide.mcu.externaltools.gnu-tools-for-stm32.14.3.rel1.win32_1.0.100.202602081740/tools/bin/../lib/gcc/arm-none-eabi/14.3.1/../../../../arm-none-eabi/bin/ld.exe: ./Core/Src/vl53l1x_mitsu_app_backup.o: in function `VL53L1X_Task_Sensor_Run':
D:/data-2026/lap_top/GHEP-MITSU_BACKUP/stm32_vl53l1x/stm32_new/Debug/../Core/Src/vl53l1x_mitsu_app_backup.c:183: multiple definition of `VL53L1X_Task_Sensor_Run'; ./Core/Src/vl53l1x_mitsu_app.o:D:/data-2026/lap_top/GHEP-MITSU_BACKUP/stm32_vl53l1x/stm32_new/Debug/../Core/Src/vl53l1x_mitsu_app.c:187: first defined here
C:/ST/STM32CubeIDE_2.2.0/STM32CubeIDE/plugins/com.st.stm32cube.ide.mcu.externaltools.gnu-tools-for-stm32.14.3.rel1.win32_1.0.100.202602081740/tools/bin/../lib/gcc/arm-none-eabi/14.3.1/../../../../arm-none-eabi/bin/ld.exe: ./Core/Src/vl53l1x_mitsu_app_backup.o: in function `VL53L1X_Task_PLC_Run':
D:/data-2026/lap_top/GHEP-MITSU_BACKUP/stm32_vl53l1x/stm32_new/Debug/../Core/Src/vl53l1x_mitsu_app_backup.c:219: multiple definition of `VL53L1X_Task_PLC_Run'; ./Core/Src/vl53l1x_mitsu_app.o:D:/data-2026/lap_top/GHEP-MITSU_BACKUP/stm32_vl53l1x/stm32_new/Debug/../Core/Src/vl53l1x_mitsu_app.c:223: first defined here
collect2.exe: error: ld returned 1 exit status
make: *** [makefile:68: stm32_new.elf] Error 1
"make -j4 all" terminated with exit code 2. Build might be incomplete.
13:12:33 **** Incremental Build of configuration Debug for project stm32_new ****
make -j4 all 
arm-none-eabi-gcc "../Core/Src/VL53L1X_api.c" -mcpu=cortex-m4 -std=gnu11 -g3 -DDEBUG -DUSE_HAL_DRIVER -DSTM32F401xC -c -I../Core/Inc -I../Drivers/STM32F4xx_HAL_Driver/Inc -I../Drivers/STM32F4xx_HAL_Driver/Inc/Legacy -I../Drivers/CMSIS/Device/ST/STM32F4xx/Include -I../Drivers/CMSIS/Include -I../Middlewares/Third_Party/FreeRTOS/Source/include -I../Middlewares/Third_Party/FreeRTOS/Source/CMSIS_RTOS_V2 -I../Middlewares/Third_Party/FreeRTOS/Source/portable/GCC/ARM_CM4F -O0 -ffunction-sections -fdata-sections -Wall -fstack-usage -fcyclomatic-complexity -MMD -MP -MF"Core/Src/VL53L1X_api.d" -MT"Core/Src/VL53L1X_api.o" --specs=nano.specs -mfpu=fpv4-sp-d16 -mfloat-abi=hard -mthumb -o "Core/Src/VL53L1X_api.o"
arm-none-eabi-gcc "../Core/Src/VL53L1X_calibration.c" -mcpu=cortex-m4 -std=gnu11 -g3 -DDEBUG -DUSE_HAL_DRIVER -DSTM32F401xC -c -I../Core/Inc -I../Drivers/STM32F4xx_HAL_Driver/Inc -I../Drivers/STM32F4xx_HAL_Driver/Inc/Legacy -I../Drivers/CMSIS/Device/ST/STM32F4xx/Include -I../Drivers/CMSIS/Include -I../Middlewares/Third_Party/FreeRTOS/Source/include -I../Middlewares/Third_Party/FreeRTOS/Source/CMSIS_RTOS_V2 -I../Middlewares/Third_Party/FreeRTOS/Source/portable/GCC/ARM_CM4F -O0 -ffunction-sections -fdata-sections -Wall -fstack-usage -fcyclomatic-complexity -MMD -MP -MF"Core/Src/VL53L1X_calibration.d" -MT"Core/Src/VL53L1X_calibration.o" --specs=nano.specs -mfpu=fpv4-sp-d16 -mfloat-abi=hard -mthumb -o "Core/Src/VL53L1X_calibration.o"
arm-none-eabi-gcc "../Core/Src/dma.c" -mcpu=cortex-m4 -std=gnu11 -g3 -DDEBUG -DUSE_HAL_DRIVER -DSTM32F401xC -c -I../Core/Inc -I../Drivers/STM32F4xx_HAL_Driver/Inc -I../Drivers/STM32F4xx_HAL_Driver/Inc/Legacy -I../Drivers/CMSIS/Device/ST/STM32F4xx/Include -I../Drivers/CMSIS/Include -I../Middlewares/Third_Party/FreeRTOS/Source/include -I../Middlewares/Third_Party/FreeRTOS/Source/CMSIS_RTOS_V2 -I../Middlewares/Third_Party/FreeRTOS/Source/portable/GCC/ARM_CM4F -O0 -ffunction-sections -fdata-sections -Wall -fstack-usage -fcyclomatic-complexity -MMD -MP -MF"Core/Src/dma.d" -MT"Core/Src/dma.o" --specs=nano.specs -mfpu=fpv4-sp-d16 -mfloat-abi=hard -mthumb -o "Core/Src/dma.o"
arm-none-eabi-gcc "../Core/Src/freertos.c" -mcpu=cortex-m4 -std=gnu11 -g3 -DDEBUG -DUSE_HAL_DRIVER -DSTM32F401xC -c -I../Core/Inc -I../Drivers/STM32F4xx_HAL_Driver/Inc -I../Drivers/STM32F4xx_HAL_Driver/Inc/Legacy -I../Drivers/CMSIS/Device/ST/STM32F4xx/Include -I../Drivers/CMSIS/Include -I../Middlewares/Third_Party/FreeRTOS/Source/include -I../Middlewares/Third_Party/FreeRTOS/Source/CMSIS_RTOS_V2 -I../Middlewares/Third_Party/FreeRTOS/Source/portable/GCC/ARM_CM4F -O0 -ffunction-sections -fdata-sections -Wall -fstack-usage -fcyclomatic-complexity -MMD -MP -MF"Core/Src/freertos.d" -MT"Core/Src/freertos.o" --specs=nano.specs -mfpu=fpv4-sp-d16 -mfloat-abi=hard -mthumb -o "Core/Src/freertos.o"
arm-none-eabi-gcc "../Core/Src/gpio.c" -mcpu=cortex-m4 -std=gnu11 -g3 -DDEBUG -DUSE_HAL_DRIVER -DSTM32F401xC -c -I../Core/Inc -I../Drivers/STM32F4xx_HAL_Driver/Inc -I../Drivers/STM32F4xx_HAL_Driver/Inc/Legacy -I../Drivers/CMSIS/Device/ST/STM32F4xx/Include -I../Drivers/CMSIS/Include -I../Middlewares/Third_Party/FreeRTOS/Source/include -I../Middlewares/Third_Party/FreeRTOS/Source/CMSIS_RTOS_V2 -I../Middlewares/Third_Party/FreeRTOS/Source/portable/GCC/ARM_CM4F -O0 -ffunction-sections -fdata-sections -Wall -fstack-usage -fcyclomatic-complexity -MMD -MP -MF"Core/Src/gpio.d" -MT"Core/Src/gpio.o" --specs=nano.specs -mfpu=fpv4-sp-d16 -mfloat-abi=hard -mthumb -o "Core/Src/gpio.o"
arm-none-eabi-gcc "../Core/Src/i2c.c" -mcpu=cortex-m4 -std=gnu11 -g3 -DDEBUG -DUSE_HAL_DRIVER -DSTM32F401xC -c -I../Core/Inc -I../Drivers/STM32F4xx_HAL_Driver/Inc -I../Drivers/STM32F4xx_HAL_Driver/Inc/Legacy -I../Drivers/CMSIS/Device/ST/STM32F4xx/Include -I../Drivers/CMSIS/Include -I../Middlewares/Third_Party/FreeRTOS/Source/include -I../Middlewares/Third_Party/FreeRTOS/Source/CMSIS_RTOS_V2 -I../Middlewares/Third_Party/FreeRTOS/Source/portable/GCC/ARM_CM4F -O0 -ffunction-sections -fdata-sections -Wall -fstack-usage -fcyclomatic-complexity -MMD -MP -MF"Core/Src/i2c.d" -MT"Core/Src/i2c.o" --specs=nano.specs -mfpu=fpv4-sp-d16 -mfloat-abi=hard -mthumb -o "Core/Src/i2c.o"
arm-none-eabi-gcc "../Core/Src/main.c" -mcpu=cortex-m4 -std=gnu11 -g3 -DDEBUG -DUSE_HAL_DRIVER -DSTM32F401xC -c -I../Core/Inc -I../Drivers/STM32F4xx_HAL_Driver/Inc -I../Drivers/STM32F4xx_HAL_Driver/Inc/Legacy -I../Drivers/CMSIS/Device/ST/STM32F4xx/Include -I../Drivers/CMSIS/Include -I../Middlewares/Third_Party/FreeRTOS/Source/include -I../Middlewares/Third_Party/FreeRTOS/Source/CMSIS_RTOS_V2 -I../Middlewares/Third_Party/FreeRTOS/Source/portable/GCC/ARM_CM4F -O0 -ffunction-sections -fdata-sections -Wall -fstack-usage -fcyclomatic-complexity -MMD -MP -MF"Core/Src/main.d" -MT"Core/Src/main.o" --specs=nano.specs -mfpu=fpv4-sp-d16 -mfloat-abi=hard -mthumb -o "Core/Src/main.o"
arm-none-eabi-gcc "../Core/Src/stm32f4xx_hal_msp.c" -mcpu=cortex-m4 -std=gnu11 -g3 -DDEBUG -DUSE_HAL_DRIVER -DSTM32F401xC -c -I../Core/Inc -I../Drivers/STM32F4xx_HAL_Driver/Inc -I../Drivers/STM32F4xx_HAL_Driver/Inc/Legacy -I../Drivers/CMSIS/Device/ST/STM32F4xx/Include -I../Drivers/CMSIS/Include -I../Middlewares/Third_Party/FreeRTOS/Source/include -I../Middlewares/Third_Party/FreeRTOS/Source/CMSIS_RTOS_V2 -I../Middlewares/Third_Party/FreeRTOS/Source/portable/GCC/ARM_CM4F -O0 -ffunction-sections -fdata-sections -Wall -fstack-usage -fcyclomatic-complexity -MMD -MP -MF"Core/Src/stm32f4xx_hal_msp.d" -MT"Core/Src/stm32f4xx_hal_msp.o" --specs=nano.specs -mfpu=fpv4-sp-d16 -mfloat-abi=hard -mthumb -o "Core/Src/stm32f4xx_hal_msp.o"
arm-none-eabi-gcc "../Core/Src/stm32f4xx_hal_timebase_tim.c" -mcpu=cortex-m4 -std=gnu11 -g3 -DDEBUG -DUSE_HAL_DRIVER -DSTM32F401xC -c -I../Core/Inc -I../Drivers/STM32F4xx_HAL_Driver/Inc -I../Drivers/STM32F4xx_HAL_Driver/Inc/Legacy -I../Drivers/CMSIS/Device/ST/STM32F4xx/Include -I../Drivers/CMSIS/Include -I../Middlewares/Third_Party/FreeRTOS/Source/include -I../Middlewares/Third_Party/FreeRTOS/Source/CMSIS_RTOS_V2 -I../Middlewares/Third_Party/FreeRTOS/Source/portable/GCC/ARM_CM4F -O0 -ffunction-sections -fdata-sections -Wall -fstack-usage -fcyclomatic-complexity -MMD -MP -MF"Core/Src/stm32f4xx_hal_timebase_tim.d" -MT"Core/Src/stm32f4xx_hal_timebase_tim.o" --specs=nano.specs -mfpu=fpv4-sp-d16 -mfloat-abi=hard -mthumb -o "Core/Src/stm32f4xx_hal_timebase_tim.o"
arm-none-eabi-gcc "../Core/Src/stm32f4xx_it.c" -mcpu=cortex-m4 -std=gnu11 -g3 -DDEBUG -DUSE_HAL_DRIVER -DSTM32F401xC -c -I../Core/Inc -I../Drivers/STM32F4xx_HAL_Driver/Inc -I../Drivers/STM32F4xx_HAL_Driver/Inc/Legacy -I../Drivers/CMSIS/Device/ST/STM32F4xx/Include -I../Drivers/CMSIS/Include -I../Middlewares/Third_Party/FreeRTOS/Source/include -I../Middlewares/Third_Party/FreeRTOS/Source/CMSIS_RTOS_V2 -I../Middlewares/Third_Party/FreeRTOS/Source/portable/GCC/ARM_CM4F -O0 -ffunction-sections -fdata-sections -Wall -fstack-usage -fcyclomatic-complexity -MMD -MP -MF"Core/Src/stm32f4xx_it.d" -MT"Core/Src/stm32f4xx_it.o" --specs=nano.specs -mfpu=fpv4-sp-d16 -mfloat-abi=hard -mthumb -o "Core/Src/stm32f4xx_it.o"
arm-none-eabi-gcc "../Core/Src/syscalls.c" -mcpu=cortex-m4 -std=gnu11 -g3 -DDEBUG -DUSE_HAL_DRIVER -DSTM32F401xC -c -I../Core/Inc -I../Drivers/STM32F4xx_HAL_Driver/Inc -I../Drivers/STM32F4xx_HAL_Driver/Inc/Legacy -I../Drivers/CMSIS/Device/ST/STM32F4xx/Include -I../Drivers/CMSIS/Include -I../Middlewares/Third_Party/FreeRTOS/Source/include -I../Middlewares/Third_Party/FreeRTOS/Source/CMSIS_RTOS_V2 -I../Middlewares/Third_Party/FreeRTOS/Source/portable/GCC/ARM_CM4F -O0 -ffunction-sections -fdata-sections -Wall -fstack-usage -fcyclomatic-complexity -MMD -MP -MF"Core/Src/syscalls.d" -MT"Core/Src/syscalls.o" --specs=nano.specs -mfpu=fpv4-sp-d16 -mfloat-abi=hard -mthumb -o "Core/Src/syscalls.o"
arm-none-eabi-gcc "../Core/Src/sysmem.c" -mcpu=cortex-m4 -std=gnu11 -g3 -DDEBUG -DUSE_HAL_DRIVER -DSTM32F401xC -c -I../Core/Inc -I../Drivers/STM32F4xx_HAL_Driver/Inc -I../Drivers/STM32F4xx_HAL_Driver/Inc/Legacy -I../Drivers/CMSIS/Device/ST/STM32F4xx/Include -I../Drivers/CMSIS/Include -I../Middlewares/Third_Party/FreeRTOS/Source/include -I../Middlewares/Third_Party/FreeRTOS/Source/CMSIS_RTOS_V2 -I../Middlewares/Third_Party/FreeRTOS/Source/portable/GCC/ARM_CM4F -O0 -ffunction-sections -fdata-sections -Wall -fstack-usage -fcyclomatic-complexity -MMD -MP -MF"Core/Src/sysmem.d" -MT"Core/Src/sysmem.o" --specs=nano.specs -mfpu=fpv4-sp-d16 -mfloat-abi=hard -mthumb -o "Core/Src/sysmem.o"
arm-none-eabi-gcc "../Core/Src/system_stm32f4xx.c" -mcpu=cortex-m4 -std=gnu11 -g3 -DDEBUG -DUSE_HAL_DRIVER -DSTM32F401xC -c -I../Core/Inc -I../Drivers/STM32F4xx_HAL_Driver/Inc -I../Drivers/STM32F4xx_HAL_Driver/Inc/Legacy -I../Drivers/CMSIS/Device/ST/STM32F4xx/Include -I../Drivers/CMSIS/Include -I../Middlewares/Third_Party/FreeRTOS/Source/include -I../Middlewares/Third_Party/FreeRTOS/Source/CMSIS_RTOS_V2 -I../Middlewares/Third_Party/FreeRTOS/Source/portable/GCC/ARM_CM4F -O0 -ffunction-sections -fdata-sections -Wall -fstack-usage -fcyclomatic-complexity -MMD -MP -MF"Core/Src/system_stm32f4xx.d" -MT"Core/Src/system_stm32f4xx.o" --specs=nano.specs -mfpu=fpv4-sp-d16 -mfloat-abi=hard -mthumb -o "Core/Src/system_stm32f4xx.o"
arm-none-eabi-gcc "../Core/Src/usart.c" -mcpu=cortex-m4 -std=gnu11 -g3 -DDEBUG -DUSE_HAL_DRIVER -DSTM32F401xC -c -I../Core/Inc -I../Drivers/STM32F4xx_HAL_Driver/Inc -I../Drivers/STM32F4xx_HAL_Driver/Inc/Legacy -I../Drivers/CMSIS/Device/ST/STM32F4xx/Include -I../Drivers/CMSIS/Include -I../Middlewares/Third_Party/FreeRTOS/Source/include -I../Middlewares/Third_Party/FreeRTOS/Source/CMSIS_RTOS_V2 -I../Middlewares/Third_Party/FreeRTOS/Source/portable/GCC/ARM_CM4F -O0 -ffunction-sections -fdata-sections -Wall -fstack-usage -fcyclomatic-complexity -MMD -MP -MF"Core/Src/usart.d" -MT"Core/Src/usart.o" --specs=nano.specs -mfpu=fpv4-sp-d16 -mfloat-abi=hard -mthumb -o "Core/Src/usart.o"
arm-none-eabi-gcc "../Core/Src/vl53l1_platform.c" -mcpu=cortex-m4 -std=gnu11 -g3 -DDEBUG -DUSE_HAL_DRIVER -DSTM32F401xC -c -I../Core/Inc -I../Drivers/STM32F4xx_HAL_Driver/Inc -I../Drivers/STM32F4xx_HAL_Driver/Inc/Legacy -I../Drivers/CMSIS/Device/ST/STM32F4xx/Include -I../Drivers/CMSIS/Include -I../Middlewares/Third_Party/FreeRTOS/Source/include -I../Middlewares/Third_Party/FreeRTOS/Source/CMSIS_RTOS_V2 -I../Middlewares/Third_Party/FreeRTOS/Source/portable/GCC/ARM_CM4F -O0 -ffunction-sections -fdata-sections -Wall -fstack-usage -fcyclomatic-complexity -MMD -MP -MF"Core/Src/vl53l1_platform.d" -MT"Core/Src/vl53l1_platform.o" --specs=nano.specs -mfpu=fpv4-sp-d16 -mfloat-abi=hard -mthumb -o "Core/Src/vl53l1_platform.o"
arm-none-eabi-gcc "../Core/Src/vl53l1x_mitsu_app.c" -mcpu=cortex-m4 -std=gnu11 -g3 -DDEBUG -DUSE_HAL_DRIVER -DSTM32F401xC -c -I../Core/Inc -I../Drivers/STM32F4xx_HAL_Driver/Inc -I../Drivers/STM32F4xx_HAL_Driver/Inc/Legacy -I../Drivers/CMSIS/Device/ST/STM32F4xx/Include -I../Drivers/CMSIS/Include -I../Middlewares/Third_Party/FreeRTOS/Source/include -I../Middlewares/Third_Party/FreeRTOS/Source/CMSIS_RTOS_V2 -I../Middlewares/Third_Party/FreeRTOS/Source/portable/GCC/ARM_CM4F -O0 -ffunction-sections -fdata-sections -Wall -fstack-usage -fcyclomatic-complexity -MMD -MP -MF"Core/Src/vl53l1x_mitsu_app.d" -MT"Core/Src/vl53l1x_mitsu_app.o" --specs=nano.specs -mfpu=fpv4-sp-d16 -mfloat-abi=hard -mthumb -o "Core/Src/vl53l1x_mitsu_app.o"
arm-none-eabi-gcc -o "stm32_new.elf" @"objects.list"   -mcpu=cortex-m4 -T"D:\data-2026\lap_top\GHEP-MITSU_BACKUP\stm32_vl53l1x\stm32_new\STM32F401CCUX_FLASH.ld" --specs=nosys.specs -Wl,-Map="stm32_new.map" -Wl,--gc-sections -static --specs=nano.specs -mfpu=fpv4-sp-d16 -mfloat-abi=hard -mthumb -Wl,--start-group -lc -lm -Wl,--end-group
Finished building target: stm32_new.elf
 
arm-none-eabi-size  stm32_new.elf 
arm-none-eabi-objdump -h -S stm32_new.elf  > "stm32_new.list"
   text	   data	    bss	    dec	    hex	filename
  38320	    120	  21800	  60240	   eb50	stm32_new.elf
Finished building: default.size.stdout
 
Finished building: stm32_new.list
 
14:04:11 **** Incremental Build of configuration Debug for project stm32_new ****
make -j4 all 
arm-none-eabi-gcc "../Core/Src/dma.c" -mcpu=cortex-m4 -std=gnu11 -g3 -DDEBUG -DUSE_HAL_DRIVER -DSTM32F401xC -c -I../Core/Inc -I../Drivers/STM32F4xx_HAL_Driver/Inc -I../Drivers/STM32F4xx_HAL_Driver/Inc/Legacy -I../Drivers/CMSIS/Device/ST/STM32F4xx/Include -I../Drivers/CMSIS/Include -I../Middlewares/Third_Party/FreeRTOS/Source/include -I../Middlewares/Third_Party/FreeRTOS/Source/CMSIS_RTOS_V2 -I../Middlewares/Third_Party/FreeRTOS/Source/portable/GCC/ARM_CM4F -O0 -ffunction-sections -fdata-sections -Wall -fstack-usage -fcyclomatic-complexity -MMD -MP -MF"Core/Src/dma.d" -MT"Core/Src/dma.o" --specs=nano.specs -mfpu=fpv4-sp-d16 -mfloat-abi=hard -mthumb -o "Core/Src/dma.o"
arm-none-eabi-gcc "../Core/Src/freertos.c" -mcpu=cortex-m4 -std=gnu11 -g3 -DDEBUG -DUSE_HAL_DRIVER -DSTM32F401xC -c -I../Core/Inc -I../Drivers/STM32F4xx_HAL_Driver/Inc -I../Drivers/STM32F4xx_HAL_Driver/Inc/Legacy -I../Drivers/CMSIS/Device/ST/STM32F4xx/Include -I../Drivers/CMSIS/Include -I../Middlewares/Third_Party/FreeRTOS/Source/include -I../Middlewares/Third_Party/FreeRTOS/Source/CMSIS_RTOS_V2 -I../Middlewares/Third_Party/FreeRTOS/Source/portable/GCC/ARM_CM4F -O0 -ffunction-sections -fdata-sections -Wall -fstack-usage -fcyclomatic-complexity -MMD -MP -MF"Core/Src/freertos.d" -MT"Core/Src/freertos.o" --specs=nano.specs -mfpu=fpv4-sp-d16 -mfloat-abi=hard -mthumb -o "Core/Src/freertos.o"
arm-none-eabi-gcc "../Core/Src/gpio.c" -mcpu=cortex-m4 -std=gnu11 -g3 -DDEBUG -DUSE_HAL_DRIVER -DSTM32F401xC -c -I../Core/Inc -I../Drivers/STM32F4xx_HAL_Driver/Inc -I../Drivers/STM32F4xx_HAL_Driver/Inc/Legacy -I../Drivers/CMSIS/Device/ST/STM32F4xx/Include -I../Drivers/CMSIS/Include -I../Middlewares/Third_Party/FreeRTOS/Source/include -I../Middlewares/Third_Party/FreeRTOS/Source/CMSIS_RTOS_V2 -I../Middlewares/Third_Party/FreeRTOS/Source/portable/GCC/ARM_CM4F -O0 -ffunction-sections -fdata-sections -Wall -fstack-usage -fcyclomatic-complexity -MMD -MP -MF"Core/Src/gpio.d" -MT"Core/Src/gpio.o" --specs=nano.specs -mfpu=fpv4-sp-d16 -mfloat-abi=hard -mthumb -o "Core/Src/gpio.o"
arm-none-eabi-gcc "../Core/Src/i2c.c" -mcpu=cortex-m4 -std=gnu11 -g3 -DDEBUG -DUSE_HAL_DRIVER -DSTM32F401xC -c -I../Core/Inc -I../Drivers/STM32F4xx_HAL_Driver/Inc -I../Drivers/STM32F4xx_HAL_Driver/Inc/Legacy -I../Drivers/CMSIS/Device/ST/STM32F4xx/Include -I../Drivers/CMSIS/Include -I../Middlewares/Third_Party/FreeRTOS/Source/include -I../Middlewares/Third_Party/FreeRTOS/Source/CMSIS_RTOS_V2 -I../Middlewares/Third_Party/FreeRTOS/Source/portable/GCC/ARM_CM4F -O0 -ffunction-sections -fdata-sections -Wall -fstack-usage -fcyclomatic-complexity -MMD -MP -MF"Core/Src/i2c.d" -MT"Core/Src/i2c.o" --specs=nano.specs -mfpu=fpv4-sp-d16 -mfloat-abi=hard -mthumb -o "Core/Src/i2c.o"
arm-none-eabi-gcc "../Core/Src/main.c" -mcpu=cortex-m4 -std=gnu11 -g3 -DDEBUG -DUSE_HAL_DRIVER -DSTM32F401xC -c -I../Core/Inc -I../Drivers/STM32F4xx_HAL_Driver/Inc -I../Drivers/STM32F4xx_HAL_Driver/Inc/Legacy -I../Drivers/CMSIS/Device/ST/STM32F4xx/Include -I../Drivers/CMSIS/Include -I../Middlewares/Third_Party/FreeRTOS/Source/include -I../Middlewares/Third_Party/FreeRTOS/Source/CMSIS_RTOS_V2 -I../Middlewares/Third_Party/FreeRTOS/Source/portable/GCC/ARM_CM4F -O0 -ffunction-sections -fdata-sections -Wall -fstack-usage -fcyclomatic-complexity -MMD -MP -MF"Core/Src/main.d" -MT"Core/Src/main.o" --specs=nano.specs -mfpu=fpv4-sp-d16 -mfloat-abi=hard -mthumb -o "Core/Src/main.o"
arm-none-eabi-gcc "../Core/Src/stm32f4xx_hal_msp.c" -mcpu=cortex-m4 -std=gnu11 -g3 -DDEBUG -DUSE_HAL_DRIVER -DSTM32F401xC -c -I../Core/Inc -I../Drivers/STM32F4xx_HAL_Driver/Inc -I../Drivers/STM32F4xx_HAL_Driver/Inc/Legacy -I../Drivers/CMSIS/Device/ST/STM32F4xx/Include -I../Drivers/CMSIS/Include -I../Middlewares/Third_Party/FreeRTOS/Source/include -I../Middlewares/Third_Party/FreeRTOS/Source/CMSIS_RTOS_V2 -I../Middlewares/Third_Party/FreeRTOS/Source/portable/GCC/ARM_CM4F -O0 -ffunction-sections -fdata-sections -Wall -fstack-usage -fcyclomatic-complexity -MMD -MP -MF"Core/Src/stm32f4xx_hal_msp.d" -MT"Core/Src/stm32f4xx_hal_msp.o" --specs=nano.specs -mfpu=fpv4-sp-d16 -mfloat-abi=hard -mthumb -o "Core/Src/stm32f4xx_hal_msp.o"
arm-none-eabi-gcc "../Core/Src/stm32f4xx_it.c" -mcpu=cortex-m4 -std=gnu11 -g3 -DDEBUG -DUSE_HAL_DRIVER -DSTM32F401xC -c -I../Core/Inc -I../Drivers/STM32F4xx_HAL_Driver/Inc -I../Drivers/STM32F4xx_HAL_Driver/Inc/Legacy -I../Drivers/CMSIS/Device/ST/STM32F4xx/Include -I../Drivers/CMSIS/Include -I../Middlewares/Third_Party/FreeRTOS/Source/include -I../Middlewares/Third_Party/FreeRTOS/Source/CMSIS_RTOS_V2 -I../Middlewares/Third_Party/FreeRTOS/Source/portable/GCC/ARM_CM4F -O0 -ffunction-sections -fdata-sections -Wall -fstack-usage -fcyclomatic-complexity -MMD -MP -MF"Core/Src/stm32f4xx_it.d" -MT"Core/Src/stm32f4xx_it.o" --specs=nano.specs -mfpu=fpv4-sp-d16 -mfloat-abi=hard -mthumb -o "Core/Src/stm32f4xx_it.o"
arm-none-eabi-gcc "../Core/Src/usart.c" -mcpu=cortex-m4 -std=gnu11 -g3 -DDEBUG -DUSE_HAL_DRIVER -DSTM32F401xC -c -I../Core/Inc -I../Drivers/STM32F4xx_HAL_Driver/Inc -I../Drivers/STM32F4xx_HAL_Driver/Inc/Legacy -I../Drivers/CMSIS/Device/ST/STM32F4xx/Include -I../Drivers/CMSIS/Include -I../Middlewares/Third_Party/FreeRTOS/Source/include -I../Middlewares/Third_Party/FreeRTOS/Source/CMSIS_RTOS_V2 -I../Middlewares/Third_Party/FreeRTOS/Source/portable/GCC/ARM_CM4F -O0 -ffunction-sections -fdata-sections -Wall -fstack-usage -fcyclomatic-complexity -MMD -MP -MF"Core/Src/usart.d" -MT"Core/Src/usart.o" --specs=nano.specs -mfpu=fpv4-sp-d16 -mfloat-abi=hard -mthumb -o "Core/Src/usart.o"
arm-none-eabi-gcc "../Core/Src/vl53l1_platform.c" -mcpu=cortex-m4 -std=gnu11 -g3 -DDEBUG -DUSE_HAL_DRIVER -DSTM32F401xC -c -I../Core/Inc -I../Drivers/STM32F4xx_HAL_Driver/Inc -I../Drivers/STM32F4xx_HAL_Driver/Inc/Legacy -I../Drivers/CMSIS/Device/ST/STM32F4xx/Include -I../Drivers/CMSIS/Include -I../Middlewares/Third_Party/FreeRTOS/Source/include -I../Middlewares/Third_Party/FreeRTOS/Source/CMSIS_RTOS_V2 -I../Middlewares/Third_Party/FreeRTOS/Source/portable/GCC/ARM_CM4F -O0 -ffunction-sections -fdata-sections -Wall -fstack-usage -fcyclomatic-complexity -MMD -MP -MF"Core/Src/vl53l1_platform.d" -MT"Core/Src/vl53l1_platform.o" --specs=nano.specs -mfpu=fpv4-sp-d16 -mfloat-abi=hard -mthumb -o "Core/Src/vl53l1_platform.o"
arm-none-eabi-gcc "../Core/Src/vl53l1x_mitsu_app.c" -mcpu=cortex-m4 -std=gnu11 -g3 -DDEBUG -DUSE_HAL_DRIVER -DSTM32F401xC -c -I../Core/Inc -I../Drivers/STM32F4xx_HAL_Driver/Inc -I../Drivers/STM32F4xx_HAL_Driver/Inc/Legacy -I../Drivers/CMSIS/Device/ST/STM32F4xx/Include -I../Drivers/CMSIS/Include -I../Middlewares/Third_Party/FreeRTOS/Source/include -I../Middlewares/Third_Party/FreeRTOS/Source/CMSIS_RTOS_V2 -I../Middlewares/Third_Party/FreeRTOS/Source/portable/GCC/ARM_CM4F -O0 -ffunction-sections -fdata-sections -Wall -fstack-usage -fcyclomatic-complexity -MMD -MP -MF"Core/Src/vl53l1x_mitsu_app.d" -MT"Core/Src/vl53l1x_mitsu_app.o" --specs=nano.specs -mfpu=fpv4-sp-d16 -mfloat-abi=hard -mthumb -o "Core/Src/vl53l1x_mitsu_app.o"
arm-none-eabi-gcc -o "stm32_new.elf" @"objects.list"   -mcpu=cortex-m4 -T"D:\data-2026\lap_top\GHEP-MITSU_BACKUP\stm32_vl53l1x\stm32_new\STM32F401CCUX_FLASH.ld" --specs=nosys.specs -Wl,-Map="stm32_new.map" -Wl,--gc-sections -static --specs=nano.specs -mfpu=fpv4-sp-d16 -mfloat-abi=hard -mthumb -Wl,--start-group -lc -lm -Wl,--end-group
Finished building target: stm32_new.elf
 
arm-none-eabi-size  stm32_new.elf 
arm-none-eabi-objdump -h -S stm32_new.elf  > "stm32_new.list"
   text	   data	    bss	    dec	    hex	filename
  38592	    124	  21524	  60240	   eb50	stm32_new.elf
Finished building: default.size.stdout
 
Finished building: stm32_new.list
 
14:58:47 **** Incremental Build of configuration Debug for project stm32_new ****
make -j4 all 
arm-none-eabi-gcc "../Core/Src/VL53L.c" -mcpu=cortex-m4 -std=gnu11 -g3 -DDEBUG -DUSE_HAL_DRIVER -DSTM32F401xC -c -I../Core/Inc -I../Drivers/STM32F4xx_HAL_Driver/Inc -I../Drivers/STM32F4xx_HAL_Driver/Inc/Legacy -I../Drivers/CMSIS/Device/ST/STM32F4xx/Include -I../Drivers/CMSIS/Include -I../Middlewares/Third_Party/FreeRTOS/Source/include -I../Middlewares/Third_Party/FreeRTOS/Source/CMSIS_RTOS_V2 -I../Middlewares/Third_Party/FreeRTOS/Source/portable/GCC/ARM_CM4F -O0 -ffunction-sections -fdata-sections -Wall -fstack-usage -fcyclomatic-complexity -MMD -MP -MF"Core/Src/VL53L.d" -MT"Core/Src/VL53L.o" --specs=nano.specs -mfpu=fpv4-sp-d16 -mfloat-abi=hard -mthumb -o "Core/Src/VL53L.o"
arm-none-eabi-gcc "../Core/Src/VL53L1X_api.c" -mcpu=cortex-m4 -std=gnu11 -g3 -DDEBUG -DUSE_HAL_DRIVER -DSTM32F401xC -c -I../Core/Inc -I../Drivers/STM32F4xx_HAL_Driver/Inc -I../Drivers/STM32F4xx_HAL_Driver/Inc/Legacy -I../Drivers/CMSIS/Device/ST/STM32F4xx/Include -I../Drivers/CMSIS/Include -I../Middlewares/Third_Party/FreeRTOS/Source/include -I../Middlewares/Third_Party/FreeRTOS/Source/CMSIS_RTOS_V2 -I../Middlewares/Third_Party/FreeRTOS/Source/portable/GCC/ARM_CM4F -O0 -ffunction-sections -fdata-sections -Wall -fstack-usage -fcyclomatic-complexity -MMD -MP -MF"Core/Src/VL53L1X_api.d" -MT"Core/Src/VL53L1X_api.o" --specs=nano.specs -mfpu=fpv4-sp-d16 -mfloat-abi=hard -mthumb -o "Core/Src/VL53L1X_api.o"
arm-none-eabi-gcc "../Core/Src/VL53L1X_calibration.c" -mcpu=cortex-m4 -std=gnu11 -g3 -DDEBUG -DUSE_HAL_DRIVER -DSTM32F401xC -c -I../Core/Inc -I../Drivers/STM32F4xx_HAL_Driver/Inc -I../Drivers/STM32F4xx_HAL_Driver/Inc/Legacy -I../Drivers/CMSIS/Device/ST/STM32F4xx/Include -I../Drivers/CMSIS/Include -I../Middlewares/Third_Party/FreeRTOS/Source/include -I../Middlewares/Third_Party/FreeRTOS/Source/CMSIS_RTOS_V2 -I../Middlewares/Third_Party/FreeRTOS/Source/portable/GCC/ARM_CM4F -O0 -ffunction-sections -fdata-sections -Wall -fstack-usage -fcyclomatic-complexity -MMD -MP -MF"Core/Src/VL53L1X_calibration.d" -MT"Core/Src/VL53L1X_calibration.o" --specs=nano.specs -mfpu=fpv4-sp-d16 -mfloat-abi=hard -mthumb -o "Core/Src/VL53L1X_calibration.o"
arm-none-eabi-gcc "../Core/Src/dma.c" -mcpu=cortex-m4 -std=gnu11 -g3 -DDEBUG -DUSE_HAL_DRIVER -DSTM32F401xC -c -I../Core/Inc -I../Drivers/STM32F4xx_HAL_Driver/Inc -I../Drivers/STM32F4xx_HAL_Driver/Inc/Legacy -I../Drivers/CMSIS/Device/ST/STM32F4xx/Include -I../Drivers/CMSIS/Include -I../Middlewares/Third_Party/FreeRTOS/Source/include -I../Middlewares/Third_Party/FreeRTOS/Source/CMSIS_RTOS_V2 -I../Middlewares/Third_Party/FreeRTOS/Source/portable/GCC/ARM_CM4F -O0 -ffunction-sections -fdata-sections -Wall -fstack-usage -fcyclomatic-complexity -MMD -MP -MF"Core/Src/dma.d" -MT"Core/Src/dma.o" --specs=nano.specs -mfpu=fpv4-sp-d16 -mfloat-abi=hard -mthumb -o "Core/Src/dma.o"
arm-none-eabi-gcc "../Core/Src/freertos.c" -mcpu=cortex-m4 -std=gnu11 -g3 -DDEBUG -DUSE_HAL_DRIVER -DSTM32F401xC -c -I../Core/Inc -I../Drivers/STM32F4xx_HAL_Driver/Inc -I../Drivers/STM32F4xx_HAL_Driver/Inc/Legacy -I../Drivers/CMSIS/Device/ST/STM32F4xx/Include -I../Drivers/CMSIS/Include -I../Middlewares/Third_Party/FreeRTOS/Source/include -I../Middlewares/Third_Party/FreeRTOS/Source/CMSIS_RTOS_V2 -I../Middlewares/Third_Party/FreeRTOS/Source/portable/GCC/ARM_CM4F -O0 -ffunction-sections -fdata-sections -Wall -fstack-usage -fcyclomatic-complexity -MMD -MP -MF"Core/Src/freertos.d" -MT"Core/Src/freertos.o" --specs=nano.specs -mfpu=fpv4-sp-d16 -mfloat-abi=hard -mthumb -o "Core/Src/freertos.o"
arm-none-eabi-gcc "../Core/Src/gpio.c" -mcpu=cortex-m4 -std=gnu11 -g3 -DDEBUG -DUSE_HAL_DRIVER -DSTM32F401xC -c -I../Core/Inc -I../Drivers/STM32F4xx_HAL_Driver/Inc -I../Drivers/STM32F4xx_HAL_Driver/Inc/Legacy -I../Drivers/CMSIS/Device/ST/STM32F4xx/Include -I../Drivers/CMSIS/Include -I../Middlewares/Third_Party/FreeRTOS/Source/include -I../Middlewares/Third_Party/FreeRTOS/Source/CMSIS_RTOS_V2 -I../Middlewares/Third_Party/FreeRTOS/Source/portable/GCC/ARM_CM4F -O0 -ffunction-sections -fdata-sections -Wall -fstack-usage -fcyclomatic-complexity -MMD -MP -MF"Core/Src/gpio.d" -MT"Core/Src/gpio.o" --specs=nano.specs -mfpu=fpv4-sp-d16 -mfloat-abi=hard -mthumb -o "Core/Src/gpio.o"
arm-none-eabi-gcc "../Core/Src/i2c.c" -mcpu=cortex-m4 -std=gnu11 -g3 -DDEBUG -DUSE_HAL_DRIVER -DSTM32F401xC -c -I../Core/Inc -I../Drivers/STM32F4xx_HAL_Driver/Inc -I../Drivers/STM32F4xx_HAL_Driver/Inc/Legacy -I../Drivers/CMSIS/Device/ST/STM32F4xx/Include -I../Drivers/CMSIS/Include -I../Middlewares/Third_Party/FreeRTOS/Source/include -I../Middlewares/Third_Party/FreeRTOS/Source/CMSIS_RTOS_V2 -I../Middlewares/Third_Party/FreeRTOS/Source/portable/GCC/ARM_CM4F -O0 -ffunction-sections -fdata-sections -Wall -fstack-usage -fcyclomatic-complexity -MMD -MP -MF"Core/Src/i2c.d" -MT"Core/Src/i2c.o" --specs=nano.specs -mfpu=fpv4-sp-d16 -mfloat-abi=hard -mthumb -o "Core/Src/i2c.o"
arm-none-eabi-gcc "../Core/Src/main.c" -mcpu=cortex-m4 -std=gnu11 -g3 -DDEBUG -DUSE_HAL_DRIVER -DSTM32F401xC -c -I../Core/Inc -I../Drivers/STM32F4xx_HAL_Driver/Inc -I../Drivers/STM32F4xx_HAL_Driver/Inc/Legacy -I../Drivers/CMSIS/Device/ST/STM32F4xx/Include -I../Drivers/CMSIS/Include -I../Middlewares/Third_Party/FreeRTOS/Source/include -I../Middlewares/Third_Party/FreeRTOS/Source/CMSIS_RTOS_V2 -I../Middlewares/Third_Party/FreeRTOS/Source/portable/GCC/ARM_CM4F -O0 -ffunction-sections -fdata-sections -Wall -fstack-usage -fcyclomatic-complexity -MMD -MP -MF"Core/Src/main.d" -MT"Core/Src/main.o" --specs=nano.specs -mfpu=fpv4-sp-d16 -mfloat-abi=hard -mthumb -o "Core/Src/main.o"
arm-none-eabi-gcc "../Core/Src/oled_ssd1306.c" -mcpu=cortex-m4 -std=gnu11 -g3 -DDEBUG -DUSE_HAL_DRIVER -DSTM32F401xC -c -I../Core/Inc -I../Drivers/STM32F4xx_HAL_Driver/Inc -I../Drivers/STM32F4xx_HAL_Driver/Inc/Legacy -I../Drivers/CMSIS/Device/ST/STM32F4xx/Include -I../Drivers/CMSIS/Include -I../Middlewares/Third_Party/FreeRTOS/Source/include -I../Middlewares/Third_Party/FreeRTOS/Source/CMSIS_RTOS_V2 -I../Middlewares/Third_Party/FreeRTOS/Source/portable/GCC/ARM_CM4F -O0 -ffunction-sections -fdata-sections -Wall -fstack-usage -fcyclomatic-complexity -MMD -MP -MF"Core/Src/oled_ssd1306.d" -MT"Core/Src/oled_ssd1306.o" --specs=nano.specs -mfpu=fpv4-sp-d16 -mfloat-abi=hard -mthumb -o "Core/Src/oled_ssd1306.o"
arm-none-eabi-gcc "../Core/Src/stm32f4xx_hal_msp.c" -mcpu=cortex-m4 -std=gnu11 -g3 -DDEBUG -DUSE_HAL_DRIVER -DSTM32F401xC -c -I../Core/Inc -I../Drivers/STM32F4xx_HAL_Driver/Inc -I../Drivers/STM32F4xx_HAL_Driver/Inc/Legacy -I../Drivers/CMSIS/Device/ST/STM32F4xx/Include -I../Drivers/CMSIS/Include -I../Middlewares/Third_Party/FreeRTOS/Source/include -I../Middlewares/Third_Party/FreeRTOS/Source/CMSIS_RTOS_V2 -I../Middlewares/Third_Party/FreeRTOS/Source/portable/GCC/ARM_CM4F -O0 -ffunction-sections -fdata-sections -Wall -fstack-usage -fcyclomatic-complexity -MMD -MP -MF"Core/Src/stm32f4xx_hal_msp.d" -MT"Core/Src/stm32f4xx_hal_msp.o" --specs=nano.specs -mfpu=fpv4-sp-d16 -mfloat-abi=hard -mthumb -o "Core/Src/stm32f4xx_hal_msp.o"
arm-none-eabi-gcc "../Core/Src/stm32f4xx_hal_timebase_tim.c" -mcpu=cortex-m4 -std=gnu11 -g3 -DDEBUG -DUSE_HAL_DRIVER -DSTM32F401xC -c -I../Core/Inc -I../Drivers/STM32F4xx_HAL_Driver/Inc -I../Drivers/STM32F4xx_HAL_Driver/Inc/Legacy -I../Drivers/CMSIS/Device/ST/STM32F4xx/Include -I../Drivers/CMSIS/Include -I../Middlewares/Third_Party/FreeRTOS/Source/include -I../Middlewares/Third_Party/FreeRTOS/Source/CMSIS_RTOS_V2 -I../Middlewares/Third_Party/FreeRTOS/Source/portable/GCC/ARM_CM4F -O0 -ffunction-sections -fdata-sections -Wall -fstack-usage -fcyclomatic-complexity -MMD -MP -MF"Core/Src/stm32f4xx_hal_timebase_tim.d" -MT"Core/Src/stm32f4xx_hal_timebase_tim.o" --specs=nano.specs -mfpu=fpv4-sp-d16 -mfloat-abi=hard -mthumb -o "Core/Src/stm32f4xx_hal_timebase_tim.o"
arm-none-eabi-gcc "../Core/Src/stm32f4xx_it.c" -mcpu=cortex-m4 -std=gnu11 -g3 -DDEBUG -DUSE_HAL_DRIVER -DSTM32F401xC -c -I../Core/Inc -I../Drivers/STM32F4xx_HAL_Driver/Inc -I../Drivers/STM32F4xx_HAL_Driver/Inc/Legacy -I../Drivers/CMSIS/Device/ST/STM32F4xx/Include -I../Drivers/CMSIS/Include -I../Middlewares/Third_Party/FreeRTOS/Source/include -I../Middlewares/Third_Party/FreeRTOS/Source/CMSIS_RTOS_V2 -I../Middlewares/Third_Party/FreeRTOS/Source/portable/GCC/ARM_CM4F -O0 -ffunction-sections -fdata-sections -Wall -fstack-usage -fcyclomatic-complexity -MMD -MP -MF"Core/Src/stm32f4xx_it.d" -MT"Core/Src/stm32f4xx_it.o" --specs=nano.specs -mfpu=fpv4-sp-d16 -mfloat-abi=hard -mthumb -o "Core/Src/stm32f4xx_it.o"
arm-none-eabi-gcc "../Core/Src/syscalls.c" -mcpu=cortex-m4 -std=gnu11 -g3 -DDEBUG -DUSE_HAL_DRIVER -DSTM32F401xC -c -I../Core/Inc -I../Drivers/STM32F4xx_HAL_Driver/Inc -I../Drivers/STM32F4xx_HAL_Driver/Inc/Legacy -I../Drivers/CMSIS/Device/ST/STM32F4xx/Include -I../Drivers/CMSIS/Include -I../Middlewares/Third_Party/FreeRTOS/Source/include -I../Middlewares/Third_Party/FreeRTOS/Source/CMSIS_RTOS_V2 -I../Middlewares/Third_Party/FreeRTOS/Source/portable/GCC/ARM_CM4F -O0 -ffunction-sections -fdata-sections -Wall -fstack-usage -fcyclomatic-complexity -MMD -MP -MF"Core/Src/syscalls.d" -MT"Core/Src/syscalls.o" --specs=nano.specs -mfpu=fpv4-sp-d16 -mfloat-abi=hard -mthumb -o "Core/Src/syscalls.o"
arm-none-eabi-gcc "../Core/Src/sysmem.c" -mcpu=cortex-m4 -std=gnu11 -g3 -DDEBUG -DUSE_HAL_DRIVER -DSTM32F401xC -c -I../Core/Inc -I../Drivers/STM32F4xx_HAL_Driver/Inc -I../Drivers/STM32F4xx_HAL_Driver/Inc/Legacy -I../Drivers/CMSIS/Device/ST/STM32F4xx/Include -I../Drivers/CMSIS/Include -I../Middlewares/Third_Party/FreeRTOS/Source/include -I../Middlewares/Third_Party/FreeRTOS/Source/CMSIS_RTOS_V2 -I../Middlewares/Third_Party/FreeRTOS/Source/portable/GCC/ARM_CM4F -O0 -ffunction-sections -fdata-sections -Wall -fstack-usage -fcyclomatic-complexity -MMD -MP -MF"Core/Src/sysmem.d" -MT"Core/Src/sysmem.o" --specs=nano.specs -mfpu=fpv4-sp-d16 -mfloat-abi=hard -mthumb -o "Core/Src/sysmem.o"
arm-none-eabi-gcc "../Core/Src/system_stm32f4xx.c" -mcpu=cortex-m4 -std=gnu11 -g3 -DDEBUG -DUSE_HAL_DRIVER -DSTM32F401xC -c -I../Core/Inc -I../Drivers/STM32F4xx_HAL_Driver/Inc -I../Drivers/STM32F4xx_HAL_Driver/Inc/Legacy -I../Drivers/CMSIS/Device/ST/STM32F4xx/Include -I../Drivers/CMSIS/Include -I../Middlewares/Third_Party/FreeRTOS/Source/include -I../Middlewares/Third_Party/FreeRTOS/Source/CMSIS_RTOS_V2 -I../Middlewares/Third_Party/FreeRTOS/Source/portable/GCC/ARM_CM4F -O0 -ffunction-sections -fdata-sections -Wall -fstack-usage -fcyclomatic-complexity -MMD -MP -MF"Core/Src/system_stm32f4xx.d" -MT"Core/Src/system_stm32f4xx.o" --specs=nano.specs -mfpu=fpv4-sp-d16 -mfloat-abi=hard -mthumb -o "Core/Src/system_stm32f4xx.o"
arm-none-eabi-gcc "../Core/Src/usart.c" -mcpu=cortex-m4 -std=gnu11 -g3 -DDEBUG -DUSE_HAL_DRIVER -DSTM32F401xC -c -I../Core/Inc -I../Drivers/STM32F4xx_HAL_Driver/Inc -I../Drivers/STM32F4xx_HAL_Driver/Inc/Legacy -I../Drivers/CMSIS/Device/ST/STM32F4xx/Include -I../Drivers/CMSIS/Include -I../Middlewares/Third_Party/FreeRTOS/Source/include -I../Middlewares/Third_Party/FreeRTOS/Source/CMSIS_RTOS_V2 -I../Middlewares/Third_Party/FreeRTOS/Source/portable/GCC/ARM_CM4F -O0 -ffunction-sections -fdata-sections -Wall -fstack-usage -fcyclomatic-complexity -MMD -MP -MF"Core/Src/usart.d" -MT"Core/Src/usart.o" --specs=nano.specs -mfpu=fpv4-sp-d16 -mfloat-abi=hard -mthumb -o "Core/Src/usart.o"
arm-none-eabi-gcc "../Core/Src/vl53l1_platform.c" -mcpu=cortex-m4 -std=gnu11 -g3 -DDEBUG -DUSE_HAL_DRIVER -DSTM32F401xC -c -I../Core/Inc -I../Drivers/STM32F4xx_HAL_Driver/Inc -I../Drivers/STM32F4xx_HAL_Driver/Inc/Legacy -I../Drivers/CMSIS/Device/ST/STM32F4xx/Include -I../Drivers/CMSIS/Include -I../Middlewares/Third_Party/FreeRTOS/Source/include -I../Middlewares/Third_Party/FreeRTOS/Source/CMSIS_RTOS_V2 -I../Middlewares/Third_Party/FreeRTOS/Source/portable/GCC/ARM_CM4F -O0 -ffunction-sections -fdata-sections -Wall -fstack-usage -fcyclomatic-complexity -MMD -MP -MF"Core/Src/vl53l1_platform.d" -MT"Core/Src/vl53l1_platform.o" --specs=nano.specs -mfpu=fpv4-sp-d16 -mfloat-abi=hard -mthumb -o "Core/Src/vl53l1_platform.o"
arm-none-eabi-gcc -o "stm32_new.elf" @"objects.list"   -mcpu=cortex-m4 -T"D:\data-2026\lap_top\GHEP-MITSU_BACKUP\stm32_vl53l1x\stm32_new\STM32F401CCUX_FLASH.ld" --specs=nosys.specs -Wl,-Map="stm32_new.map" -Wl,--gc-sections -static --specs=nano.specs -mfpu=fpv4-sp-d16 -mfloat-abi=hard -mthumb -Wl,--start-group -lc -lm -Wl,--end-group
Finished building target: stm32_new.elf
 
arm-none-eabi-size  stm32_new.elf 
arm-none-eabi-objdump -h -S stm32_new.elf  > "stm32_new.list"
   text	   data	    bss	    dec	    hex	filename
  41464	    120	  22640	  64224	   fae0	stm32_new.elf
Finished building: default.size.stdout
 
Finished building: stm32_new.list
 
15:16:53 **** Incremental Build of configuration Debug for project stm32_new ****
make -j4 all 
arm-none-eabi-gcc "../Core/Src/freertos.c" -mcpu=cortex-m4 -std=gnu11 -g3 -DDEBUG -DUSE_HAL_DRIVER -DSTM32F401xC -c -I../Core/Inc -I../Drivers/STM32F4xx_HAL_Driver/Inc -I../Drivers/STM32F4xx_HAL_Driver/Inc/Legacy -I../Drivers/CMSIS/Device/ST/STM32F4xx/Include -I../Drivers/CMSIS/Include -I../Middlewares/Third_Party/FreeRTOS/Source/include -I../Middlewares/Third_Party/FreeRTOS/Source/CMSIS_RTOS_V2 -I../Middlewares/Third_Party/FreeRTOS/Source/portable/GCC/ARM_CM4F -O0 -ffunction-sections -fdata-sections -Wall -fstack-usage -fcyclomatic-complexity -MMD -MP -MF"Core/Src/freertos.d" -MT"Core/Src/freertos.o" --specs=nano.specs -mfpu=fpv4-sp-d16 -mfloat-abi=hard -mthumb -o "Core/Src/freertos.o"
arm-none-eabi-gcc "../Core/Src/oled_ssd1306.c" -mcpu=cortex-m4 -std=gnu11 -g3 -DDEBUG -DUSE_HAL_DRIVER -DSTM32F401xC -c -I../Core/Inc -I../Drivers/STM32F4xx_HAL_Driver/Inc -I../Drivers/STM32F4xx_HAL_Driver/Inc/Legacy -I../Drivers/CMSIS/Device/ST/STM32F4xx/Include -I../Drivers/CMSIS/Include -I../Middlewares/Third_Party/FreeRTOS/Source/include -I../Middlewares/Third_Party/FreeRTOS/Source/CMSIS_RTOS_V2 -I../Middlewares/Third_Party/FreeRTOS/Source/portable/GCC/ARM_CM4F -O0 -ffunction-sections -fdata-sections -Wall -fstack-usage -fcyclomatic-complexity -MMD -MP -MF"Core/Src/oled_ssd1306.d" -MT"Core/Src/oled_ssd1306.o" --specs=nano.specs -mfpu=fpv4-sp-d16 -mfloat-abi=hard -mthumb -o "Core/Src/oled_ssd1306.o"
arm-none-eabi-gcc -o "stm32_new.elf" @"objects.list"   -mcpu=cortex-m4 -T"D:\data-2026\lap_top\GHEP-MITSU_BACKUP\stm32_vl53l1x\stm32_new\STM32F401CCUX_FLASH.ld" --specs=nosys.specs -Wl,-Map="stm32_new.map" -Wl,--gc-sections -static --specs=nano.specs -mfpu=fpv4-sp-d16 -mfloat-abi=hard -mthumb -Wl,--start-group -lc -lm -Wl,--end-group
Finished building target: stm32_new.elf
 
arm-none-eabi-size  stm32_new.elf 
arm-none-eabi-objdump -h -S stm32_new.elf  > "stm32_new.list"
   text	   data	    bss	    dec	    hex	filename
  42404	    120	  22640	  65164	   fe8c	stm32_new.elf
Finished building: default.size.stdout
 
Finished building: stm32_new.list
 
08:59:46 **** Incremental Build of configuration Debug for project stm32_new ****
make -j4 all 
arm-none-eabi-gcc "../Core/Src/VL53L.c" -mcpu=cortex-m4 -std=gnu11 -g3 -DDEBUG -DUSE_HAL_DRIVER -DSTM32F401xC -c -I../Core/Inc -I../Drivers/STM32F4xx_HAL_Driver/Inc -I../Drivers/STM32F4xx_HAL_Driver/Inc/Legacy -I../Drivers/CMSIS/Device/ST/STM32F4xx/Include -I../Drivers/CMSIS/Include -I../Middlewares/Third_Party/FreeRTOS/Source/include -I../Middlewares/Third_Party/FreeRTOS/Source/CMSIS_RTOS_V2 -I../Middlewares/Third_Party/FreeRTOS/Source/portable/GCC/ARM_CM4F -O0 -ffunction-sections -fdata-sections -Wall -fstack-usage -fcyclomatic-complexity -MMD -MP -MF"Core/Src/VL53L.d" -MT"Core/Src/VL53L.o" --specs=nano.specs -mfpu=fpv4-sp-d16 -mfloat-abi=hard -mthumb -o "Core/Src/VL53L.o"
arm-none-eabi-gcc "../Core/Src/freertos.c" -mcpu=cortex-m4 -std=gnu11 -g3 -DDEBUG -DUSE_HAL_DRIVER -DSTM32F401xC -c -I../Core/Inc -I../Drivers/STM32F4xx_HAL_Driver/Inc -I../Drivers/STM32F4xx_HAL_Driver/Inc/Legacy -I../Drivers/CMSIS/Device/ST/STM32F4xx/Include -I../Drivers/CMSIS/Include -I../Middlewares/Third_Party/FreeRTOS/Source/include -I../Middlewares/Third_Party/FreeRTOS/Source/CMSIS_RTOS_V2 -I../Middlewares/Third_Party/FreeRTOS/Source/portable/GCC/ARM_CM4F -O0 -ffunction-sections -fdata-sections -Wall -fstack-usage -fcyclomatic-complexity -MMD -MP -MF"Core/Src/freertos.d" -MT"Core/Src/freertos.o" --specs=nano.specs -mfpu=fpv4-sp-d16 -mfloat-abi=hard -mthumb -o "Core/Src/freertos.o"
arm-none-eabi-gcc "../Core/Src/main.c" -mcpu=cortex-m4 -std=gnu11 -g3 -DDEBUG -DUSE_HAL_DRIVER -DSTM32F401xC -c -I../Core/Inc -I../Drivers/STM32F4xx_HAL_Driver/Inc -I../Drivers/STM32F4xx_HAL_Driver/Inc/Legacy -I../Drivers/CMSIS/Device/ST/STM32F4xx/Include -I../Drivers/CMSIS/Include -I../Middlewares/Third_Party/FreeRTOS/Source/include -I../Middlewares/Third_Party/FreeRTOS/Source/CMSIS_RTOS_V2 -I../Middlewares/Third_Party/FreeRTOS/Source/portable/GCC/ARM_CM4F -O0 -ffunction-sections -fdata-sections -Wall -fstack-usage -fcyclomatic-complexity -MMD -MP -MF"Core/Src/main.d" -MT"Core/Src/main.o" --specs=nano.specs -mfpu=fpv4-sp-d16 -mfloat-abi=hard -mthumb -o "Core/Src/main.o"
arm-none-eabi-gcc "../Core/Src/oled_ssd1306.c" -mcpu=cortex-m4 -std=gnu11 -g3 -DDEBUG -DUSE_HAL_DRIVER -DSTM32F401xC -c -I../Core/Inc -I../Drivers/STM32F4xx_HAL_Driver/Inc -I../Drivers/STM32F4xx_HAL_Driver/Inc/Legacy -I../Drivers/CMSIS/Device/ST/STM32F4xx/Include -I../Drivers/CMSIS/Include -I../Middlewares/Third_Party/FreeRTOS/Source/include -I../Middlewares/Third_Party/FreeRTOS/Source/CMSIS_RTOS_V2 -I../Middlewares/Third_Party/FreeRTOS/Source/portable/GCC/ARM_CM4F -O0 -ffunction-sections -fdata-sections -Wall -fstack-usage -fcyclomatic-complexity -MMD -MP -MF"Core/Src/oled_ssd1306.d" -MT"Core/Src/oled_ssd1306.o" --specs=nano.specs -mfpu=fpv4-sp-d16 -mfloat-abi=hard -mthumb -o "Core/Src/oled_ssd1306.o"
arm-none-eabi-gcc -o "stm32_new.elf" @"objects.list"   -mcpu=cortex-m4 -T"D:\data-2026\lap_top\GHEP-MITSU_BACKUP\stm32_vl53l1x\stm32_new\STM32F401CCUX_FLASH.ld" --specs=nosys.specs -Wl,-Map="stm32_new.map" -Wl,--gc-sections -static --specs=nano.specs -mfpu=fpv4-sp-d16 -mfloat-abi=hard -mthumb -Wl,--start-group -lc -lm -Wl,--end-group
Finished building target: stm32_new.elf
 
arm-none-eabi-size  stm32_new.elf 
arm-none-eabi-objdump -h -S stm32_new.elf  > "stm32_new.list"
   text	   data	    bss	    dec	    hex	filename
  50824	    204	  23844	  74872	  12478	stm32_new.elf
Finished building: default.size.stdout
 
Finished building: stm32_new.list
 
10:20:30 **** Incremental Build of configuration Debug for project stm32_new ****
make -j4 all 
arm-none-eabi-gcc "../Core/Src/gpio.c" -mcpu=cortex-m4 -std=gnu11 -g3 -DDEBUG -DUSE_HAL_DRIVER -DSTM32F401xC -c -I../Core/Inc -I../Drivers/STM32F4xx_HAL_Driver/Inc -I../Drivers/STM32F4xx_HAL_Driver/Inc/Legacy -I../Drivers/CMSIS/Device/ST/STM32F4xx/Include -I../Drivers/CMSIS/Include -I../Middlewares/Third_Party/FreeRTOS/Source/include -I../Middlewares/Third_Party/FreeRTOS/Source/CMSIS_RTOS_V2 -I../Middlewares/Third_Party/FreeRTOS/Source/portable/GCC/ARM_CM4F -O0 -ffunction-sections -fdata-sections -Wall -fstack-usage -fcyclomatic-complexity -MMD -MP -MF"Core/Src/gpio.d" -MT"Core/Src/gpio.o" --specs=nano.specs -mfpu=fpv4-sp-d16 -mfloat-abi=hard -mthumb -o "Core/Src/gpio.o"
arm-none-eabi-gcc "../Core/Src/i2c.c" -mcpu=cortex-m4 -std=gnu11 -g3 -DDEBUG -DUSE_HAL_DRIVER -DSTM32F401xC -c -I../Core/Inc -I../Drivers/STM32F4xx_HAL_Driver/Inc -I../Drivers/STM32F4xx_HAL_Driver/Inc/Legacy -I../Drivers/CMSIS/Device/ST/STM32F4xx/Include -I../Drivers/CMSIS/Include -I../Middlewares/Third_Party/FreeRTOS/Source/include -I../Middlewares/Third_Party/FreeRTOS/Source/CMSIS_RTOS_V2 -I../Middlewares/Third_Party/FreeRTOS/Source/portable/GCC/ARM_CM4F -O0 -ffunction-sections -fdata-sections -Wall -fstack-usage -fcyclomatic-complexity -MMD -MP -MF"Core/Src/i2c.d" -MT"Core/Src/i2c.o" --specs=nano.specs -mfpu=fpv4-sp-d16 -mfloat-abi=hard -mthumb -o "Core/Src/i2c.o"
arm-none-eabi-gcc -o "stm32_new.elf" @"objects.list"   -mcpu=cortex-m4 -T"D:\data-2026\lap_top\GHEP-MITSU_BACKUP\stm32_vl53l1x\stm32_new\STM32F401CCUX_FLASH.ld" --specs=nosys.specs -Wl,-Map="stm32_new.map" -Wl,--gc-sections -static --specs=nano.specs -mfpu=fpv4-sp-d16 -mfloat-abi=hard -mthumb -Wl,--start-group -lc -lm -Wl,--end-group
Finished building target: stm32_new.elf
 
arm-none-eabi-size  stm32_new.elf 
arm-none-eabi-objdump -h -S stm32_new.elf  > "stm32_new.list"
   text	   data	    bss	    dec	    hex	filename
  50824	    204	  23844	  74872	  12478	stm32_new.elf
Finished building: default.size.stdout
 
Finished building: stm32_new.list
 
13:37:05 **** Build of configuration Debug for project STM32F103C8T6_VL53 ****
make -j4 all 
arm-none-eabi-gcc "D:/data-2026/lap_top/GHEP-MITSU_BACKUP/stm32_vl53l1x/STM32F103C8T6_VL53/Middlewares/Third_Party/FreeRTOS/Source/CMSIS_RTOS_V2/cmsis_os2.c" -mcpu=cortex-m3 -std=gnu11 -g3 -DDEBUG -DUSE_HAL_DRIVER -DSTM32F103xB -c -I../../Core/Inc -I../../Drivers/STM32F1xx_HAL_Driver/Inc -I../../Drivers/STM32F1xx_HAL_Driver/Inc/Legacy -I../../Middlewares/Third_Party/FreeRTOS/Source/include -I../../Middlewares/Third_Party/FreeRTOS/Source/CMSIS_RTOS_V2 -I../../Middlewares/Third_Party/FreeRTOS/Source/portable/GCC/ARM_CM3 -I../../Drivers/CMSIS/Device/ST/STM32F1xx/Include -I../../Drivers/CMSIS/Include -O0 -ffunction-sections -fdata-sections -Wall -fstack-usage -fcyclomatic-complexity -MMD -MP -MF"Middlewares/FreeRTOS/cmsis_os2.d" -MT"Middlewares/FreeRTOS/cmsis_os2.o" --specs=nano.specs -mfloat-abi=soft -mthumb -o "Middlewares/FreeRTOS/cmsis_os2.o"
arm-none-eabi-gcc "D:/data-2026/lap_top/GHEP-MITSU_BACKUP/stm32_vl53l1x/STM32F103C8T6_VL53/Middlewares/Third_Party/FreeRTOS/Source/croutine.c" -mcpu=cortex-m3 -std=gnu11 -g3 -DDEBUG -DUSE_HAL_DRIVER -DSTM32F103xB -c -I../../Core/Inc -I../../Drivers/STM32F1xx_HAL_Driver/Inc -I../../Drivers/STM32F1xx_HAL_Driver/Inc/Legacy -I../../Middlewares/Third_Party/FreeRTOS/Source/include -I../../Middlewares/Third_Party/FreeRTOS/Source/CMSIS_RTOS_V2 -I../../Middlewares/Third_Party/FreeRTOS/Source/portable/GCC/ARM_CM3 -I../../Drivers/CMSIS/Device/ST/STM32F1xx/Include -I../../Drivers/CMSIS/Include -O0 -ffunction-sections -fdata-sections -Wall -fstack-usage -fcyclomatic-complexity -MMD -MP -MF"Middlewares/FreeRTOS/croutine.d" -MT"Middlewares/FreeRTOS/croutine.o" --specs=nano.specs -mfloat-abi=soft -mthumb -o "Middlewares/FreeRTOS/croutine.o"
arm-none-eabi-gcc "D:/data-2026/lap_top/GHEP-MITSU_BACKUP/stm32_vl53l1x/STM32F103C8T6_VL53/Middlewares/Third_Party/FreeRTOS/Source/event_groups.c" -mcpu=cortex-m3 -std=gnu11 -g3 -DDEBUG -DUSE_HAL_DRIVER -DSTM32F103xB -c -I../../Core/Inc -I../../Drivers/STM32F1xx_HAL_Driver/Inc -I../../Drivers/STM32F1xx_HAL_Driver/Inc/Legacy -I../../Middlewares/Third_Party/FreeRTOS/Source/include -I../../Middlewares/Third_Party/FreeRTOS/Source/CMSIS_RTOS_V2 -I../../Middlewares/Third_Party/FreeRTOS/Source/portable/GCC/ARM_CM3 -I../../Drivers/CMSIS/Device/ST/STM32F1xx/Include -I../../Drivers/CMSIS/Include -O0 -ffunction-sections -fdata-sections -Wall -fstack-usage -fcyclomatic-complexity -MMD -MP -MF"Middlewares/FreeRTOS/event_groups.d" -MT"Middlewares/FreeRTOS/event_groups.o" --specs=nano.specs -mfloat-abi=soft -mthumb -o "Middlewares/FreeRTOS/event_groups.o"
arm-none-eabi-gcc "D:/data-2026/lap_top/GHEP-MITSU_BACKUP/stm32_vl53l1x/STM32F103C8T6_VL53/Middlewares/Third_Party/FreeRTOS/Source/portable/MemMang/heap_4.c" -mcpu=cortex-m3 -std=gnu11 -g3 -DDEBUG -DUSE_HAL_DRIVER -DSTM32F103xB -c -I../../Core/Inc -I../../Drivers/STM32F1xx_HAL_Driver/Inc -I../../Drivers/STM32F1xx_HAL_Driver/Inc/Legacy -I../../Middlewares/Third_Party/FreeRTOS/Source/include -I../../Middlewares/Third_Party/FreeRTOS/Source/CMSIS_RTOS_V2 -I../../Middlewares/Third_Party/FreeRTOS/Source/portable/GCC/ARM_CM3 -I../../Drivers/CMSIS/Device/ST/STM32F1xx/Include -I../../Drivers/CMSIS/Include -O0 -ffunction-sections -fdata-sections -Wall -fstack-usage -fcyclomatic-complexity -MMD -MP -MF"Middlewares/FreeRTOS/heap_4.d" -MT"Middlewares/FreeRTOS/heap_4.o" --specs=nano.specs -mfloat-abi=soft -mthumb -o "Middlewares/FreeRTOS/heap_4.o"
arm-none-eabi-gcc "D:/data-2026/lap_top/GHEP-MITSU_BACKUP/stm32_vl53l1x/STM32F103C8T6_VL53/Middlewares/Third_Party/FreeRTOS/Source/list.c" -mcpu=cortex-m3 -std=gnu11 -g3 -DDEBUG -DUSE_HAL_DRIVER -DSTM32F103xB -c -I../../Core/Inc -I../../Drivers/STM32F1xx_HAL_Driver/Inc -I../../Drivers/STM32F1xx_HAL_Driver/Inc/Legacy -I../../Middlewares/Third_Party/FreeRTOS/Source/include -I../../Middlewares/Third_Party/FreeRTOS/Source/CMSIS_RTOS_V2 -I../../Middlewares/Third_Party/FreeRTOS/Source/portable/GCC/ARM_CM3 -I../../Drivers/CMSIS/Device/ST/STM32F1xx/Include -I../../Drivers/CMSIS/Include -O0 -ffunction-sections -fdata-sections -Wall -fstack-usage -fcyclomatic-complexity -MMD -MP -MF"Middlewares/FreeRTOS/list.d" -MT"Middlewares/FreeRTOS/list.o" --specs=nano.specs -mfloat-abi=soft -mthumb -o "Middlewares/FreeRTOS/list.o"
arm-none-eabi-gcc "D:/data-2026/lap_top/GHEP-MITSU_BACKUP/stm32_vl53l1x/STM32F103C8T6_VL53/Middlewares/Third_Party/FreeRTOS/Source/portable/GCC/ARM_CM3/port.c" -mcpu=cortex-m3 -std=gnu11 -g3 -DDEBUG -DUSE_HAL_DRIVER -DSTM32F103xB -c -I../../Core/Inc -I../../Drivers/STM32F1xx_HAL_Driver/Inc -I../../Drivers/STM32F1xx_HAL_Driver/Inc/Legacy -I../../Middlewares/Third_Party/FreeRTOS/Source/include -I../../Middlewares/Third_Party/FreeRTOS/Source/CMSIS_RTOS_V2 -I../../Middlewares/Third_Party/FreeRTOS/Source/portable/GCC/ARM_CM3 -I../../Drivers/CMSIS/Device/ST/STM32F1xx/Include -I../../Drivers/CMSIS/Include -O0 -ffunction-sections -fdata-sections -Wall -fstack-usage -fcyclomatic-complexity -MMD -MP -MF"Middlewares/FreeRTOS/port.d" -MT"Middlewares/FreeRTOS/port.o" --specs=nano.specs -mfloat-abi=soft -mthumb -o "Middlewares/FreeRTOS/port.o"
arm-none-eabi-gcc "D:/data-2026/lap_top/GHEP-MITSU_BACKUP/stm32_vl53l1x/STM32F103C8T6_VL53/Middlewares/Third_Party/FreeRTOS/Source/queue.c" -mcpu=cortex-m3 -std=gnu11 -g3 -DDEBUG -DUSE_HAL_DRIVER -DSTM32F103xB -c -I../../Core/Inc -I../../Drivers/STM32F1xx_HAL_Driver/Inc -I../../Drivers/STM32F1xx_HAL_Driver/Inc/Legacy -I../../Middlewares/Third_Party/FreeRTOS/Source/include -I../../Middlewares/Third_Party/FreeRTOS/Source/CMSIS_RTOS_V2 -I../../Middlewares/Third_Party/FreeRTOS/Source/portable/GCC/ARM_CM3 -I../../Drivers/CMSIS/Device/ST/STM32F1xx/Include -I../../Drivers/CMSIS/Include -O0 -ffunction-sections -fdata-sections -Wall -fstack-usage -fcyclomatic-complexity -MMD -MP -MF"Middlewares/FreeRTOS/queue.d" -MT"Middlewares/FreeRTOS/queue.o" --specs=nano.specs -mfloat-abi=soft -mthumb -o "Middlewares/FreeRTOS/queue.o"
arm-none-eabi-gcc "D:/data-2026/lap_top/GHEP-MITSU_BACKUP/stm32_vl53l1x/STM32F103C8T6_VL53/Middlewares/Third_Party/FreeRTOS/Source/stream_buffer.c" -mcpu=cortex-m3 -std=gnu11 -g3 -DDEBUG -DUSE_HAL_DRIVER -DSTM32F103xB -c -I../../Core/Inc -I../../Drivers/STM32F1xx_HAL_Driver/Inc -I../../Drivers/STM32F1xx_HAL_Driver/Inc/Legacy -I../../Middlewares/Third_Party/FreeRTOS/Source/include -I../../Middlewares/Third_Party/FreeRTOS/Source/CMSIS_RTOS_V2 -I../../Middlewares/Third_Party/FreeRTOS/Source/portable/GCC/ARM_CM3 -I../../Drivers/CMSIS/Device/ST/STM32F1xx/Include -I../../Drivers/CMSIS/Include -O0 -ffunction-sections -fdata-sections -Wall -fstack-usage -fcyclomatic-complexity -MMD -MP -MF"Middlewares/FreeRTOS/stream_buffer.d" -MT"Middlewares/FreeRTOS/stream_buffer.o" --specs=nano.specs -mfloat-abi=soft -mthumb -o "Middlewares/FreeRTOS/stream_buffer.o"
arm-none-eabi-gcc "D:/data-2026/lap_top/GHEP-MITSU_BACKUP/stm32_vl53l1x/STM32F103C8T6_VL53/Middlewares/Third_Party/FreeRTOS/Source/tasks.c" -mcpu=cortex-m3 -std=gnu11 -g3 -DDEBUG -DUSE_HAL_DRIVER -DSTM32F103xB -c -I../../Core/Inc -I../../Drivers/STM32F1xx_HAL_Driver/Inc -I../../Drivers/STM32F1xx_HAL_Driver/Inc/Legacy -I../../Middlewares/Third_Party/FreeRTOS/Source/include -I../../Middlewares/Third_Party/FreeRTOS/Source/CMSIS_RTOS_V2 -I../../Middlewares/Third_Party/FreeRTOS/Source/portable/GCC/ARM_CM3 -I../../Drivers/CMSIS/Device/ST/STM32F1xx/Include -I../../Drivers/CMSIS/Include -O0 -ffunction-sections -fdata-sections -Wall -fstack-usage -fcyclomatic-complexity -MMD -MP -MF"Middlewares/FreeRTOS/tasks.d" -MT"Middlewares/FreeRTOS/tasks.o" --specs=nano.specs -mfloat-abi=soft -mthumb -o "Middlewares/FreeRTOS/tasks.o"
arm-none-eabi-gcc "D:/data-2026/lap_top/GHEP-MITSU_BACKUP/stm32_vl53l1x/STM32F103C8T6_VL53/Middlewares/Third_Party/FreeRTOS/Source/timers.c" -mcpu=cortex-m3 -std=gnu11 -g3 -DDEBUG -DUSE_HAL_DRIVER -DSTM32F103xB -c -I../../Core/Inc -I../../Drivers/STM32F1xx_HAL_Driver/Inc -I../../Drivers/STM32F1xx_HAL_Driver/Inc/Legacy -I../../Middlewares/Third_Party/FreeRTOS/Source/include -I../../Middlewares/Third_Party/FreeRTOS/Source/CMSIS_RTOS_V2 -I../../Middlewares/Third_Party/FreeRTOS/Source/portable/GCC/ARM_CM3 -I../../Drivers/CMSIS/Device/ST/STM32F1xx/Include -I../../Drivers/CMSIS/Include -O0 -ffunction-sections -fdata-sections -Wall -fstack-usage -fcyclomatic-complexity -MMD -MP -MF"Middlewares/FreeRTOS/timers.d" -MT"Middlewares/FreeRTOS/timers.o" --specs=nano.specs -mfloat-abi=soft -mthumb -o "Middlewares/FreeRTOS/timers.o"
arm-none-eabi-gcc "D:/data-2026/lap_top/GHEP-MITSU_BACKUP/stm32_vl53l1x/STM32F103C8T6_VL53/Drivers/STM32F1xx_HAL_Driver/Src/stm32f1xx_hal.c" -mcpu=cortex-m3 -std=gnu11 -g3 -DDEBUG -DUSE_HAL_DRIVER -DSTM32F103xB -c -I../../Core/Inc -I../../Drivers/STM32F1xx_HAL_Driver/Inc -I../../Drivers/STM32F1xx_HAL_Driver/Inc/Legacy -I../../Middlewares/Third_Party/FreeRTOS/Source/include -I../../Middlewares/Third_Party/FreeRTOS/Source/CMSIS_RTOS_V2 -I../../Middlewares/Third_Party/FreeRTOS/Source/portable/GCC/ARM_CM3 -I../../Drivers/CMSIS/Device/ST/STM32F1xx/Include -I../../Drivers/CMSIS/Include -O0 -ffunction-sections -fdata-sections -Wall -fstack-usage -fcyclomatic-complexity -MMD -MP -MF"Drivers/STM32F1xx_HAL_Driver/stm32f1xx_hal.d" -MT"Drivers/STM32F1xx_HAL_Driver/stm32f1xx_hal.o" --specs=nano.specs -mfloat-abi=soft -mthumb -o "Drivers/STM32F1xx_HAL_Driver/stm32f1xx_hal.o"
arm-none-eabi-gcc "D:/data-2026/lap_top/GHEP-MITSU_BACKUP/stm32_vl53l1x/STM32F103C8T6_VL53/Drivers/STM32F1xx_HAL_Driver/Src/stm32f1xx_hal_can.c" -mcpu=cortex-m3 -std=gnu11 -g3 -DDEBUG -DUSE_HAL_DRIVER -DSTM32F103xB -c -I../../Core/Inc -I../../Drivers/STM32F1xx_HAL_Driver/Inc -I../../Drivers/STM32F1xx_HAL_Driver/Inc/Legacy -I../../Middlewares/Third_Party/FreeRTOS/Source/include -I../../Middlewares/Third_Party/FreeRTOS/Source/CMSIS_RTOS_V2 -I../../Middlewares/Third_Party/FreeRTOS/Source/portable/GCC/ARM_CM3 -I../../Drivers/CMSIS/Device/ST/STM32F1xx/Include -I../../Drivers/CMSIS/Include -O0 -ffunction-sections -fdata-sections -Wall -fstack-usage -fcyclomatic-complexity -MMD -MP -MF"Drivers/STM32F1xx_HAL_Driver/stm32f1xx_hal_can.d" -MT"Drivers/STM32F1xx_HAL_Driver/stm32f1xx_hal_can.o" --specs=nano.specs -mfloat-abi=soft -mthumb -o "Drivers/STM32F1xx_HAL_Driver/stm32f1xx_hal_can.o"
arm-none-eabi-gcc "D:/data-2026/lap_top/GHEP-MITSU_BACKUP/stm32_vl53l1x/STM32F103C8T6_VL53/Drivers/STM32F1xx_HAL_Driver/Src/stm32f1xx_hal_cortex.c" -mcpu=cortex-m3 -std=gnu11 -g3 -DDEBUG -DUSE_HAL_DRIVER -DSTM32F103xB -c -I../../Core/Inc -I../../Drivers/STM32F1xx_HAL_Driver/Inc -I../../Drivers/STM32F1xx_HAL_Driver/Inc/Legacy -I../../Middlewares/Third_Party/FreeRTOS/Source/include -I../../Middlewares/Third_Party/FreeRTOS/Source/CMSIS_RTOS_V2 -I../../Middlewares/Third_Party/FreeRTOS/Source/portable/GCC/ARM_CM3 -I../../Drivers/CMSIS/Device/ST/STM32F1xx/Include -I../../Drivers/CMSIS/Include -O0 -ffunction-sections -fdata-sections -Wall -fstack-usage -fcyclomatic-complexity -MMD -MP -MF"Drivers/STM32F1xx_HAL_Driver/stm32f1xx_hal_cortex.d" -MT"Drivers/STM32F1xx_HAL_Driver/stm32f1xx_hal_cortex.o" --specs=nano.specs -mfloat-abi=soft -mthumb -o "Drivers/STM32F1xx_HAL_Driver/stm32f1xx_hal_cortex.o"
arm-none-eabi-gcc "D:/data-2026/lap_top/GHEP-MITSU_BACKUP/stm32_vl53l1x/STM32F103C8T6_VL53/Drivers/STM32F1xx_HAL_Driver/Src/stm32f1xx_hal_dma.c" -mcpu=cortex-m3 -std=gnu11 -g3 -DDEBUG -DUSE_HAL_DRIVER -DSTM32F103xB -c -I../../Core/Inc -I../../Drivers/STM32F1xx_HAL_Driver/Inc -I../../Drivers/STM32F1xx_HAL_Driver/Inc/Legacy -I../../Middlewares/Third_Party/FreeRTOS/Source/include -I../../Middlewares/Third_Party/FreeRTOS/Source/CMSIS_RTOS_V2 -I../../Middlewares/Third_Party/FreeRTOS/Source/portable/GCC/ARM_CM3 -I../../Drivers/CMSIS/Device/ST/STM32F1xx/Include -I../../Drivers/CMSIS/Include -O0 -ffunction-sections -fdata-sections -Wall -fstack-usage -fcyclomatic-complexity -MMD -MP -MF"Drivers/STM32F1xx_HAL_Driver/stm32f1xx_hal_dma.d" -MT"Drivers/STM32F1xx_HAL_Driver/stm32f1xx_hal_dma.o" --specs=nano.specs -mfloat-abi=soft -mthumb -o "Drivers/STM32F1xx_HAL_Driver/stm32f1xx_hal_dma.o"
arm-none-eabi-gcc "D:/data-2026/lap_top/GHEP-MITSU_BACKUP/stm32_vl53l1x/STM32F103C8T6_VL53/Drivers/STM32F1xx_HAL_Driver/Src/stm32f1xx_hal_exti.c" -mcpu=cortex-m3 -std=gnu11 -g3 -DDEBUG -DUSE_HAL_DRIVER -DSTM32F103xB -c -I../../Core/Inc -I../../Drivers/STM32F1xx_HAL_Driver/Inc -I../../Drivers/STM32F1xx_HAL_Driver/Inc/Legacy -I../../Middlewares/Third_Party/FreeRTOS/Source/include -I../../Middlewares/Third_Party/FreeRTOS/Source/CMSIS_RTOS_V2 -I../../Middlewares/Third_Party/FreeRTOS/Source/portable/GCC/ARM_CM3 -I../../Drivers/CMSIS/Device/ST/STM32F1xx/Include -I../../Drivers/CMSIS/Include -O0 -ffunction-sections -fdata-sections -Wall -fstack-usage -fcyclomatic-complexity -MMD -MP -MF"Drivers/STM32F1xx_HAL_Driver/stm32f1xx_hal_exti.d" -MT"Drivers/STM32F1xx_HAL_Driver/stm32f1xx_hal_exti.o" --specs=nano.specs -mfloat-abi=soft -mthumb -o "Drivers/STM32F1xx_HAL_Driver/stm32f1xx_hal_exti.o"
arm-none-eabi-gcc "D:/data-2026/lap_top/GHEP-MITSU_BACKUP/stm32_vl53l1x/STM32F103C8T6_VL53/Drivers/STM32F1xx_HAL_Driver/Src/stm32f1xx_hal_flash.c" -mcpu=cortex-m3 -std=gnu11 -g3 -DDEBUG -DUSE_HAL_DRIVER -DSTM32F103xB -c -I../../Core/Inc -I../../Drivers/STM32F1xx_HAL_Driver/Inc -I../../Drivers/STM32F1xx_HAL_Driver/Inc/Legacy -I../../Middlewares/Third_Party/FreeRTOS/Source/include -I../../Middlewares/Third_Party/FreeRTOS/Source/CMSIS_RTOS_V2 -I../../Middlewares/Third_Party/FreeRTOS/Source/portable/GCC/ARM_CM3 -I../../Drivers/CMSIS/Device/ST/STM32F1xx/Include -I../../Drivers/CMSIS/Include -O0 -ffunction-sections -fdata-sections -Wall -fstack-usage -fcyclomatic-complexity -MMD -MP -MF"Drivers/STM32F1xx_HAL_Driver/stm32f1xx_hal_flash.d" -MT"Drivers/STM32F1xx_HAL_Driver/stm32f1xx_hal_flash.o" --specs=nano.specs -mfloat-abi=soft -mthumb -o "Drivers/STM32F1xx_HAL_Driver/stm32f1xx_hal_flash.o"
arm-none-eabi-gcc "D:/data-2026/lap_top/GHEP-MITSU_BACKUP/stm32_vl53l1x/STM32F103C8T6_VL53/Drivers/STM32F1xx_HAL_Driver/Src/stm32f1xx_hal_flash_ex.c" -mcpu=cortex-m3 -std=gnu11 -g3 -DDEBUG -DUSE_HAL_DRIVER -DSTM32F103xB -c -I../../Core/Inc -I../../Drivers/STM32F1xx_HAL_Driver/Inc -I../../Drivers/STM32F1xx_HAL_Driver/Inc/Legacy -I../../Middlewares/Third_Party/FreeRTOS/Source/include -I../../Middlewares/Third_Party/FreeRTOS/Source/CMSIS_RTOS_V2 -I../../Middlewares/Third_Party/FreeRTOS/Source/portable/GCC/ARM_CM3 -I../../Drivers/CMSIS/Device/ST/STM32F1xx/Include -I../../Drivers/CMSIS/Include -O0 -ffunction-sections -fdata-sections -Wall -fstack-usage -fcyclomatic-complexity -MMD -MP -MF"Drivers/STM32F1xx_HAL_Driver/stm32f1xx_hal_flash_ex.d" -MT"Drivers/STM32F1xx_HAL_Driver/stm32f1xx_hal_flash_ex.o" --specs=nano.specs -mfloat-abi=soft -mthumb -o "Drivers/STM32F1xx_HAL_Driver/stm32f1xx_hal_flash_ex.o"
arm-none-eabi-gcc "D:/data-2026/lap_top/GHEP-MITSU_BACKUP/stm32_vl53l1x/STM32F103C8T6_VL53/Drivers/STM32F1xx_HAL_Driver/Src/stm32f1xx_hal_gpio.c" -mcpu=cortex-m3 -std=gnu11 -g3 -DDEBUG -DUSE_HAL_DRIVER -DSTM32F103xB -c -I../../Core/Inc -I../../Drivers/STM32F1xx_HAL_Driver/Inc -I../../Drivers/STM32F1xx_HAL_Driver/Inc/Legacy -I../../Middlewares/Third_Party/FreeRTOS/Source/include -I../../Middlewares/Third_Party/FreeRTOS/Source/CMSIS_RTOS_V2 -I../../Middlewares/Third_Party/FreeRTOS/Source/portable/GCC/ARM_CM3 -I../../Drivers/CMSIS/Device/ST/STM32F1xx/Include -I../../Drivers/CMSIS/Include -O0 -ffunction-sections -fdata-sections -Wall -fstack-usage -fcyclomatic-complexity -MMD -MP -MF"Drivers/STM32F1xx_HAL_Driver/stm32f1xx_hal_gpio.d" -MT"Drivers/STM32F1xx_HAL_Driver/stm32f1xx_hal_gpio.o" --specs=nano.specs -mfloat-abi=soft -mthumb -o "Drivers/STM32F1xx_HAL_Driver/stm32f1xx_hal_gpio.o"
arm-none-eabi-gcc "D:/data-2026/lap_top/GHEP-MITSU_BACKUP/stm32_vl53l1x/STM32F103C8T6_VL53/Drivers/STM32F1xx_HAL_Driver/Src/stm32f1xx_hal_gpio_ex.c" -mcpu=cortex-m3 -std=gnu11 -g3 -DDEBUG -DUSE_HAL_DRIVER -DSTM32F103xB -c -I../../Core/Inc -I../../Drivers/STM32F1xx_HAL_Driver/Inc -I../../Drivers/STM32F1xx_HAL_Driver/Inc/Legacy -I../../Middlewares/Third_Party/FreeRTOS/Source/include -I../../Middlewares/Third_Party/FreeRTOS/Source/CMSIS_RTOS_V2 -I../../Middlewares/Third_Party/FreeRTOS/Source/portable/GCC/ARM_CM3 -I../../Drivers/CMSIS/Device/ST/STM32F1xx/Include -I../../Drivers/CMSIS/Include -O0 -ffunction-sections -fdata-sections -Wall -fstack-usage -fcyclomatic-complexity -MMD -MP -MF"Drivers/STM32F1xx_HAL_Driver/stm32f1xx_hal_gpio_ex.d" -MT"Drivers/STM32F1xx_HAL_Driver/stm32f1xx_hal_gpio_ex.o" --specs=nano.specs -mfloat-abi=soft -mthumb -o "Drivers/STM32F1xx_HAL_Driver/stm32f1xx_hal_gpio_ex.o"
arm-none-eabi-gcc "D:/data-2026/lap_top/GHEP-MITSU_BACKUP/stm32_vl53l1x/STM32F103C8T6_VL53/Drivers/STM32F1xx_HAL_Driver/Src/stm32f1xx_hal_i2c.c" -mcpu=cortex-m3 -std=gnu11 -g3 -DDEBUG -DUSE_HAL_DRIVER -DSTM32F103xB -c -I../../Core/Inc -I../../Drivers/STM32F1xx_HAL_Driver/Inc -I../../Drivers/STM32F1xx_HAL_Driver/Inc/Legacy -I../../Middlewares/Third_Party/FreeRTOS/Source/include -I../../Middlewares/Third_Party/FreeRTOS/Source/CMSIS_RTOS_V2 -I../../Middlewares/Third_Party/FreeRTOS/Source/portable/GCC/ARM_CM3 -I../../Drivers/CMSIS/Device/ST/STM32F1xx/Include -I../../Drivers/CMSIS/Include -O0 -ffunction-sections -fdata-sections -Wall -fstack-usage -fcyclomatic-complexity -MMD -MP -MF"Drivers/STM32F1xx_HAL_Driver/stm32f1xx_hal_i2c.d" -MT"Drivers/STM32F1xx_HAL_Driver/stm32f1xx_hal_i2c.o" --specs=nano.specs -mfloat-abi=soft -mthumb -o "Drivers/STM32F1xx_HAL_Driver/stm32f1xx_hal_i2c.o"
arm-none-eabi-gcc "D:/data-2026/lap_top/GHEP-MITSU_BACKUP/stm32_vl53l1x/STM32F103C8T6_VL53/Drivers/STM32F1xx_HAL_Driver/Src/stm32f1xx_hal_pwr.c" -mcpu=cortex-m3 -std=gnu11 -g3 -DDEBUG -DUSE_HAL_DRIVER -DSTM32F103xB -c -I../../Core/Inc -I../../Drivers/STM32F1xx_HAL_Driver/Inc -I../../Drivers/STM32F1xx_HAL_Driver/Inc/Legacy -I../../Middlewares/Third_Party/FreeRTOS/Source/include -I../../Middlewares/Third_Party/FreeRTOS/Source/CMSIS_RTOS_V2 -I../../Middlewares/Third_Party/FreeRTOS/Source/portable/GCC/ARM_CM3 -I../../Drivers/CMSIS/Device/ST/STM32F1xx/Include -I../../Drivers/CMSIS/Include -O0 -ffunction-sections -fdata-sections -Wall -fstack-usage -fcyclomatic-complexity -MMD -MP -MF"Drivers/STM32F1xx_HAL_Driver/stm32f1xx_hal_pwr.d" -MT"Drivers/STM32F1xx_HAL_Driver/stm32f1xx_hal_pwr.o" --specs=nano.specs -mfloat-abi=soft -mthumb -o "Drivers/STM32F1xx_HAL_Driver/stm32f1xx_hal_pwr.o"
arm-none-eabi-gcc "D:/data-2026/lap_top/GHEP-MITSU_BACKUP/stm32_vl53l1x/STM32F103C8T6_VL53/Drivers/STM32F1xx_HAL_Driver/Src/stm32f1xx_hal_rcc.c" -mcpu=cortex-m3 -std=gnu11 -g3 -DDEBUG -DUSE_HAL_DRIVER -DSTM32F103xB -c -I../../Core/Inc -I../../Drivers/STM32F1xx_HAL_Driver/Inc -I../../Drivers/STM32F1xx_HAL_Driver/Inc/Legacy -I../../Middlewares/Third_Party/FreeRTOS/Source/include -I../../Middlewares/Third_Party/FreeRTOS/Source/CMSIS_RTOS_V2 -I../../Middlewares/Third_Party/FreeRTOS/Source/portable/GCC/ARM_CM3 -I../../Drivers/CMSIS/Device/ST/STM32F1xx/Include -I../../Drivers/CMSIS/Include -O0 -ffunction-sections -fdata-sections -Wall -fstack-usage -fcyclomatic-complexity -MMD -MP -MF"Drivers/STM32F1xx_HAL_Driver/stm32f1xx_hal_rcc.d" -MT"Drivers/STM32F1xx_HAL_Driver/stm32f1xx_hal_rcc.o" --specs=nano.specs -mfloat-abi=soft -mthumb -o "Drivers/STM32F1xx_HAL_Driver/stm32f1xx_hal_rcc.o"
arm-none-eabi-gcc "D:/data-2026/lap_top/GHEP-MITSU_BACKUP/stm32_vl53l1x/STM32F103C8T6_VL53/Drivers/STM32F1xx_HAL_Driver/Src/stm32f1xx_hal_rcc_ex.c" -mcpu=cortex-m3 -std=gnu11 -g3 -DDEBUG -DUSE_HAL_DRIVER -DSTM32F103xB -c -I../../Core/Inc -I../../Drivers/STM32F1xx_HAL_Driver/Inc -I../../Drivers/STM32F1xx_HAL_Driver/Inc/Legacy -I../../Middlewares/Third_Party/FreeRTOS/Source/include -I../../Middlewares/Third_Party/FreeRTOS/Source/CMSIS_RTOS_V2 -I../../Middlewares/Third_Party/FreeRTOS/Source/portable/GCC/ARM_CM3 -I../../Drivers/CMSIS/Device/ST/STM32F1xx/Include -I../../Drivers/CMSIS/Include -O0 -ffunction-sections -fdata-sections -Wall -fstack-usage -fcyclomatic-complexity -MMD -MP -MF"Drivers/STM32F1xx_HAL_Driver/stm32f1xx_hal_rcc_ex.d" -MT"Drivers/STM32F1xx_HAL_Driver/stm32f1xx_hal_rcc_ex.o" --specs=nano.specs -mfloat-abi=soft -mthumb -o "Drivers/STM32F1xx_HAL_Driver/stm32f1xx_hal_rcc_ex.o"
arm-none-eabi-gcc "D:/data-2026/lap_top/GHEP-MITSU_BACKUP/stm32_vl53l1x/STM32F103C8T6_VL53/Drivers/STM32F1xx_HAL_Driver/Src/stm32f1xx_hal_uart.c" -mcpu=cortex-m3 -std=gnu11 -g3 -DDEBUG -DUSE_HAL_DRIVER -DSTM32F103xB -c -I../../Core/Inc -I../../Drivers/STM32F1xx_HAL_Driver/Inc -I../../Drivers/STM32F1xx_HAL_Driver/Inc/Legacy -I../../Middlewares/Third_Party/FreeRTOS/Source/include -I../../Middlewares/Third_Party/FreeRTOS/Source/CMSIS_RTOS_V2 -I../../Middlewares/Third_Party/FreeRTOS/Source/portable/GCC/ARM_CM3 -I../../Drivers/CMSIS/Device/ST/STM32F1xx/Include -I../../Drivers/CMSIS/Include -O0 -ffunction-sections -fdata-sections -Wall -fstack-usage -fcyclomatic-complexity -MMD -MP -MF"Drivers/STM32F1xx_HAL_Driver/stm32f1xx_hal_uart.d" -MT"Drivers/STM32F1xx_HAL_Driver/stm32f1xx_hal_uart.o" --specs=nano.specs -mfloat-abi=soft -mthumb -o "Drivers/STM32F1xx_HAL_Driver/stm32f1xx_hal_uart.o"
arm-none-eabi-gcc "D:/data-2026/lap_top/GHEP-MITSU_BACKUP/stm32_vl53l1x/STM32F103C8T6_VL53/Core/Src/system_stm32f1xx.c" -mcpu=cortex-m3 -std=gnu11 -g3 -DDEBUG -DUSE_HAL_DRIVER -DSTM32F103xB -c -I../../Core/Inc -I../../Drivers/STM32F1xx_HAL_Driver/Inc -I../../Drivers/STM32F1xx_HAL_Driver/Inc/Legacy -I../../Middlewares/Third_Party/FreeRTOS/Source/include -I../../Middlewares/Third_Party/FreeRTOS/Source/CMSIS_RTOS_V2 -I../../Middlewares/Third_Party/FreeRTOS/Source/portable/GCC/ARM_CM3 -I../../Drivers/CMSIS/Device/ST/STM32F1xx/Include -I../../Drivers/CMSIS/Include -O0 -ffunction-sections -fdata-sections -Wall -fstack-usage -fcyclomatic-complexity -MMD -MP -MF"Drivers/CMSIS/system_stm32f1xx.d" -MT"Drivers/CMSIS/system_stm32f1xx.o" --specs=nano.specs -mfloat-abi=soft -mthumb -o "Drivers/CMSIS/system_stm32f1xx.o"
arm-none-eabi-gcc -mcpu=cortex-m3 -g3 -DDEBUG -c -I../../Core/Inc -I../../Drivers/STM32F1xx_HAL_Driver/Inc -I../../Drivers/STM32F1xx_HAL_Driver/Inc/Legacy -I../../Middlewares/Third_Party/FreeRTOS/Source/include -I../../Middlewares/Third_Party/FreeRTOS/Source/CMSIS_RTOS_V2 -I../../Middlewares/Third_Party/FreeRTOS/Source/portable/GCC/ARM_CM3 -I../../Drivers/CMSIS/Device/ST/STM32F1xx/Include -I../../Drivers/CMSIS/Include -x assembler-with-cpp -MMD -MP -MF"Application/User/Startup/startup_stm32f103c8tx.d" -MT"Application/User/Startup/startup_stm32f103c8tx.o" --specs=nano.specs -mfloat-abi=soft -mthumb -o "Application/User/Startup/startup_stm32f103c8tx.o" "../Application/User/Startup/startup_stm32f103c8tx.s"
arm-none-eabi-gcc "D:/data-2026/lap_top/GHEP-MITSU_BACKUP/stm32_vl53l1x/STM32F103C8T6_VL53/Core/Src/VL53L.c" -mcpu=cortex-m3 -std=gnu11 -g3 -DDEBUG -DUSE_HAL_DRIVER -DSTM32F103xB -c -I../../Core/Inc -I../../Drivers/STM32F1xx_HAL_Driver/Inc -I../../Drivers/STM32F1xx_HAL_Driver/Inc/Legacy -I../../Middlewares/Third_Party/FreeRTOS/Source/include -I../../Middlewares/Third_Party/FreeRTOS/Source/CMSIS_RTOS_V2 -I../../Middlewares/Third_Party/FreeRTOS/Source/portable/GCC/ARM_CM3 -I../../Drivers/CMSIS/Device/ST/STM32F1xx/Include -I../../Drivers/CMSIS/Include -O0 -ffunction-sections -fdata-sections -Wall -fstack-usage -fcyclomatic-complexity -MMD -MP -MF"Application/User/Core/VL53L.d" -MT"Application/User/Core/VL53L.o" --specs=nano.specs -mfloat-abi=soft -mthumb -o "Application/User/Core/VL53L.o"
arm-none-eabi-gcc "D:/data-2026/lap_top/GHEP-MITSU_BACKUP/stm32_vl53l1x/STM32F103C8T6_VL53/Core/Src/VL53L1X_api.c" -mcpu=cortex-m3 -std=gnu11 -g3 -DDEBUG -DUSE_HAL_DRIVER -DSTM32F103xB -c -I../../Core/Inc -I../../Drivers/STM32F1xx_HAL_Driver/Inc -I../../Drivers/STM32F1xx_HAL_Driver/Inc/Legacy -I../../Middlewares/Third_Party/FreeRTOS/Source/include -I../../Middlewares/Third_Party/FreeRTOS/Source/CMSIS_RTOS_V2 -I../../Middlewares/Third_Party/FreeRTOS/Source/portable/GCC/ARM_CM3 -I../../Drivers/CMSIS/Device/ST/STM32F1xx/Include -I../../Drivers/CMSIS/Include -O0 -ffunction-sections -fdata-sections -Wall -fstack-usage -fcyclomatic-complexity -MMD -MP -MF"Application/User/Core/VL53L1X_api.d" -MT"Application/User/Core/VL53L1X_api.o" --specs=nano.specs -mfloat-abi=soft -mthumb -o "Application/User/Core/VL53L1X_api.o"
arm-none-eabi-gcc "D:/data-2026/lap_top/GHEP-MITSU_BACKUP/stm32_vl53l1x/STM32F103C8T6_VL53/Core/Src/VL53L1X_calibration.c" -mcpu=cortex-m3 -std=gnu11 -g3 -DDEBUG -DUSE_HAL_DRIVER -DSTM32F103xB -c -I../../Core/Inc -I../../Drivers/STM32F1xx_HAL_Driver/Inc -I../../Drivers/STM32F1xx_HAL_Driver/Inc/Legacy -I../../Middlewares/Third_Party/FreeRTOS/Source/include -I../../Middlewares/Third_Party/FreeRTOS/Source/CMSIS_RTOS_V2 -I../../Middlewares/Third_Party/FreeRTOS/Source/portable/GCC/ARM_CM3 -I../../Drivers/CMSIS/Device/ST/STM32F1xx/Include -I../../Drivers/CMSIS/Include -O0 -ffunction-sections -fdata-sections -Wall -fstack-usage -fcyclomatic-complexity -MMD -MP -MF"Application/User/Core/VL53L1X_calibration.d" -MT"Application/User/Core/VL53L1X_calibration.o" --specs=nano.specs -mfloat-abi=soft -mthumb -o "Application/User/Core/VL53L1X_calibration.o"
arm-none-eabi-gcc "D:/data-2026/lap_top/GHEP-MITSU_BACKUP/stm32_vl53l1x/STM32F103C8T6_VL53/Core/Src/can.c" -mcpu=cortex-m3 -std=gnu11 -g3 -DDEBUG -DUSE_HAL_DRIVER -DSTM32F103xB -c -I../../Core/Inc -I../../Drivers/STM32F1xx_HAL_Driver/Inc -I../../Drivers/STM32F1xx_HAL_Driver/Inc/Legacy -I../../Middlewares/Third_Party/FreeRTOS/Source/include -I../../Middlewares/Third_Party/FreeRTOS/Source/CMSIS_RTOS_V2 -I../../Middlewares/Third_Party/FreeRTOS/Source/portable/GCC/ARM_CM3 -I../../Drivers/CMSIS/Device/ST/STM32F1xx/Include -I../../Drivers/CMSIS/Include -O0 -ffunction-sections -fdata-sections -Wall -fstack-usage -fcyclomatic-complexity -MMD -MP -MF"Application/User/Core/can.d" -MT"Application/User/Core/can.o" --specs=nano.specs -mfloat-abi=soft -mthumb -o "Application/User/Core/can.o"
arm-none-eabi-gcc "D:/data-2026/lap_top/GHEP-MITSU_BACKUP/stm32_vl53l1x/STM32F103C8T6_VL53/Core/Src/can_vl53.c" -mcpu=cortex-m3 -std=gnu11 -g3 -DDEBUG -DUSE_HAL_DRIVER -DSTM32F103xB -c -I../../Core/Inc -I../../Drivers/STM32F1xx_HAL_Driver/Inc -I../../Drivers/STM32F1xx_HAL_Driver/Inc/Legacy -I../../Middlewares/Third_Party/FreeRTOS/Source/include -I../../Middlewares/Third_Party/FreeRTOS/Source/CMSIS_RTOS_V2 -I../../Middlewares/Third_Party/FreeRTOS/Source/portable/GCC/ARM_CM3 -I../../Drivers/CMSIS/Device/ST/STM32F1xx/Include -I../../Drivers/CMSIS/Include -O0 -ffunction-sections -fdata-sections -Wall -fstack-usage -fcyclomatic-complexity -MMD -MP -MF"Application/User/Core/can_vl53.d" -MT"Application/User/Core/can_vl53.o" --specs=nano.specs -mfloat-abi=soft -mthumb -o "Application/User/Core/can_vl53.o"
arm-none-eabi-gcc "D:/data-2026/lap_top/GHEP-MITSU_BACKUP/stm32_vl53l1x/STM32F103C8T6_VL53/Core/Src/dma.c" -mcpu=cortex-m3 -std=gnu11 -g3 -DDEBUG -DUSE_HAL_DRIVER -DSTM32F103xB -c -I../../Core/Inc -I../../Drivers/STM32F1xx_HAL_Driver/Inc -I../../Drivers/STM32F1xx_HAL_Driver/Inc/Legacy -I../../Middlewares/Third_Party/FreeRTOS/Source/include -I../../Middlewares/Third_Party/FreeRTOS/Source/CMSIS_RTOS_V2 -I../../Middlewares/Third_Party/FreeRTOS/Source/portable/GCC/ARM_CM3 -I../../Drivers/CMSIS/Device/ST/STM32F1xx/Include -I../../Drivers/CMSIS/Include -O0 -ffunction-sections -fdata-sections -Wall -fstack-usage -fcyclomatic-complexity -MMD -MP -MF"Application/User/Core/dma.d" -MT"Application/User/Core/dma.o" --specs=nano.specs -mfloat-abi=soft -mthumb -o "Application/User/Core/dma.o"
arm-none-eabi-gcc "D:/data-2026/lap_top/GHEP-MITSU_BACKUP/stm32_vl53l1x/STM32F103C8T6_VL53/Core/Src/freertos.c" -mcpu=cortex-m3 -std=gnu11 -g3 -DDEBUG -DUSE_HAL_DRIVER -DSTM32F103xB -c -I../../Core/Inc -I../../Drivers/STM32F1xx_HAL_Driver/Inc -I../../Drivers/STM32F1xx_HAL_Driver/Inc/Legacy -I../../Middlewares/Third_Party/FreeRTOS/Source/include -I../../Middlewares/Third_Party/FreeRTOS/Source/CMSIS_RTOS_V2 -I../../Middlewares/Third_Party/FreeRTOS/Source/portable/GCC/ARM_CM3 -I../../Drivers/CMSIS/Device/ST/STM32F1xx/Include -I../../Drivers/CMSIS/Include -O0 -ffunction-sections -fdata-sections -Wall -fstack-usage -fcyclomatic-complexity -MMD -MP -MF"Application/User/Core/freertos.d" -MT"Application/User/Core/freertos.o" --specs=nano.specs -mfloat-abi=soft -mthumb -o "Application/User/Core/freertos.o"
arm-none-eabi-gcc "D:/data-2026/lap_top/GHEP-MITSU_BACKUP/stm32_vl53l1x/STM32F103C8T6_VL53/Core/Src/gpio.c" -mcpu=cortex-m3 -std=gnu11 -g3 -DDEBUG -DUSE_HAL_DRIVER -DSTM32F103xB -c -I../../Core/Inc -I../../Drivers/STM32F1xx_HAL_Driver/Inc -I../../Drivers/STM32F1xx_HAL_Driver/Inc/Legacy -I../../Middlewares/Third_Party/FreeRTOS/Source/include -I../../Middlewares/Third_Party/FreeRTOS/Source/CMSIS_RTOS_V2 -I../../Middlewares/Third_Party/FreeRTOS/Source/portable/GCC/ARM_CM3 -I../../Drivers/CMSIS/Device/ST/STM32F1xx/Include -I../../Drivers/CMSIS/Include -O0 -ffunction-sections -fdata-sections -Wall -fstack-usage -fcyclomatic-complexity -MMD -MP -MF"Application/User/Core/gpio.d" -MT"Application/User/Core/gpio.o" --specs=nano.specs -mfloat-abi=soft -mthumb -o "Application/User/Core/gpio.o"
D:/data-2026/lap_top/GHEP-MITSU_BACKUP/stm32_vl53l1x/STM32F103C8T6_VL53/Core/Src/can_vl53.c:30:17: warning: 'last_tx_time' defined but not used [-Wunused-variable]
   30 | static uint32_t last_tx_time = 0;
      |                 ^~~~~~~~~~~~
arm-none-eabi-gcc "D:/data-2026/lap_top/GHEP-MITSU_BACKUP/stm32_vl53l1x/STM32F103C8T6_VL53/Core/Src/i2c.c" -mcpu=cortex-m3 -std=gnu11 -g3 -DDEBUG -DUSE_HAL_DRIVER -DSTM32F103xB -c -I../../Core/Inc -I../../Drivers/STM32F1xx_HAL_Driver/Inc -I../../Drivers/STM32F1xx_HAL_Driver/Inc/Legacy -I../../Middlewares/Third_Party/FreeRTOS/Source/include -I../../Middlewares/Third_Party/FreeRTOS/Source/CMSIS_RTOS_V2 -I../../Middlewares/Third_Party/FreeRTOS/Source/portable/GCC/ARM_CM3 -I../../Drivers/CMSIS/Device/ST/STM32F1xx/Include -I../../Drivers/CMSIS/Include -O0 -ffunction-sections -fdata-sections -Wall -fstack-usage -fcyclomatic-complexity -MMD -MP -MF"Application/User/Core/i2c.d" -MT"Application/User/Core/i2c.o" --specs=nano.specs -mfloat-abi=soft -mthumb -o "Application/User/Core/i2c.o"
arm-none-eabi-gcc "D:/data-2026/lap_top/GHEP-MITSU_BACKUP/stm32_vl53l1x/STM32F103C8T6_VL53/Core/Src/main.c" -mcpu=cortex-m3 -std=gnu11 -g3 -DDEBUG -DUSE_HAL_DRIVER -DSTM32F103xB -c -I../../Core/Inc -I../../Drivers/STM32F1xx_HAL_Driver/Inc -I../../Drivers/STM32F1xx_HAL_Driver/Inc/Legacy -I../../Middlewares/Third_Party/FreeRTOS/Source/include -I../../Middlewares/Third_Party/FreeRTOS/Source/CMSIS_RTOS_V2 -I../../Middlewares/Third_Party/FreeRTOS/Source/portable/GCC/ARM_CM3 -I../../Drivers/CMSIS/Device/ST/STM32F1xx/Include -I../../Drivers/CMSIS/Include -O0 -ffunction-sections -fdata-sections -Wall -fstack-usage -fcyclomatic-complexity -MMD -MP -MF"Application/User/Core/main.d" -MT"Application/User/Core/main.o" --specs=nano.specs -mfloat-abi=soft -mthumb -o "Application/User/Core/main.o"
arm-none-eabi-gcc "D:/data-2026/lap_top/GHEP-MITSU_BACKUP/stm32_vl53l1x/STM32F103C8T6_VL53/Core/Src/oled_ssd1306.c" -mcpu=cortex-m3 -std=gnu11 -g3 -DDEBUG -DUSE_HAL_DRIVER -DSTM32F103xB -c -I../../Core/Inc -I../../Drivers/STM32F1xx_HAL_Driver/Inc -I../../Drivers/STM32F1xx_HAL_Driver/Inc/Legacy -I../../Middlewares/Third_Party/FreeRTOS/Source/include -I../../Middlewares/Third_Party/FreeRTOS/Source/CMSIS_RTOS_V2 -I../../Middlewares/Third_Party/FreeRTOS/Source/portable/GCC/ARM_CM3 -I../../Drivers/CMSIS/Device/ST/STM32F1xx/Include -I../../Drivers/CMSIS/Include -O0 -ffunction-sections -fdata-sections -Wall -fstack-usage -fcyclomatic-complexity -MMD -MP -MF"Application/User/Core/oled_ssd1306.d" -MT"Application/User/Core/oled_ssd1306.o" --specs=nano.specs -mfloat-abi=soft -mthumb -o "Application/User/Core/oled_ssd1306.o"
arm-none-eabi-gcc "D:/data-2026/lap_top/GHEP-MITSU_BACKUP/stm32_vl53l1x/STM32F103C8T6_VL53/Core/Src/plc_mitsu.c" -mcpu=cortex-m3 -std=gnu11 -g3 -DDEBUG -DUSE_HAL_DRIVER -DSTM32F103xB -c -I../../Core/Inc -I../../Drivers/STM32F1xx_HAL_Driver/Inc -I../../Drivers/STM32F1xx_HAL_Driver/Inc/Legacy -I../../Middlewares/Third_Party/FreeRTOS/Source/include -I../../Middlewares/Third_Party/FreeRTOS/Source/CMSIS_RTOS_V2 -I../../Middlewares/Third_Party/FreeRTOS/Source/portable/GCC/ARM_CM3 -I../../Drivers/CMSIS/Device/ST/STM32F1xx/Include -I../../Drivers/CMSIS/Include -O0 -ffunction-sections -fdata-sections -Wall -fstack-usage -fcyclomatic-complexity -MMD -MP -MF"Application/User/Core/plc_mitsu.d" -MT"Application/User/Core/plc_mitsu.o" --specs=nano.specs -mfloat-abi=soft -mthumb -o "Application/User/Core/plc_mitsu.o"
arm-none-eabi-gcc "D:/data-2026/lap_top/GHEP-MITSU_BACKUP/stm32_vl53l1x/STM32F103C8T6_VL53/Core/Src/stm32f1xx_hal_msp.c" -mcpu=cortex-m3 -std=gnu11 -g3 -DDEBUG -DUSE_HAL_DRIVER -DSTM32F103xB -c -I../../Core/Inc -I../../Drivers/STM32F1xx_HAL_Driver/Inc -I../../Drivers/STM32F1xx_HAL_Driver/Inc/Legacy -I../../Middlewares/Third_Party/FreeRTOS/Source/include -I../../Middlewares/Third_Party/FreeRTOS/Source/CMSIS_RTOS_V2 -I../../Middlewares/Third_Party/FreeRTOS/Source/portable/GCC/ARM_CM3 -I../../Drivers/CMSIS/Device/ST/STM32F1xx/Include -I../../Drivers/CMSIS/Include -O0 -ffunction-sections -fdata-sections -Wall -fstack-usage -fcyclomatic-complexity -MMD -MP -MF"Application/User/Core/stm32f1xx_hal_msp.d" -MT"Application/User/Core/stm32f1xx_hal_msp.o" --specs=nano.specs -mfloat-abi=soft -mthumb -o "Application/User/Core/stm32f1xx_hal_msp.o"
arm-none-eabi-gcc "D:/data-2026/lap_top/GHEP-MITSU_BACKUP/stm32_vl53l1x/STM32F103C8T6_VL53/Core/Src/stm32f1xx_it.c" -mcpu=cortex-m3 -std=gnu11 -g3 -DDEBUG -DUSE_HAL_DRIVER -DSTM32F103xB -c -I../../Core/Inc -I../../Drivers/STM32F1xx_HAL_Driver/Inc -I../../Drivers/STM32F1xx_HAL_Driver/Inc/Legacy -I../../Middlewares/Third_Party/FreeRTOS/Source/include -I../../Middlewares/Third_Party/FreeRTOS/Source/CMSIS_RTOS_V2 -I../../Middlewares/Third_Party/FreeRTOS/Source/portable/GCC/ARM_CM3 -I../../Drivers/CMSIS/Device/ST/STM32F1xx/Include -I../../Drivers/CMSIS/Include -O0 -ffunction-sections -fdata-sections -Wall -fstack-usage -fcyclomatic-complexity -MMD -MP -MF"Application/User/Core/stm32f1xx_it.d" -MT"Application/User/Core/stm32f1xx_it.o" --specs=nano.specs -mfloat-abi=soft -mthumb -o "Application/User/Core/stm32f1xx_it.o"
arm-none-eabi-gcc "../Application/User/Core/syscalls.c" -mcpu=cortex-m3 -std=gnu11 -g3 -DDEBUG -DUSE_HAL_DRIVER -DSTM32F103xB -c -I../../Core/Inc -I../../Drivers/STM32F1xx_HAL_Driver/Inc -I../../Drivers/STM32F1xx_HAL_Driver/Inc/Legacy -I../../Middlewares/Third_Party/FreeRTOS/Source/include -I../../Middlewares/Third_Party/FreeRTOS/Source/CMSIS_RTOS_V2 -I../../Middlewares/Third_Party/FreeRTOS/Source/portable/GCC/ARM_CM3 -I../../Drivers/CMSIS/Device/ST/STM32F1xx/Include -I../../Drivers/CMSIS/Include -O0 -ffunction-sections -fdata-sections -Wall -fstack-usage -fcyclomatic-complexity -MMD -MP -MF"Application/User/Core/syscalls.d" -MT"Application/User/Core/syscalls.o" --specs=nano.specs -mfloat-abi=soft -mthumb -o "Application/User/Core/syscalls.o"
arm-none-eabi-gcc "../Application/User/Core/sysmem.c" -mcpu=cortex-m3 -std=gnu11 -g3 -DDEBUG -DUSE_HAL_DRIVER -DSTM32F103xB -c -I../../Core/Inc -I../../Drivers/STM32F1xx_HAL_Driver/Inc -I../../Drivers/STM32F1xx_HAL_Driver/Inc/Legacy -I../../Middlewares/Third_Party/FreeRTOS/Source/include -I../../Middlewares/Third_Party/FreeRTOS/Source/CMSIS_RTOS_V2 -I../../Middlewares/Third_Party/FreeRTOS/Source/portable/GCC/ARM_CM3 -I../../Drivers/CMSIS/Device/ST/STM32F1xx/Include -I../../Drivers/CMSIS/Include -O0 -ffunction-sections -fdata-sections -Wall -fstack-usage -fcyclomatic-complexity -MMD -MP -MF"Application/User/Core/sysmem.d" -MT"Application/User/Core/sysmem.o" --specs=nano.specs -mfloat-abi=soft -mthumb -o "Application/User/Core/sysmem.o"
arm-none-eabi-gcc "D:/data-2026/lap_top/GHEP-MITSU_BACKUP/stm32_vl53l1x/STM32F103C8T6_VL53/Core/Src/usart.c" -mcpu=cortex-m3 -std=gnu11 -g3 -DDEBUG -DUSE_HAL_DRIVER -DSTM32F103xB -c -I../../Core/Inc -I../../Drivers/STM32F1xx_HAL_Driver/Inc -I../../Drivers/STM32F1xx_HAL_Driver/Inc/Legacy -I../../Middlewares/Third_Party/FreeRTOS/Source/include -I../../Middlewares/Third_Party/FreeRTOS/Source/CMSIS_RTOS_V2 -I../../Middlewares/Third_Party/FreeRTOS/Source/portable/GCC/ARM_CM3 -I../../Drivers/CMSIS/Device/ST/STM32F1xx/Include -I../../Drivers/CMSIS/Include -O0 -ffunction-sections -fdata-sections -Wall -fstack-usage -fcyclomatic-complexity -MMD -MP -MF"Application/User/Core/usart.d" -MT"Application/User/Core/usart.o" --specs=nano.specs -mfloat-abi=soft -mthumb -o "Application/User/Core/usart.o"
arm-none-eabi-gcc "D:/data-2026/lap_top/GHEP-MITSU_BACKUP/stm32_vl53l1x/STM32F103C8T6_VL53/Core/Src/vl53l1_platform.c" -mcpu=cortex-m3 -std=gnu11 -g3 -DDEBUG -DUSE_HAL_DRIVER -DSTM32F103xB -c -I../../Core/Inc -I../../Drivers/STM32F1xx_HAL_Driver/Inc -I../../Drivers/STM32F1xx_HAL_Driver/Inc/Legacy -I../../Middlewares/Third_Party/FreeRTOS/Source/include -I../../Middlewares/Third_Party/FreeRTOS/Source/CMSIS_RTOS_V2 -I../../Middlewares/Third_Party/FreeRTOS/Source/portable/GCC/ARM_CM3 -I../../Drivers/CMSIS/Device/ST/STM32F1xx/Include -I../../Drivers/CMSIS/Include -O0 -ffunction-sections -fdata-sections -Wall -fstack-usage -fcyclomatic-complexity -MMD -MP -MF"Application/User/Core/vl53l1_platform.d" -MT"Application/User/Core/vl53l1_platform.o" --specs=nano.specs -mfloat-abi=soft -mthumb -o "Application/User/Core/vl53l1_platform.o"
arm-none-eabi-gcc -o "STM32F103C8T6_VL53.elf" @"objects.list"   -mcpu=cortex-m3 -T"D:\data-2026\lap_top\GHEP-MITSU_BACKUP\stm32_vl53l1x\STM32F103C8T6_VL53\STM32CubeIDE\STM32F103C8TX_FLASH.ld" --specs=nosys.specs -Wl,-Map="STM32F103C8T6_VL53.map" -Wl,--gc-sections -static --specs=nano.specs -mfloat-abi=soft -mthumb -Wl,--start-group -lc -lm -Wl,--end-group
Finished building target: STM32F103C8T6_VL53.elf
 
arm-none-eabi-size  STM32F103C8T6_VL53.elf 
arm-none-eabi-objdump -h -S STM32F103C8T6_VL53.elf  > "STM32F103C8T6_VL53.list"
   text	   data	    bss	    dec	    hex	filename
  48808	    172	  15704	  64684	   fcac	STM32F103C8T6_VL53.elf
Finished building: default.size.stdout
 
Finished building: STM32F103C8T6_VL53.list
 
14:34:23 **** Incremental Build of configuration Debug for project STM32F103C8T6_VL53 ****
make -j4 all 
arm-none-eabi-gcc "D:/data-2026/lap_top/GHEP-MITSU_BACKUP/stm32_vl53l1x/STM32F103C8T6_VL53/Core/Src/VL53L.c" -mcpu=cortex-m3 -std=gnu11 -g3 -DDEBUG -DUSE_HAL_DRIVER -DSTM32F103xB -c -I../../Core/Inc -I../../Drivers/STM32F1xx_HAL_Driver/Inc -I../../Drivers/STM32F1xx_HAL_Driver/Inc/Legacy -I../../Middlewares/Third_Party/FreeRTOS/Source/include -I../../Middlewares/Third_Party/FreeRTOS/Source/CMSIS_RTOS_V2 -I../../Middlewares/Third_Party/FreeRTOS/Source/portable/GCC/ARM_CM3 -I../../Drivers/CMSIS/Device/ST/STM32F1xx/Include -I../../Drivers/CMSIS/Include -O0 -ffunction-sections -fdata-sections -Wall -fstack-usage -fcyclomatic-complexity -MMD -MP -MF"Application/User/Core/VL53L.d" -MT"Application/User/Core/VL53L.o" --specs=nano.specs -mfloat-abi=soft -mthumb -o "Application/User/Core/VL53L.o"
arm-none-eabi-gcc "D:/data-2026/lap_top/GHEP-MITSU_BACKUP/stm32_vl53l1x/STM32F103C8T6_VL53/Core/Src/can.c" -mcpu=cortex-m3 -std=gnu11 -g3 -DDEBUG -DUSE_HAL_DRIVER -DSTM32F103xB -c -I../../Core/Inc -I../../Drivers/STM32F1xx_HAL_Driver/Inc -I../../Drivers/STM32F1xx_HAL_Driver/Inc/Legacy -I../../Middlewares/Third_Party/FreeRTOS/Source/include -I../../Middlewares/Third_Party/FreeRTOS/Source/CMSIS_RTOS_V2 -I../../Middlewares/Third_Party/FreeRTOS/Source/portable/GCC/ARM_CM3 -I../../Drivers/CMSIS/Device/ST/STM32F1xx/Include -I../../Drivers/CMSIS/Include -O0 -ffunction-sections -fdata-sections -Wall -fstack-usage -fcyclomatic-complexity -MMD -MP -MF"Application/User/Core/can.d" -MT"Application/User/Core/can.o" --specs=nano.specs -mfloat-abi=soft -mthumb -o "Application/User/Core/can.o"
arm-none-eabi-gcc "D:/data-2026/lap_top/GHEP-MITSU_BACKUP/stm32_vl53l1x/STM32F103C8T6_VL53/Core/Src/can_vl53.c" -mcpu=cortex-m3 -std=gnu11 -g3 -DDEBUG -DUSE_HAL_DRIVER -DSTM32F103xB -c -I../../Core/Inc -I../../Drivers/STM32F1xx_HAL_Driver/Inc -I../../Drivers/STM32F1xx_HAL_Driver/Inc/Legacy -I../../Middlewares/Third_Party/FreeRTOS/Source/include -I../../Middlewares/Third_Party/FreeRTOS/Source/CMSIS_RTOS_V2 -I../../Middlewares/Third_Party/FreeRTOS/Source/portable/GCC/ARM_CM3 -I../../Drivers/CMSIS/Device/ST/STM32F1xx/Include -I../../Drivers/CMSIS/Include -O0 -ffunction-sections -fdata-sections -Wall -fstack-usage -fcyclomatic-complexity -MMD -MP -MF"Application/User/Core/can_vl53.d" -MT"Application/User/Core/can_vl53.o" --specs=nano.specs -mfloat-abi=soft -mthumb -o "Application/User/Core/can_vl53.o"
arm-none-eabi-gcc "D:/data-2026/lap_top/GHEP-MITSU_BACKUP/stm32_vl53l1x/STM32F103C8T6_VL53/Core/Src/dma.c" -mcpu=cortex-m3 -std=gnu11 -g3 -DDEBUG -DUSE_HAL_DRIVER -DSTM32F103xB -c -I../../Core/Inc -I../../Drivers/STM32F1xx_HAL_Driver/Inc -I../../Drivers/STM32F1xx_HAL_Driver/Inc/Legacy -I../../Middlewares/Third_Party/FreeRTOS/Source/include -I../../Middlewares/Third_Party/FreeRTOS/Source/CMSIS_RTOS_V2 -I../../Middlewares/Third_Party/FreeRTOS/Source/portable/GCC/ARM_CM3 -I../../Drivers/CMSIS/Device/ST/STM32F1xx/Include -I../../Drivers/CMSIS/Include -O0 -ffunction-sections -fdata-sections -Wall -fstack-usage -fcyclomatic-complexity -MMD -MP -MF"Application/User/Core/dma.d" -MT"Application/User/Core/dma.o" --specs=nano.specs -mfloat-abi=soft -mthumb -o "Application/User/Core/dma.o"
arm-none-eabi-gcc "D:/data-2026/lap_top/GHEP-MITSU_BACKUP/stm32_vl53l1x/STM32F103C8T6_VL53/Core/Src/freertos.c" -mcpu=cortex-m3 -std=gnu11 -g3 -DDEBUG -DUSE_HAL_DRIVER -DSTM32F103xB -c -I../../Core/Inc -I../../Drivers/STM32F1xx_HAL_Driver/Inc -I../../Drivers/STM32F1xx_HAL_Driver/Inc/Legacy -I../../Middlewares/Third_Party/FreeRTOS/Source/include -I../../Middlewares/Third_Party/FreeRTOS/Source/CMSIS_RTOS_V2 -I../../Middlewares/Third_Party/FreeRTOS/Source/portable/GCC/ARM_CM3 -I../../Drivers/CMSIS/Device/ST/STM32F1xx/Include -I../../Drivers/CMSIS/Include -O0 -ffunction-sections -fdata-sections -Wall -fstack-usage -fcyclomatic-complexity -MMD -MP -MF"Application/User/Core/freertos.d" -MT"Application/User/Core/freertos.o" --specs=nano.specs -mfloat-abi=soft -mthumb -o "Application/User/Core/freertos.o"
arm-none-eabi-gcc "D:/data-2026/lap_top/GHEP-MITSU_BACKUP/stm32_vl53l1x/STM32F103C8T6_VL53/Core/Src/gpio.c" -mcpu=cortex-m3 -std=gnu11 -g3 -DDEBUG -DUSE_HAL_DRIVER -DSTM32F103xB -c -I../../Core/Inc -I../../Drivers/STM32F1xx_HAL_Driver/Inc -I../../Drivers/STM32F1xx_HAL_Driver/Inc/Legacy -I../../Middlewares/Third_Party/FreeRTOS/Source/include -I../../Middlewares/Third_Party/FreeRTOS/Source/CMSIS_RTOS_V2 -I../../Middlewares/Third_Party/FreeRTOS/Source/portable/GCC/ARM_CM3 -I../../Drivers/CMSIS/Device/ST/STM32F1xx/Include -I../../Drivers/CMSIS/Include -O0 -ffunction-sections -fdata-sections -Wall -fstack-usage -fcyclomatic-complexity -MMD -MP -MF"Application/User/Core/gpio.d" -MT"Application/User/Core/gpio.o" --specs=nano.specs -mfloat-abi=soft -mthumb -o "Application/User/Core/gpio.o"
arm-none-eabi-gcc "D:/data-2026/lap_top/GHEP-MITSU_BACKUP/stm32_vl53l1x/STM32F103C8T6_VL53/Core/Src/i2c.c" -mcpu=cortex-m3 -std=gnu11 -g3 -DDEBUG -DUSE_HAL_DRIVER -DSTM32F103xB -c -I../../Core/Inc -I../../Drivers/STM32F1xx_HAL_Driver/Inc -I../../Drivers/STM32F1xx_HAL_Driver/Inc/Legacy -I../../Middlewares/Third_Party/FreeRTOS/Source/include -I../../Middlewares/Third_Party/FreeRTOS/Source/CMSIS_RTOS_V2 -I../../Middlewares/Third_Party/FreeRTOS/Source/portable/GCC/ARM_CM3 -I../../Drivers/CMSIS/Device/ST/STM32F1xx/Include -I../../Drivers/CMSIS/Include -O0 -ffunction-sections -fdata-sections -Wall -fstack-usage -fcyclomatic-complexity -MMD -MP -MF"Application/User/Core/i2c.d" -MT"Application/User/Core/i2c.o" --specs=nano.specs -mfloat-abi=soft -mthumb -o "Application/User/Core/i2c.o"
arm-none-eabi-gcc "D:/data-2026/lap_top/GHEP-MITSU_BACKUP/stm32_vl53l1x/STM32F103C8T6_VL53/Core/Src/main.c" -mcpu=cortex-m3 -std=gnu11 -g3 -DDEBUG -DUSE_HAL_DRIVER -DSTM32F103xB -c -I../../Core/Inc -I../../Drivers/STM32F1xx_HAL_Driver/Inc -I../../Drivers/STM32F1xx_HAL_Driver/Inc/Legacy -I../../Middlewares/Third_Party/FreeRTOS/Source/include -I../../Middlewares/Third_Party/FreeRTOS/Source/CMSIS_RTOS_V2 -I../../Middlewares/Third_Party/FreeRTOS/Source/portable/GCC/ARM_CM3 -I../../Drivers/CMSIS/Device/ST/STM32F1xx/Include -I../../Drivers/CMSIS/Include -O0 -ffunction-sections -fdata-sections -Wall -fstack-usage -fcyclomatic-complexity -MMD -MP -MF"Application/User/Core/main.d" -MT"Application/User/Core/main.o" --specs=nano.specs -mfloat-abi=soft -mthumb -o "Application/User/Core/main.o"
arm-none-eabi-gcc "D:/data-2026/lap_top/GHEP-MITSU_BACKUP/stm32_vl53l1x/STM32F103C8T6_VL53/Core/Src/oled_ssd1306.c" -mcpu=cortex-m3 -std=gnu11 -g3 -DDEBUG -DUSE_HAL_DRIVER -DSTM32F103xB -c -I../../Core/Inc -I../../Drivers/STM32F1xx_HAL_Driver/Inc -I../../Drivers/STM32F1xx_HAL_Driver/Inc/Legacy -I../../Middlewares/Third_Party/FreeRTOS/Source/include -I../../Middlewares/Third_Party/FreeRTOS/Source/CMSIS_RTOS_V2 -I../../Middlewares/Third_Party/FreeRTOS/Source/portable/GCC/ARM_CM3 -I../../Drivers/CMSIS/Device/ST/STM32F1xx/Include -I../../Drivers/CMSIS/Include -O0 -ffunction-sections -fdata-sections -Wall -fstack-usage -fcyclomatic-complexity -MMD -MP -MF"Application/User/Core/oled_ssd1306.d" -MT"Application/User/Core/oled_ssd1306.o" --specs=nano.specs -mfloat-abi=soft -mthumb -o "Application/User/Core/oled_ssd1306.o"
arm-none-eabi-gcc "D:/data-2026/lap_top/GHEP-MITSU_BACKUP/stm32_vl53l1x/STM32F103C8T6_VL53/Core/Src/plc_mitsu.c" -mcpu=cortex-m3 -std=gnu11 -g3 -DDEBUG -DUSE_HAL_DRIVER -DSTM32F103xB -c -I../../Core/Inc -I../../Drivers/STM32F1xx_HAL_Driver/Inc -I../../Drivers/STM32F1xx_HAL_Driver/Inc/Legacy -I../../Middlewares/Third_Party/FreeRTOS/Source/include -I../../Middlewares/Third_Party/FreeRTOS/Source/CMSIS_RTOS_V2 -I../../Middlewares/Third_Party/FreeRTOS/Source/portable/GCC/ARM_CM3 -I../../Drivers/CMSIS/Device/ST/STM32F1xx/Include -I../../Drivers/CMSIS/Include -O0 -ffunction-sections -fdata-sections -Wall -fstack-usage -fcyclomatic-complexity -MMD -MP -MF"Application/User/Core/plc_mitsu.d" -MT"Application/User/Core/plc_mitsu.o" --specs=nano.specs -mfloat-abi=soft -mthumb -o "Application/User/Core/plc_mitsu.o"
arm-none-eabi-gcc "D:/data-2026/lap_top/GHEP-MITSU_BACKUP/stm32_vl53l1x/STM32F103C8T6_VL53/Core/Src/stm32f1xx_hal_msp.c" -mcpu=cortex-m3 -std=gnu11 -g3 -DDEBUG -DUSE_HAL_DRIVER -DSTM32F103xB -c -I../../Core/Inc -I../../Drivers/STM32F1xx_HAL_Driver/Inc -I../../Drivers/STM32F1xx_HAL_Driver/Inc/Legacy -I../../Middlewares/Third_Party/FreeRTOS/Source/include -I../../Middlewares/Third_Party/FreeRTOS/Source/CMSIS_RTOS_V2 -I../../Middlewares/Third_Party/FreeRTOS/Source/portable/GCC/ARM_CM3 -I../../Drivers/CMSIS/Device/ST/STM32F1xx/Include -I../../Drivers/CMSIS/Include -O0 -ffunction-sections -fdata-sections -Wall -fstack-usage -fcyclomatic-complexity -MMD -MP -MF"Application/User/Core/stm32f1xx_hal_msp.d" -MT"Application/User/Core/stm32f1xx_hal_msp.o" --specs=nano.specs -mfloat-abi=soft -mthumb -o "Application/User/Core/stm32f1xx_hal_msp.o"
arm-none-eabi-gcc "D:/data-2026/lap_top/GHEP-MITSU_BACKUP/stm32_vl53l1x/STM32F103C8T6_VL53/Core/Src/stm32f1xx_it.c" -mcpu=cortex-m3 -std=gnu11 -g3 -DDEBUG -DUSE_HAL_DRIVER -DSTM32F103xB -c -I../../Core/Inc -I../../Drivers/STM32F1xx_HAL_Driver/Inc -I../../Drivers/STM32F1xx_HAL_Driver/Inc/Legacy -I../../Middlewares/Third_Party/FreeRTOS/Source/include -I../../Middlewares/Third_Party/FreeRTOS/Source/CMSIS_RTOS_V2 -I../../Middlewares/Third_Party/FreeRTOS/Source/portable/GCC/ARM_CM3 -I../../Drivers/CMSIS/Device/ST/STM32F1xx/Include -I../../Drivers/CMSIS/Include -O0 -ffunction-sections -fdata-sections -Wall -fstack-usage -fcyclomatic-complexity -MMD -MP -MF"Application/User/Core/stm32f1xx_it.d" -MT"Application/User/Core/stm32f1xx_it.o" --specs=nano.specs -mfloat-abi=soft -mthumb -o "Application/User/Core/stm32f1xx_it.o"
arm-none-eabi-gcc "D:/data-2026/lap_top/GHEP-MITSU_BACKUP/stm32_vl53l1x/STM32F103C8T6_VL53/Core/Src/usart.c" -mcpu=cortex-m3 -std=gnu11 -g3 -DDEBUG -DUSE_HAL_DRIVER -DSTM32F103xB -c -I../../Core/Inc -I../../Drivers/STM32F1xx_HAL_Driver/Inc -I../../Drivers/STM32F1xx_HAL_Driver/Inc/Legacy -I../../Middlewares/Third_Party/FreeRTOS/Source/include -I../../Middlewares/Third_Party/FreeRTOS/Source/CMSIS_RTOS_V2 -I../../Middlewares/Third_Party/FreeRTOS/Source/portable/GCC/ARM_CM3 -I../../Drivers/CMSIS/Device/ST/STM32F1xx/Include -I../../Drivers/CMSIS/Include -O0 -ffunction-sections -fdata-sections -Wall -fstack-usage -fcyclomatic-complexity -MMD -MP -MF"Application/User/Core/usart.d" -MT"Application/User/Core/usart.o" --specs=nano.specs -mfloat-abi=soft -mthumb -o "Application/User/Core/usart.o"
arm-none-eabi-gcc -o "STM32F103C8T6_VL53.elf" @"objects.list"   -mcpu=cortex-m3 -T"D:\data-2026\lap_top\GHEP-MITSU_BACKUP\stm32_vl53l1x\STM32F103C8T6_VL53\STM32CubeIDE\STM32F103C8TX_FLASH.ld" --specs=nosys.specs -Wl,-Map="STM32F103C8T6_VL53.map" -Wl,--gc-sections -static --specs=nano.specs -mfloat-abi=soft -mthumb -Wl,--start-group -lc -lm -Wl,--end-group
Finished building target: STM32F103C8T6_VL53.elf
 
arm-none-eabi-size  STM32F103C8T6_VL53.elf 
arm-none-eabi-objdump -h -S STM32F103C8T6_VL53.elf  > "STM32F103C8T6_VL53.list"
   text	   data	    bss	    dec	    hex	filename
  50120	    172	  15712	  66004	  101d4	STM32F103C8T6_VL53.elf
Finished building: default.size.stdout
 
Finished building: STM32F103C8T6_VL53.list
 
15:17:39 **** Incremental Build of configuration Debug for project STM32F103C8T6_VL53 ****
make -j4 all 
arm-none-eabi-gcc "D:/data-2026/lap_top/GHEP-MITSU_BACKUP/stm32_vl53l1x/STM32F103C8T6_VL53/Middlewares/Third_Party/FreeRTOS/Source/CMSIS_RTOS_V2/cmsis_os2.c" -mcpu=cortex-m3 -std=gnu11 -g3 -DDEBUG -DUSE_HAL_DRIVER -DSTM32F103xB -c -I../../Core/Inc -I../../Drivers/STM32F1xx_HAL_Driver/Inc -I../../Drivers/STM32F1xx_HAL_Driver/Inc/Legacy -I../../Middlewares/Third_Party/FreeRTOS/Source/include -I../../Middlewares/Third_Party/FreeRTOS/Source/CMSIS_RTOS_V2 -I../../Middlewares/Third_Party/FreeRTOS/Source/portable/GCC/ARM_CM3 -I../../Drivers/CMSIS/Device/ST/STM32F1xx/Include -I../../Drivers/CMSIS/Include -O0 -ffunction-sections -fdata-sections -Wall -fstack-usage -fcyclomatic-complexity -MMD -MP -MF"Middlewares/FreeRTOS/cmsis_os2.d" -MT"Middlewares/FreeRTOS/cmsis_os2.o" --specs=nano.specs -mfloat-abi=soft -mthumb -o "Middlewares/FreeRTOS/cmsis_os2.o"
arm-none-eabi-gcc "D:/data-2026/lap_top/GHEP-MITSU_BACKUP/stm32_vl53l1x/STM32F103C8T6_VL53/Middlewares/Third_Party/FreeRTOS/Source/croutine.c" -mcpu=cortex-m3 -std=gnu11 -g3 -DDEBUG -DUSE_HAL_DRIVER -DSTM32F103xB -c -I../../Core/Inc -I../../Drivers/STM32F1xx_HAL_Driver/Inc -I../../Drivers/STM32F1xx_HAL_Driver/Inc/Legacy -I../../Middlewares/Third_Party/FreeRTOS/Source/include -I../../Middlewares/Third_Party/FreeRTOS/Source/CMSIS_RTOS_V2 -I../../Middlewares/Third_Party/FreeRTOS/Source/portable/GCC/ARM_CM3 -I../../Drivers/CMSIS/Device/ST/STM32F1xx/Include -I../../Drivers/CMSIS/Include -O0 -ffunction-sections -fdata-sections -Wall -fstack-usage -fcyclomatic-complexity -MMD -MP -MF"Middlewares/FreeRTOS/croutine.d" -MT"Middlewares/FreeRTOS/croutine.o" --specs=nano.specs -mfloat-abi=soft -mthumb -o "Middlewares/FreeRTOS/croutine.o"
arm-none-eabi-gcc "D:/data-2026/lap_top/GHEP-MITSU_BACKUP/stm32_vl53l1x/STM32F103C8T6_VL53/Middlewares/Third_Party/FreeRTOS/Source/event_groups.c" -mcpu=cortex-m3 -std=gnu11 -g3 -DDEBUG -DUSE_HAL_DRIVER -DSTM32F103xB -c -I../../Core/Inc -I../../Drivers/STM32F1xx_HAL_Driver/Inc -I../../Drivers/STM32F1xx_HAL_Driver/Inc/Legacy -I../../Middlewares/Third_Party/FreeRTOS/Source/include -I../../Middlewares/Third_Party/FreeRTOS/Source/CMSIS_RTOS_V2 -I../../Middlewares/Third_Party/FreeRTOS/Source/portable/GCC/ARM_CM3 -I../../Drivers/CMSIS/Device/ST/STM32F1xx/Include -I../../Drivers/CMSIS/Include -O0 -ffunction-sections -fdata-sections -Wall -fstack-usage -fcyclomatic-complexity -MMD -MP -MF"Middlewares/FreeRTOS/event_groups.d" -MT"Middlewares/FreeRTOS/event_groups.o" --specs=nano.specs -mfloat-abi=soft -mthumb -o "Middlewares/FreeRTOS/event_groups.o"
arm-none-eabi-gcc "D:/data-2026/lap_top/GHEP-MITSU_BACKUP/stm32_vl53l1x/STM32F103C8T6_VL53/Middlewares/Third_Party/FreeRTOS/Source/portable/MemMang/heap_4.c" -mcpu=cortex-m3 -std=gnu11 -g3 -DDEBUG -DUSE_HAL_DRIVER -DSTM32F103xB -c -I../../Core/Inc -I../../Drivers/STM32F1xx_HAL_Driver/Inc -I../../Drivers/STM32F1xx_HAL_Driver/Inc/Legacy -I../../Middlewares/Third_Party/FreeRTOS/Source/include -I../../Middlewares/Third_Party/FreeRTOS/Source/CMSIS_RTOS_V2 -I../../Middlewares/Third_Party/FreeRTOS/Source/portable/GCC/ARM_CM3 -I../../Drivers/CMSIS/Device/ST/STM32F1xx/Include -I../../Drivers/CMSIS/Include -O0 -ffunction-sections -fdata-sections -Wall -fstack-usage -fcyclomatic-complexity -MMD -MP -MF"Middlewares/FreeRTOS/heap_4.d" -MT"Middlewares/FreeRTOS/heap_4.o" --specs=nano.specs -mfloat-abi=soft -mthumb -o "Middlewares/FreeRTOS/heap_4.o"
arm-none-eabi-gcc "D:/data-2026/lap_top/GHEP-MITSU_BACKUP/stm32_vl53l1x/STM32F103C8T6_VL53/Middlewares/Third_Party/FreeRTOS/Source/list.c" -mcpu=cortex-m3 -std=gnu11 -g3 -DDEBUG -DUSE_HAL_DRIVER -DSTM32F103xB -c -I../../Core/Inc -I../../Drivers/STM32F1xx_HAL_Driver/Inc -I../../Drivers/STM32F1xx_HAL_Driver/Inc/Legacy -I../../Middlewares/Third_Party/FreeRTOS/Source/include -I../../Middlewares/Third_Party/FreeRTOS/Source/CMSIS_RTOS_V2 -I../../Middlewares/Third_Party/FreeRTOS/Source/portable/GCC/ARM_CM3 -I../../Drivers/CMSIS/Device/ST/STM32F1xx/Include -I../../Drivers/CMSIS/Include -O0 -ffunction-sections -fdata-sections -Wall -fstack-usage -fcyclomatic-complexity -MMD -MP -MF"Middlewares/FreeRTOS/list.d" -MT"Middlewares/FreeRTOS/list.o" --specs=nano.specs -mfloat-abi=soft -mthumb -o "Middlewares/FreeRTOS/list.o"
arm-none-eabi-gcc "D:/data-2026/lap_top/GHEP-MITSU_BACKUP/stm32_vl53l1x/STM32F103C8T6_VL53/Middlewares/Third_Party/FreeRTOS/Source/portable/GCC/ARM_CM3/port.c" -mcpu=cortex-m3 -std=gnu11 -g3 -DDEBUG -DUSE_HAL_DRIVER -DSTM32F103xB -c -I../../Core/Inc -I../../Drivers/STM32F1xx_HAL_Driver/Inc -I../../Drivers/STM32F1xx_HAL_Driver/Inc/Legacy -I../../Middlewares/Third_Party/FreeRTOS/Source/include -I../../Middlewares/Third_Party/FreeRTOS/Source/CMSIS_RTOS_V2 -I../../Middlewares/Third_Party/FreeRTOS/Source/portable/GCC/ARM_CM3 -I../../Drivers/CMSIS/Device/ST/STM32F1xx/Include -I../../Drivers/CMSIS/Include -O0 -ffunction-sections -fdata-sections -Wall -fstack-usage -fcyclomatic-complexity -MMD -MP -MF"Middlewares/FreeRTOS/port.d" -MT"Middlewares/FreeRTOS/port.o" --specs=nano.specs -mfloat-abi=soft -mthumb -o "Middlewares/FreeRTOS/port.o"
arm-none-eabi-gcc "D:/data-2026/lap_top/GHEP-MITSU_BACKUP/stm32_vl53l1x/STM32F103C8T6_VL53/Middlewares/Third_Party/FreeRTOS/Source/queue.c" -mcpu=cortex-m3 -std=gnu11 -g3 -DDEBUG -DUSE_HAL_DRIVER -DSTM32F103xB -c -I../../Core/Inc -I../../Drivers/STM32F1xx_HAL_Driver/Inc -I../../Drivers/STM32F1xx_HAL_Driver/Inc/Legacy -I../../Middlewares/Third_Party/FreeRTOS/Source/include -I../../Middlewares/Third_Party/FreeRTOS/Source/CMSIS_RTOS_V2 -I../../Middlewares/Third_Party/FreeRTOS/Source/portable/GCC/ARM_CM3 -I../../Drivers/CMSIS/Device/ST/STM32F1xx/Include -I../../Drivers/CMSIS/Include -O0 -ffunction-sections -fdata-sections -Wall -fstack-usage -fcyclomatic-complexity -MMD -MP -MF"Middlewares/FreeRTOS/queue.d" -MT"Middlewares/FreeRTOS/queue.o" --specs=nano.specs -mfloat-abi=soft -mthumb -o "Middlewares/FreeRTOS/queue.o"
arm-none-eabi-gcc "D:/data-2026/lap_top/GHEP-MITSU_BACKUP/stm32_vl53l1x/STM32F103C8T6_VL53/Middlewares/Third_Party/FreeRTOS/Source/stream_buffer.c" -mcpu=cortex-m3 -std=gnu11 -g3 -DDEBUG -DUSE_HAL_DRIVER -DSTM32F103xB -c -I../../Core/Inc -I../../Drivers/STM32F1xx_HAL_Driver/Inc -I../../Drivers/STM32F1xx_HAL_Driver/Inc/Legacy -I../../Middlewares/Third_Party/FreeRTOS/Source/include -I../../Middlewares/Third_Party/FreeRTOS/Source/CMSIS_RTOS_V2 -I../../Middlewares/Third_Party/FreeRTOS/Source/portable/GCC/ARM_CM3 -I../../Drivers/CMSIS/Device/ST/STM32F1xx/Include -I../../Drivers/CMSIS/Include -O0 -ffunction-sections -fdata-sections -Wall -fstack-usage -fcyclomatic-complexity -MMD -MP -MF"Middlewares/FreeRTOS/stream_buffer.d" -MT"Middlewares/FreeRTOS/stream_buffer.o" --specs=nano.specs -mfloat-abi=soft -mthumb -o "Middlewares/FreeRTOS/stream_buffer.o"
arm-none-eabi-gcc "D:/data-2026/lap_top/GHEP-MITSU_BACKUP/stm32_vl53l1x/STM32F103C8T6_VL53/Middlewares/Third_Party/FreeRTOS/Source/tasks.c" -mcpu=cortex-m3 -std=gnu11 -g3 -DDEBUG -DUSE_HAL_DRIVER -DSTM32F103xB -c -I../../Core/Inc -I../../Drivers/STM32F1xx_HAL_Driver/Inc -I../../Drivers/STM32F1xx_HAL_Driver/Inc/Legacy -I../../Middlewares/Third_Party/FreeRTOS/Source/include -I../../Middlewares/Third_Party/FreeRTOS/Source/CMSIS_RTOS_V2 -I../../Middlewares/Third_Party/FreeRTOS/Source/portable/GCC/ARM_CM3 -I../../Drivers/CMSIS/Device/ST/STM32F1xx/Include -I../../Drivers/CMSIS/Include -O0 -ffunction-sections -fdata-sections -Wall -fstack-usage -fcyclomatic-complexity -MMD -MP -MF"Middlewares/FreeRTOS/tasks.d" -MT"Middlewares/FreeRTOS/tasks.o" --specs=nano.specs -mfloat-abi=soft -mthumb -o "Middlewares/FreeRTOS/tasks.o"
arm-none-eabi-gcc "D:/data-2026/lap_top/GHEP-MITSU_BACKUP/stm32_vl53l1x/STM32F103C8T6_VL53/Middlewares/Third_Party/FreeRTOS/Source/timers.c" -mcpu=cortex-m3 -std=gnu11 -g3 -DDEBUG -DUSE_HAL_DRIVER -DSTM32F103xB -c -I../../Core/Inc -I../../Drivers/STM32F1xx_HAL_Driver/Inc -I../../Drivers/STM32F1xx_HAL_Driver/Inc/Legacy -I../../Middlewares/Third_Party/FreeRTOS/Source/include -I../../Middlewares/Third_Party/FreeRTOS/Source/CMSIS_RTOS_V2 -I../../Middlewares/Third_Party/FreeRTOS/Source/portable/GCC/ARM_CM3 -I../../Drivers/CMSIS/Device/ST/STM32F1xx/Include -I../../Drivers/CMSIS/Include -O0 -ffunction-sections -fdata-sections -Wall -fstack-usage -fcyclomatic-complexity -MMD -MP -MF"Middlewares/FreeRTOS/timers.d" -MT"Middlewares/FreeRTOS/timers.o" --specs=nano.specs -mfloat-abi=soft -mthumb -o "Middlewares/FreeRTOS/timers.o"
arm-none-eabi-gcc "D:/data-2026/lap_top/GHEP-MITSU_BACKUP/stm32_vl53l1x/STM32F103C8T6_VL53/Drivers/STM32F1xx_HAL_Driver/Src/stm32f1xx_hal.c" -mcpu=cortex-m3 -std=gnu11 -g3 -DDEBUG -DUSE_HAL_DRIVER -DSTM32F103xB -c -I../../Core/Inc -I../../Drivers/STM32F1xx_HAL_Driver/Inc -I../../Drivers/STM32F1xx_HAL_Driver/Inc/Legacy -I../../Middlewares/Third_Party/FreeRTOS/Source/include -I../../Middlewares/Third_Party/FreeRTOS/Source/CMSIS_RTOS_V2 -I../../Middlewares/Third_Party/FreeRTOS/Source/portable/GCC/ARM_CM3 -I../../Drivers/CMSIS/Device/ST/STM32F1xx/Include -I../../Drivers/CMSIS/Include -O0 -ffunction-sections -fdata-sections -Wall -fstack-usage -fcyclomatic-complexity -MMD -MP -MF"Drivers/STM32F1xx_HAL_Driver/stm32f1xx_hal.d" -MT"Drivers/STM32F1xx_HAL_Driver/stm32f1xx_hal.o" --specs=nano.specs -mfloat-abi=soft -mthumb -o "Drivers/STM32F1xx_HAL_Driver/stm32f1xx_hal.o"
arm-none-eabi-gcc "D:/data-2026/lap_top/GHEP-MITSU_BACKUP/stm32_vl53l1x/STM32F103C8T6_VL53/Drivers/STM32F1xx_HAL_Driver/Src/stm32f1xx_hal_can.c" -mcpu=cortex-m3 -std=gnu11 -g3 -DDEBUG -DUSE_HAL_DRIVER -DSTM32F103xB -c -I../../Core/Inc -I../../Drivers/STM32F1xx_HAL_Driver/Inc -I../../Drivers/STM32F1xx_HAL_Driver/Inc/Legacy -I../../Middlewares/Third_Party/FreeRTOS/Source/include -I../../Middlewares/Third_Party/FreeRTOS/Source/CMSIS_RTOS_V2 -I../../Middlewares/Third_Party/FreeRTOS/Source/portable/GCC/ARM_CM3 -I../../Drivers/CMSIS/Device/ST/STM32F1xx/Include -I../../Drivers/CMSIS/Include -O0 -ffunction-sections -fdata-sections -Wall -fstack-usage -fcyclomatic-complexity -MMD -MP -MF"Drivers/STM32F1xx_HAL_Driver/stm32f1xx_hal_can.d" -MT"Drivers/STM32F1xx_HAL_Driver/stm32f1xx_hal_can.o" --specs=nano.specs -mfloat-abi=soft -mthumb -o "Drivers/STM32F1xx_HAL_Driver/stm32f1xx_hal_can.o"
arm-none-eabi-gcc "D:/data-2026/lap_top/GHEP-MITSU_BACKUP/stm32_vl53l1x/STM32F103C8T6_VL53/Drivers/STM32F1xx_HAL_Driver/Src/stm32f1xx_hal_cortex.c" -mcpu=cortex-m3 -std=gnu11 -g3 -DDEBUG -DUSE_HAL_DRIVER -DSTM32F103xB -c -I../../Core/Inc -I../../Drivers/STM32F1xx_HAL_Driver/Inc -I../../Drivers/STM32F1xx_HAL_Driver/Inc/Legacy -I../../Middlewares/Third_Party/FreeRTOS/Source/include -I../../Middlewares/Third_Party/FreeRTOS/Source/CMSIS_RTOS_V2 -I../../Middlewares/Third_Party/FreeRTOS/Source/portable/GCC/ARM_CM3 -I../../Drivers/CMSIS/Device/ST/STM32F1xx/Include -I../../Drivers/CMSIS/Include -O0 -ffunction-sections -fdata-sections -Wall -fstack-usage -fcyclomatic-complexity -MMD -MP -MF"Drivers/STM32F1xx_HAL_Driver/stm32f1xx_hal_cortex.d" -MT"Drivers/STM32F1xx_HAL_Driver/stm32f1xx_hal_cortex.o" --specs=nano.specs -mfloat-abi=soft -mthumb -o "Drivers/STM32F1xx_HAL_Driver/stm32f1xx_hal_cortex.o"
arm-none-eabi-gcc "D:/data-2026/lap_top/GHEP-MITSU_BACKUP/stm32_vl53l1x/STM32F103C8T6_VL53/Drivers/STM32F1xx_HAL_Driver/Src/stm32f1xx_hal_dma.c" -mcpu=cortex-m3 -std=gnu11 -g3 -DDEBUG -DUSE_HAL_DRIVER -DSTM32F103xB -c -I../../Core/Inc -I../../Drivers/STM32F1xx_HAL_Driver/Inc -I../../Drivers/STM32F1xx_HAL_Driver/Inc/Legacy -I../../Middlewares/Third_Party/FreeRTOS/Source/include -I../../Middlewares/Third_Party/FreeRTOS/Source/CMSIS_RTOS_V2 -I../../Middlewares/Third_Party/FreeRTOS/Source/portable/GCC/ARM_CM3 -I../../Drivers/CMSIS/Device/ST/STM32F1xx/Include -I../../Drivers/CMSIS/Include -O0 -ffunction-sections -fdata-sections -Wall -fstack-usage -fcyclomatic-complexity -MMD -MP -MF"Drivers/STM32F1xx_HAL_Driver/stm32f1xx_hal_dma.d" -MT"Drivers/STM32F1xx_HAL_Driver/stm32f1xx_hal_dma.o" --specs=nano.specs -mfloat-abi=soft -mthumb -o "Drivers/STM32F1xx_HAL_Driver/stm32f1xx_hal_dma.o"
arm-none-eabi-gcc "D:/data-2026/lap_top/GHEP-MITSU_BACKUP/stm32_vl53l1x/STM32F103C8T6_VL53/Drivers/STM32F1xx_HAL_Driver/Src/stm32f1xx_hal_exti.c" -mcpu=cortex-m3 -std=gnu11 -g3 -DDEBUG -DUSE_HAL_DRIVER -DSTM32F103xB -c -I../../Core/Inc -I../../Drivers/STM32F1xx_HAL_Driver/Inc -I../../Drivers/STM32F1xx_HAL_Driver/Inc/Legacy -I../../Middlewares/Third_Party/FreeRTOS/Source/include -I../../Middlewares/Third_Party/FreeRTOS/Source/CMSIS_RTOS_V2 -I../../Middlewares/Third_Party/FreeRTOS/Source/portable/GCC/ARM_CM3 -I../../Drivers/CMSIS/Device/ST/STM32F1xx/Include -I../../Drivers/CMSIS/Include -O0 -ffunction-sections -fdata-sections -Wall -fstack-usage -fcyclomatic-complexity -MMD -MP -MF"Drivers/STM32F1xx_HAL_Driver/stm32f1xx_hal_exti.d" -MT"Drivers/STM32F1xx_HAL_Driver/stm32f1xx_hal_exti.o" --specs=nano.specs -mfloat-abi=soft -mthumb -o "Drivers/STM32F1xx_HAL_Driver/stm32f1xx_hal_exti.o"
arm-none-eabi-gcc "D:/data-2026/lap_top/GHEP-MITSU_BACKUP/stm32_vl53l1x/STM32F103C8T6_VL53/Drivers/STM32F1xx_HAL_Driver/Src/stm32f1xx_hal_flash.c" -mcpu=cortex-m3 -std=gnu11 -g3 -DDEBUG -DUSE_HAL_DRIVER -DSTM32F103xB -c -I../../Core/Inc -I../../Drivers/STM32F1xx_HAL_Driver/Inc -I../../Drivers/STM32F1xx_HAL_Driver/Inc/Legacy -I../../Middlewares/Third_Party/FreeRTOS/Source/include -I../../Middlewares/Third_Party/FreeRTOS/Source/CMSIS_RTOS_V2 -I../../Middlewares/Third_Party/FreeRTOS/Source/portable/GCC/ARM_CM3 -I../../Drivers/CMSIS/Device/ST/STM32F1xx/Include -I../../Drivers/CMSIS/Include -O0 -ffunction-sections -fdata-sections -Wall -fstack-usage -fcyclomatic-complexity -MMD -MP -MF"Drivers/STM32F1xx_HAL_Driver/stm32f1xx_hal_flash.d" -MT"Drivers/STM32F1xx_HAL_Driver/stm32f1xx_hal_flash.o" --specs=nano.specs -mfloat-abi=soft -mthumb -o "Drivers/STM32F1xx_HAL_Driver/stm32f1xx_hal_flash.o"
arm-none-eabi-gcc "D:/data-2026/lap_top/GHEP-MITSU_BACKUP/stm32_vl53l1x/STM32F103C8T6_VL53/Drivers/STM32F1xx_HAL_Driver/Src/stm32f1xx_hal_flash_ex.c" -mcpu=cortex-m3 -std=gnu11 -g3 -DDEBUG -DUSE_HAL_DRIVER -DSTM32F103xB -c -I../../Core/Inc -I../../Drivers/STM32F1xx_HAL_Driver/Inc -I../../Drivers/STM32F1xx_HAL_Driver/Inc/Legacy -I../../Middlewares/Third_Party/FreeRTOS/Source/include -I../../Middlewares/Third_Party/FreeRTOS/Source/CMSIS_RTOS_V2 -I../../Middlewares/Third_Party/FreeRTOS/Source/portable/GCC/ARM_CM3 -I../../Drivers/CMSIS/Device/ST/STM32F1xx/Include -I../../Drivers/CMSIS/Include -O0 -ffunction-sections -fdata-sections -Wall -fstack-usage -fcyclomatic-complexity -MMD -MP -MF"Drivers/STM32F1xx_HAL_Driver/stm32f1xx_hal_flash_ex.d" -MT"Drivers/STM32F1xx_HAL_Driver/stm32f1xx_hal_flash_ex.o" --specs=nano.specs -mfloat-abi=soft -mthumb -o "Drivers/STM32F1xx_HAL_Driver/stm32f1xx_hal_flash_ex.o"
arm-none-eabi-gcc "D:/data-2026/lap_top/GHEP-MITSU_BACKUP/stm32_vl53l1x/STM32F103C8T6_VL53/Drivers/STM32F1xx_HAL_Driver/Src/stm32f1xx_hal_gpio.c" -mcpu=cortex-m3 -std=gnu11 -g3 -DDEBUG -DUSE_HAL_DRIVER -DSTM32F103xB -c -I../../Core/Inc -I../../Drivers/STM32F1xx_HAL_Driver/Inc -I../../Drivers/STM32F1xx_HAL_Driver/Inc/Legacy -I../../Middlewares/Third_Party/FreeRTOS/Source/include -I../../Middlewares/Third_Party/FreeRTOS/Source/CMSIS_RTOS_V2 -I../../Middlewares/Third_Party/FreeRTOS/Source/portable/GCC/ARM_CM3 -I../../Drivers/CMSIS/Device/ST/STM32F1xx/Include -I../../Drivers/CMSIS/Include -O0 -ffunction-sections -fdata-sections -Wall -fstack-usage -fcyclomatic-complexity -MMD -MP -MF"Drivers/STM32F1xx_HAL_Driver/stm32f1xx_hal_gpio.d" -MT"Drivers/STM32F1xx_HAL_Driver/stm32f1xx_hal_gpio.o" --specs=nano.specs -mfloat-abi=soft -mthumb -o "Drivers/STM32F1xx_HAL_Driver/stm32f1xx_hal_gpio.o"
arm-none-eabi-gcc "D:/data-2026/lap_top/GHEP-MITSU_BACKUP/stm32_vl53l1x/STM32F103C8T6_VL53/Drivers/STM32F1xx_HAL_Driver/Src/stm32f1xx_hal_gpio_ex.c" -mcpu=cortex-m3 -std=gnu11 -g3 -DDEBUG -DUSE_HAL_DRIVER -DSTM32F103xB -c -I../../Core/Inc -I../../Drivers/STM32F1xx_HAL_Driver/Inc -I../../Drivers/STM32F1xx_HAL_Driver/Inc/Legacy -I../../Middlewares/Third_Party/FreeRTOS/Source/include -I../../Middlewares/Third_Party/FreeRTOS/Source/CMSIS_RTOS_V2 -I../../Middlewares/Third_Party/FreeRTOS/Source/portable/GCC/ARM_CM3 -I../../Drivers/CMSIS/Device/ST/STM32F1xx/Include -I../../Drivers/CMSIS/Include -O0 -ffunction-sections -fdata-sections -Wall -fstack-usage -fcyclomatic-complexity -MMD -MP -MF"Drivers/STM32F1xx_HAL_Driver/stm32f1xx_hal_gpio_ex.d" -MT"Drivers/STM32F1xx_HAL_Driver/stm32f1xx_hal_gpio_ex.o" --specs=nano.specs -mfloat-abi=soft -mthumb -o "Drivers/STM32F1xx_HAL_Driver/stm32f1xx_hal_gpio_ex.o"
arm-none-eabi-gcc "D:/data-2026/lap_top/GHEP-MITSU_BACKUP/stm32_vl53l1x/STM32F103C8T6_VL53/Drivers/STM32F1xx_HAL_Driver/Src/stm32f1xx_hal_i2c.c" -mcpu=cortex-m3 -std=gnu11 -g3 -DDEBUG -DUSE_HAL_DRIVER -DSTM32F103xB -c -I../../Core/Inc -I../../Drivers/STM32F1xx_HAL_Driver/Inc -I../../Drivers/STM32F1xx_HAL_Driver/Inc/Legacy -I../../Middlewares/Third_Party/FreeRTOS/Source/include -I../../Middlewares/Third_Party/FreeRTOS/Source/CMSIS_RTOS_V2 -I../../Middlewares/Third_Party/FreeRTOS/Source/portable/GCC/ARM_CM3 -I../../Drivers/CMSIS/Device/ST/STM32F1xx/Include -I../../Drivers/CMSIS/Include -O0 -ffunction-sections -fdata-sections -Wall -fstack-usage -fcyclomatic-complexity -MMD -MP -MF"Drivers/STM32F1xx_HAL_Driver/stm32f1xx_hal_i2c.d" -MT"Drivers/STM32F1xx_HAL_Driver/stm32f1xx_hal_i2c.o" --specs=nano.specs -mfloat-abi=soft -mthumb -o "Drivers/STM32F1xx_HAL_Driver/stm32f1xx_hal_i2c.o"
arm-none-eabi-gcc "D:/data-2026/lap_top/GHEP-MITSU_BACKUP/stm32_vl53l1x/STM32F103C8T6_VL53/Drivers/STM32F1xx_HAL_Driver/Src/stm32f1xx_hal_pwr.c" -mcpu=cortex-m3 -std=gnu11 -g3 -DDEBUG -DUSE_HAL_DRIVER -DSTM32F103xB -c -I../../Core/Inc -I../../Drivers/STM32F1xx_HAL_Driver/Inc -I../../Drivers/STM32F1xx_HAL_Driver/Inc/Legacy -I../../Middlewares/Third_Party/FreeRTOS/Source/include -I../../Middlewares/Third_Party/FreeRTOS/Source/CMSIS_RTOS_V2 -I../../Middlewares/Third_Party/FreeRTOS/Source/portable/GCC/ARM_CM3 -I../../Drivers/CMSIS/Device/ST/STM32F1xx/Include -I../../Drivers/CMSIS/Include -O0 -ffunction-sections -fdata-sections -Wall -fstack-usage -fcyclomatic-complexity -MMD -MP -MF"Drivers/STM32F1xx_HAL_Driver/stm32f1xx_hal_pwr.d" -MT"Drivers/STM32F1xx_HAL_Driver/stm32f1xx_hal_pwr.o" --specs=nano.specs -mfloat-abi=soft -mthumb -o "Drivers/STM32F1xx_HAL_Driver/stm32f1xx_hal_pwr.o"
arm-none-eabi-gcc "D:/data-2026/lap_top/GHEP-MITSU_BACKUP/stm32_vl53l1x/STM32F103C8T6_VL53/Drivers/STM32F1xx_HAL_Driver/Src/stm32f1xx_hal_rcc.c" -mcpu=cortex-m3 -std=gnu11 -g3 -DDEBUG -DUSE_HAL_DRIVER -DSTM32F103xB -c -I../../Core/Inc -I../../Drivers/STM32F1xx_HAL_Driver/Inc -I../../Drivers/STM32F1xx_HAL_Driver/Inc/Legacy -I../../Middlewares/Third_Party/FreeRTOS/Source/include -I../../Middlewares/Third_Party/FreeRTOS/Source/CMSIS_RTOS_V2 -I../../Middlewares/Third_Party/FreeRTOS/Source/portable/GCC/ARM_CM3 -I../../Drivers/CMSIS/Device/ST/STM32F1xx/Include -I../../Drivers/CMSIS/Include -O0 -ffunction-sections -fdata-sections -Wall -fstack-usage -fcyclomatic-complexity -MMD -MP -MF"Drivers/STM32F1xx_HAL_Driver/stm32f1xx_hal_rcc.d" -MT"Drivers/STM32F1xx_HAL_Driver/stm32f1xx_hal_rcc.o" --specs=nano.specs -mfloat-abi=soft -mthumb -o "Drivers/STM32F1xx_HAL_Driver/stm32f1xx_hal_rcc.o"
arm-none-eabi-gcc "D:/data-2026/lap_top/GHEP-MITSU_BACKUP/stm32_vl53l1x/STM32F103C8T6_VL53/Drivers/STM32F1xx_HAL_Driver/Src/stm32f1xx_hal_rcc_ex.c" -mcpu=cortex-m3 -std=gnu11 -g3 -DDEBUG -DUSE_HAL_DRIVER -DSTM32F103xB -c -I../../Core/Inc -I../../Drivers/STM32F1xx_HAL_Driver/Inc -I../../Drivers/STM32F1xx_HAL_Driver/Inc/Legacy -I../../Middlewares/Third_Party/FreeRTOS/Source/include -I../../Middlewares/Third_Party/FreeRTOS/Source/CMSIS_RTOS_V2 -I../../Middlewares/Third_Party/FreeRTOS/Source/portable/GCC/ARM_CM3 -I../../Drivers/CMSIS/Device/ST/STM32F1xx/Include -I../../Drivers/CMSIS/Include -O0 -ffunction-sections -fdata-sections -Wall -fstack-usage -fcyclomatic-complexity -MMD -MP -MF"Drivers/STM32F1xx_HAL_Driver/stm32f1xx_hal_rcc_ex.d" -MT"Drivers/STM32F1xx_HAL_Driver/stm32f1xx_hal_rcc_ex.o" --specs=nano.specs -mfloat-abi=soft -mthumb -o "Drivers/STM32F1xx_HAL_Driver/stm32f1xx_hal_rcc_ex.o"
arm-none-eabi-gcc "D:/data-2026/lap_top/GHEP-MITSU_BACKUP/stm32_vl53l1x/STM32F103C8T6_VL53/Drivers/STM32F1xx_HAL_Driver/Src/stm32f1xx_hal_tim.c" -mcpu=cortex-m3 -std=gnu11 -g3 -DDEBUG -DUSE_HAL_DRIVER -DSTM32F103xB -c -I../../Core/Inc -I../../Drivers/STM32F1xx_HAL_Driver/Inc -I../../Drivers/STM32F1xx_HAL_Driver/Inc/Legacy -I../../Middlewares/Third_Party/FreeRTOS/Source/include -I../../Middlewares/Third_Party/FreeRTOS/Source/CMSIS_RTOS_V2 -I../../Middlewares/Third_Party/FreeRTOS/Source/portable/GCC/ARM_CM3 -I../../Drivers/CMSIS/Device/ST/STM32F1xx/Include -I../../Drivers/CMSIS/Include -O0 -ffunction-sections -fdata-sections -Wall -fstack-usage -fcyclomatic-complexity -MMD -MP -MF"Drivers/STM32F1xx_HAL_Driver/stm32f1xx_hal_tim.d" -MT"Drivers/STM32F1xx_HAL_Driver/stm32f1xx_hal_tim.o" --specs=nano.specs -mfloat-abi=soft -mthumb -o "Drivers/STM32F1xx_HAL_Driver/stm32f1xx_hal_tim.o"
arm-none-eabi-gcc "D:/data-2026/lap_top/GHEP-MITSU_BACKUP/stm32_vl53l1x/STM32F103C8T6_VL53/Drivers/STM32F1xx_HAL_Driver/Src/stm32f1xx_hal_tim_ex.c" -mcpu=cortex-m3 -std=gnu11 -g3 -DDEBUG -DUSE_HAL_DRIVER -DSTM32F103xB -c -I../../Core/Inc -I../../Drivers/STM32F1xx_HAL_Driver/Inc -I../../Drivers/STM32F1xx_HAL_Driver/Inc/Legacy -I../../Middlewares/Third_Party/FreeRTOS/Source/include -I../../Middlewares/Third_Party/FreeRTOS/Source/CMSIS_RTOS_V2 -I../../Middlewares/Third_Party/FreeRTOS/Source/portable/GCC/ARM_CM3 -I../../Drivers/CMSIS/Device/ST/STM32F1xx/Include -I../../Drivers/CMSIS/Include -O0 -ffunction-sections -fdata-sections -Wall -fstack-usage -fcyclomatic-complexity -MMD -MP -MF"Drivers/STM32F1xx_HAL_Driver/stm32f1xx_hal_tim_ex.d" -MT"Drivers/STM32F1xx_HAL_Driver/stm32f1xx_hal_tim_ex.o" --specs=nano.specs -mfloat-abi=soft -mthumb -o "Drivers/STM32F1xx_HAL_Driver/stm32f1xx_hal_tim_ex.o"
arm-none-eabi-gcc "D:/data-2026/lap_top/GHEP-MITSU_BACKUP/stm32_vl53l1x/STM32F103C8T6_VL53/Drivers/STM32F1xx_HAL_Driver/Src/stm32f1xx_hal_uart.c" -mcpu=cortex-m3 -std=gnu11 -g3 -DDEBUG -DUSE_HAL_DRIVER -DSTM32F103xB -c -I../../Core/Inc -I../../Drivers/STM32F1xx_HAL_Driver/Inc -I../../Drivers/STM32F1xx_HAL_Driver/Inc/Legacy -I../../Middlewares/Third_Party/FreeRTOS/Source/include -I../../Middlewares/Third_Party/FreeRTOS/Source/CMSIS_RTOS_V2 -I../../Middlewares/Third_Party/FreeRTOS/Source/portable/GCC/ARM_CM3 -I../../Drivers/CMSIS/Device/ST/STM32F1xx/Include -I../../Drivers/CMSIS/Include -O0 -ffunction-sections -fdata-sections -Wall -fstack-usage -fcyclomatic-complexity -MMD -MP -MF"Drivers/STM32F1xx_HAL_Driver/stm32f1xx_hal_uart.d" -MT"Drivers/STM32F1xx_HAL_Driver/stm32f1xx_hal_uart.o" --specs=nano.specs -mfloat-abi=soft -mthumb -o "Drivers/STM32F1xx_HAL_Driver/stm32f1xx_hal_uart.o"
arm-none-eabi-gcc "D:/data-2026/lap_top/GHEP-MITSU_BACKUP/stm32_vl53l1x/STM32F103C8T6_VL53/Core/Src/system_stm32f1xx.c" -mcpu=cortex-m3 -std=gnu11 -g3 -DDEBUG -DUSE_HAL_DRIVER -DSTM32F103xB -c -I../../Core/Inc -I../../Drivers/STM32F1xx_HAL_Driver/Inc -I../../Drivers/STM32F1xx_HAL_Driver/Inc/Legacy -I../../Middlewares/Third_Party/FreeRTOS/Source/include -I../../Middlewares/Third_Party/FreeRTOS/Source/CMSIS_RTOS_V2 -I../../Middlewares/Third_Party/FreeRTOS/Source/portable/GCC/ARM_CM3 -I../../Drivers/CMSIS/Device/ST/STM32F1xx/Include -I../../Drivers/CMSIS/Include -O0 -ffunction-sections -fdata-sections -Wall -fstack-usage -fcyclomatic-complexity -MMD -MP -MF"Drivers/CMSIS/system_stm32f1xx.d" -MT"Drivers/CMSIS/system_stm32f1xx.o" --specs=nano.specs -mfloat-abi=soft -mthumb -o "Drivers/CMSIS/system_stm32f1xx.o"
arm-none-eabi-gcc "D:/data-2026/lap_top/GHEP-MITSU_BACKUP/stm32_vl53l1x/STM32F103C8T6_VL53/Core/Src/VL53L.c" -mcpu=cortex-m3 -std=gnu11 -g3 -DDEBUG -DUSE_HAL_DRIVER -DSTM32F103xB -c -I../../Core/Inc -I../../Drivers/STM32F1xx_HAL_Driver/Inc -I../../Drivers/STM32F1xx_HAL_Driver/Inc/Legacy -I../../Middlewares/Third_Party/FreeRTOS/Source/include -I../../Middlewares/Third_Party/FreeRTOS/Source/CMSIS_RTOS_V2 -I../../Middlewares/Third_Party/FreeRTOS/Source/portable/GCC/ARM_CM3 -I../../Drivers/CMSIS/Device/ST/STM32F1xx/Include -I../../Drivers/CMSIS/Include -O0 -ffunction-sections -fdata-sections -Wall -fstack-usage -fcyclomatic-complexity -MMD -MP -MF"Application/User/Core/VL53L.d" -MT"Application/User/Core/VL53L.o" --specs=nano.specs -mfloat-abi=soft -mthumb -o "Application/User/Core/VL53L.o"
arm-none-eabi-gcc "D:/data-2026/lap_top/GHEP-MITSU_BACKUP/stm32_vl53l1x/STM32F103C8T6_VL53/Core/Src/VL53L1X_api.c" -mcpu=cortex-m3 -std=gnu11 -g3 -DDEBUG -DUSE_HAL_DRIVER -DSTM32F103xB -c -I../../Core/Inc -I../../Drivers/STM32F1xx_HAL_Driver/Inc -I../../Drivers/STM32F1xx_HAL_Driver/Inc/Legacy -I../../Middlewares/Third_Party/FreeRTOS/Source/include -I../../Middlewares/Third_Party/FreeRTOS/Source/CMSIS_RTOS_V2 -I../../Middlewares/Third_Party/FreeRTOS/Source/portable/GCC/ARM_CM3 -I../../Drivers/CMSIS/Device/ST/STM32F1xx/Include -I../../Drivers/CMSIS/Include -O0 -ffunction-sections -fdata-sections -Wall -fstack-usage -fcyclomatic-complexity -MMD -MP -MF"Application/User/Core/VL53L1X_api.d" -MT"Application/User/Core/VL53L1X_api.o" --specs=nano.specs -mfloat-abi=soft -mthumb -o "Application/User/Core/VL53L1X_api.o"
arm-none-eabi-gcc "D:/data-2026/lap_top/GHEP-MITSU_BACKUP/stm32_vl53l1x/STM32F103C8T6_VL53/Core/Src/VL53L1X_calibration.c" -mcpu=cortex-m3 -std=gnu11 -g3 -DDEBUG -DUSE_HAL_DRIVER -DSTM32F103xB -c -I../../Core/Inc -I../../Drivers/STM32F1xx_HAL_Driver/Inc -I../../Drivers/STM32F1xx_HAL_Driver/Inc/Legacy -I../../Middlewares/Third_Party/FreeRTOS/Source/include -I../../Middlewares/Third_Party/FreeRTOS/Source/CMSIS_RTOS_V2 -I../../Middlewares/Third_Party/FreeRTOS/Source/portable/GCC/ARM_CM3 -I../../Drivers/CMSIS/Device/ST/STM32F1xx/Include -I../../Drivers/CMSIS/Include -O0 -ffunction-sections -fdata-sections -Wall -fstack-usage -fcyclomatic-complexity -MMD -MP -MF"Application/User/Core/VL53L1X_calibration.d" -MT"Application/User/Core/VL53L1X_calibration.o" --specs=nano.specs -mfloat-abi=soft -mthumb -o "Application/User/Core/VL53L1X_calibration.o"
arm-none-eabi-gcc "D:/data-2026/lap_top/GHEP-MITSU_BACKUP/stm32_vl53l1x/STM32F103C8T6_VL53/Core/Src/can.c" -mcpu=cortex-m3 -std=gnu11 -g3 -DDEBUG -DUSE_HAL_DRIVER -DSTM32F103xB -c -I../../Core/Inc -I../../Drivers/STM32F1xx_HAL_Driver/Inc -I../../Drivers/STM32F1xx_HAL_Driver/Inc/Legacy -I../../Middlewares/Third_Party/FreeRTOS/Source/include -I../../Middlewares/Third_Party/FreeRTOS/Source/CMSIS_RTOS_V2 -I../../Middlewares/Third_Party/FreeRTOS/Source/portable/GCC/ARM_CM3 -I../../Drivers/CMSIS/Device/ST/STM32F1xx/Include -I../../Drivers/CMSIS/Include -O0 -ffunction-sections -fdata-sections -Wall -fstack-usage -fcyclomatic-complexity -MMD -MP -MF"Application/User/Core/can.d" -MT"Application/User/Core/can.o" --specs=nano.specs -mfloat-abi=soft -mthumb -o "Application/User/Core/can.o"
arm-none-eabi-gcc "D:/data-2026/lap_top/GHEP-MITSU_BACKUP/stm32_vl53l1x/STM32F103C8T6_VL53/Core/Src/can_vl53.c" -mcpu=cortex-m3 -std=gnu11 -g3 -DDEBUG -DUSE_HAL_DRIVER -DSTM32F103xB -c -I../../Core/Inc -I../../Drivers/STM32F1xx_HAL_Driver/Inc -I../../Drivers/STM32F1xx_HAL_Driver/Inc/Legacy -I../../Middlewares/Third_Party/FreeRTOS/Source/include -I../../Middlewares/Third_Party/FreeRTOS/Source/CMSIS_RTOS_V2 -I../../Middlewares/Third_Party/FreeRTOS/Source/portable/GCC/ARM_CM3 -I../../Drivers/CMSIS/Device/ST/STM32F1xx/Include -I../../Drivers/CMSIS/Include -O0 -ffunction-sections -fdata-sections -Wall -fstack-usage -fcyclomatic-complexity -MMD -MP -MF"Application/User/Core/can_vl53.d" -MT"Application/User/Core/can_vl53.o" --specs=nano.specs -mfloat-abi=soft -mthumb -o "Application/User/Core/can_vl53.o"
arm-none-eabi-gcc "D:/data-2026/lap_top/GHEP-MITSU_BACKUP/stm32_vl53l1x/STM32F103C8T6_VL53/Core/Src/dma.c" -mcpu=cortex-m3 -std=gnu11 -g3 -DDEBUG -DUSE_HAL_DRIVER -DSTM32F103xB -c -I../../Core/Inc -I../../Drivers/STM32F1xx_HAL_Driver/Inc -I../../Drivers/STM32F1xx_HAL_Driver/Inc/Legacy -I../../Middlewares/Third_Party/FreeRTOS/Source/include -I../../Middlewares/Third_Party/FreeRTOS/Source/CMSIS_RTOS_V2 -I../../Middlewares/Third_Party/FreeRTOS/Source/portable/GCC/ARM_CM3 -I../../Drivers/CMSIS/Device/ST/STM32F1xx/Include -I../../Drivers/CMSIS/Include -O0 -ffunction-sections -fdata-sections -Wall -fstack-usage -fcyclomatic-complexity -MMD -MP -MF"Application/User/Core/dma.d" -MT"Application/User/Core/dma.o" --specs=nano.specs -mfloat-abi=soft -mthumb -o "Application/User/Core/dma.o"
arm-none-eabi-gcc "D:/data-2026/lap_top/GHEP-MITSU_BACKUP/stm32_vl53l1x/STM32F103C8T6_VL53/Core/Src/freertos.c" -mcpu=cortex-m3 -std=gnu11 -g3 -DDEBUG -DUSE_HAL_DRIVER -DSTM32F103xB -c -I../../Core/Inc -I../../Drivers/STM32F1xx_HAL_Driver/Inc -I../../Drivers/STM32F1xx_HAL_Driver/Inc/Legacy -I../../Middlewares/Third_Party/FreeRTOS/Source/include -I../../Middlewares/Third_Party/FreeRTOS/Source/CMSIS_RTOS_V2 -I../../Middlewares/Third_Party/FreeRTOS/Source/portable/GCC/ARM_CM3 -I../../Drivers/CMSIS/Device/ST/STM32F1xx/Include -I../../Drivers/CMSIS/Include -O0 -ffunction-sections -fdata-sections -Wall -fstack-usage -fcyclomatic-complexity -MMD -MP -MF"Application/User/Core/freertos.d" -MT"Application/User/Core/freertos.o" --specs=nano.specs -mfloat-abi=soft -mthumb -o "Application/User/Core/freertos.o"
arm-none-eabi-gcc "D:/data-2026/lap_top/GHEP-MITSU_BACKUP/stm32_vl53l1x/STM32F103C8T6_VL53/Core/Src/gpio.c" -mcpu=cortex-m3 -std=gnu11 -g3 -DDEBUG -DUSE_HAL_DRIVER -DSTM32F103xB -c -I../../Core/Inc -I../../Drivers/STM32F1xx_HAL_Driver/Inc -I../../Drivers/STM32F1xx_HAL_Driver/Inc/Legacy -I../../Middlewares/Third_Party/FreeRTOS/Source/include -I../../Middlewares/Third_Party/FreeRTOS/Source/CMSIS_RTOS_V2 -I../../Middlewares/Third_Party/FreeRTOS/Source/portable/GCC/ARM_CM3 -I../../Drivers/CMSIS/Device/ST/STM32F1xx/Include -I../../Drivers/CMSIS/Include -O0 -ffunction-sections -fdata-sections -Wall -fstack-usage -fcyclomatic-complexity -MMD -MP -MF"Application/User/Core/gpio.d" -MT"Application/User/Core/gpio.o" --specs=nano.specs -mfloat-abi=soft -mthumb -o "Application/User/Core/gpio.o"
arm-none-eabi-gcc "D:/data-2026/lap_top/GHEP-MITSU_BACKUP/stm32_vl53l1x/STM32F103C8T6_VL53/Core/Src/i2c.c" -mcpu=cortex-m3 -std=gnu11 -g3 -DDEBUG -DUSE_HAL_DRIVER -DSTM32F103xB -c -I../../Core/Inc -I../../Drivers/STM32F1xx_HAL_Driver/Inc -I../../Drivers/STM32F1xx_HAL_Driver/Inc/Legacy -I../../Middlewares/Third_Party/FreeRTOS/Source/include -I../../Middlewares/Third_Party/FreeRTOS/Source/CMSIS_RTOS_V2 -I../../Middlewares/Third_Party/FreeRTOS/Source/portable/GCC/ARM_CM3 -I../../Drivers/CMSIS/Device/ST/STM32F1xx/Include -I../../Drivers/CMSIS/Include -O0 -ffunction-sections -fdata-sections -Wall -fstack-usage -fcyclomatic-complexity -MMD -MP -MF"Application/User/Core/i2c.d" -MT"Application/User/Core/i2c.o" --specs=nano.specs -mfloat-abi=soft -mthumb -o "Application/User/Core/i2c.o"
arm-none-eabi-gcc "D:/data-2026/lap_top/GHEP-MITSU_BACKUP/stm32_vl53l1x/STM32F103C8T6_VL53/Core/Src/main.c" -mcpu=cortex-m3 -std=gnu11 -g3 -DDEBUG -DUSE_HAL_DRIVER -DSTM32F103xB -c -I../../Core/Inc -I../../Drivers/STM32F1xx_HAL_Driver/Inc -I../../Drivers/STM32F1xx_HAL_Driver/Inc/Legacy -I../../Middlewares/Third_Party/FreeRTOS/Source/include -I../../Middlewares/Third_Party/FreeRTOS/Source/CMSIS_RTOS_V2 -I../../Middlewares/Third_Party/FreeRTOS/Source/portable/GCC/ARM_CM3 -I../../Drivers/CMSIS/Device/ST/STM32F1xx/Include -I../../Drivers/CMSIS/Include -O0 -ffunction-sections -fdata-sections -Wall -fstack-usage -fcyclomatic-complexity -MMD -MP -MF"Application/User/Core/main.d" -MT"Application/User/Core/main.o" --specs=nano.specs -mfloat-abi=soft -mthumb -o "Application/User/Core/main.o"
arm-none-eabi-gcc "D:/data-2026/lap_top/GHEP-MITSU_BACKUP/stm32_vl53l1x/STM32F103C8T6_VL53/Core/Src/oled_ssd1306.c" -mcpu=cortex-m3 -std=gnu11 -g3 -DDEBUG -DUSE_HAL_DRIVER -DSTM32F103xB -c -I../../Core/Inc -I../../Drivers/STM32F1xx_HAL_Driver/Inc -I../../Drivers/STM32F1xx_HAL_Driver/Inc/Legacy -I../../Middlewares/Third_Party/FreeRTOS/Source/include -I../../Middlewares/Third_Party/FreeRTOS/Source/CMSIS_RTOS_V2 -I../../Middlewares/Third_Party/FreeRTOS/Source/portable/GCC/ARM_CM3 -I../../Drivers/CMSIS/Device/ST/STM32F1xx/Include -I../../Drivers/CMSIS/Include -O0 -ffunction-sections -fdata-sections -Wall -fstack-usage -fcyclomatic-complexity -MMD -MP -MF"Application/User/Core/oled_ssd1306.d" -MT"Application/User/Core/oled_ssd1306.o" --specs=nano.specs -mfloat-abi=soft -mthumb -o "Application/User/Core/oled_ssd1306.o"
arm-none-eabi-gcc "D:/data-2026/lap_top/GHEP-MITSU_BACKUP/stm32_vl53l1x/STM32F103C8T6_VL53/Core/Src/plc_mitsu.c" -mcpu=cortex-m3 -std=gnu11 -g3 -DDEBUG -DUSE_HAL_DRIVER -DSTM32F103xB -c -I../../Core/Inc -I../../Drivers/STM32F1xx_HAL_Driver/Inc -I../../Drivers/STM32F1xx_HAL_Driver/Inc/Legacy -I../../Middlewares/Third_Party/FreeRTOS/Source/include -I../../Middlewares/Third_Party/FreeRTOS/Source/CMSIS_RTOS_V2 -I../../Middlewares/Third_Party/FreeRTOS/Source/portable/GCC/ARM_CM3 -I../../Drivers/CMSIS/Device/ST/STM32F1xx/Include -I../../Drivers/CMSIS/Include -O0 -ffunction-sections -fdata-sections -Wall -fstack-usage -fcyclomatic-complexity -MMD -MP -MF"Application/User/Core/plc_mitsu.d" -MT"Application/User/Core/plc_mitsu.o" --specs=nano.specs -mfloat-abi=soft -mthumb -o "Application/User/Core/plc_mitsu.o"
arm-none-eabi-gcc "D:/data-2026/lap_top/GHEP-MITSU_BACKUP/stm32_vl53l1x/STM32F103C8T6_VL53/Core/Src/stm32f1xx_hal_msp.c" -mcpu=cortex-m3 -std=gnu11 -g3 -DDEBUG -DUSE_HAL_DRIVER -DSTM32F103xB -c -I../../Core/Inc -I../../Drivers/STM32F1xx_HAL_Driver/Inc -I../../Drivers/STM32F1xx_HAL_Driver/Inc/Legacy -I../../Middlewares/Third_Party/FreeRTOS/Source/include -I../../Middlewares/Third_Party/FreeRTOS/Source/CMSIS_RTOS_V2 -I../../Middlewares/Third_Party/FreeRTOS/Source/portable/GCC/ARM_CM3 -I../../Drivers/CMSIS/Device/ST/STM32F1xx/Include -I../../Drivers/CMSIS/Include -O0 -ffunction-sections -fdata-sections -Wall -fstack-usage -fcyclomatic-complexity -MMD -MP -MF"Application/User/Core/stm32f1xx_hal_msp.d" -MT"Application/User/Core/stm32f1xx_hal_msp.o" --specs=nano.specs -mfloat-abi=soft -mthumb -o "Application/User/Core/stm32f1xx_hal_msp.o"
arm-none-eabi-gcc "D:/data-2026/lap_top/GHEP-MITSU_BACKUP/stm32_vl53l1x/STM32F103C8T6_VL53/Core/Src/stm32f1xx_hal_timebase_tim.c" -mcpu=cortex-m3 -std=gnu11 -g3 -DDEBUG -DUSE_HAL_DRIVER -DSTM32F103xB -c -I../../Core/Inc -I../../Drivers/STM32F1xx_HAL_Driver/Inc -I../../Drivers/STM32F1xx_HAL_Driver/Inc/Legacy -I../../Middlewares/Third_Party/FreeRTOS/Source/include -I../../Middlewares/Third_Party/FreeRTOS/Source/CMSIS_RTOS_V2 -I../../Middlewares/Third_Party/FreeRTOS/Source/portable/GCC/ARM_CM3 -I../../Drivers/CMSIS/Device/ST/STM32F1xx/Include -I../../Drivers/CMSIS/Include -O0 -ffunction-sections -fdata-sections -Wall -fstack-usage -fcyclomatic-complexity -MMD -MP -MF"Application/User/Core/stm32f1xx_hal_timebase_tim.d" -MT"Application/User/Core/stm32f1xx_hal_timebase_tim.o" --specs=nano.specs -mfloat-abi=soft -mthumb -o "Application/User/Core/stm32f1xx_hal_timebase_tim.o"
arm-none-eabi-gcc "D:/data-2026/lap_top/GHEP-MITSU_BACKUP/stm32_vl53l1x/STM32F103C8T6_VL53/Core/Src/stm32f1xx_it.c" -mcpu=cortex-m3 -std=gnu11 -g3 -DDEBUG -DUSE_HAL_DRIVER -DSTM32F103xB -c -I../../Core/Inc -I../../Drivers/STM32F1xx_HAL_Driver/Inc -I../../Drivers/STM32F1xx_HAL_Driver/Inc/Legacy -I../../Middlewares/Third_Party/FreeRTOS/Source/include -I../../Middlewares/Third_Party/FreeRTOS/Source/CMSIS_RTOS_V2 -I../../Middlewares/Third_Party/FreeRTOS/Source/portable/GCC/ARM_CM3 -I../../Drivers/CMSIS/Device/ST/STM32F1xx/Include -I../../Drivers/CMSIS/Include -O0 -ffunction-sections -fdata-sections -Wall -fstack-usage -fcyclomatic-complexity -MMD -MP -MF"Application/User/Core/stm32f1xx_it.d" -MT"Application/User/Core/stm32f1xx_it.o" --specs=nano.specs -mfloat-abi=soft -mthumb -o "Application/User/Core/stm32f1xx_it.o"
arm-none-eabi-gcc "../Application/User/Core/syscalls.c" -mcpu=cortex-m3 -std=gnu11 -g3 -DDEBUG -DUSE_HAL_DRIVER -DSTM32F103xB -c -I../../Core/Inc -I../../Drivers/STM32F1xx_HAL_Driver/Inc -I../../Drivers/STM32F1xx_HAL_Driver/Inc/Legacy -I../../Middlewares/Third_Party/FreeRTOS/Source/include -I../../Middlewares/Third_Party/FreeRTOS/Source/CMSIS_RTOS_V2 -I../../Middlewares/Third_Party/FreeRTOS/Source/portable/GCC/ARM_CM3 -I../../Drivers/CMSIS/Device/ST/STM32F1xx/Include -I../../Drivers/CMSIS/Include -O0 -ffunction-sections -fdata-sections -Wall -fstack-usage -fcyclomatic-complexity -MMD -MP -MF"Application/User/Core/syscalls.d" -MT"Application/User/Core/syscalls.o" --specs=nano.specs -mfloat-abi=soft -mthumb -o "Application/User/Core/syscalls.o"
arm-none-eabi-gcc "../Application/User/Core/sysmem.c" -mcpu=cortex-m3 -std=gnu11 -g3 -DDEBUG -DUSE_HAL_DRIVER -DSTM32F103xB -c -I../../Core/Inc -I../../Drivers/STM32F1xx_HAL_Driver/Inc -I../../Drivers/STM32F1xx_HAL_Driver/Inc/Legacy -I../../Middlewares/Third_Party/FreeRTOS/Source/include -I../../Middlewares/Third_Party/FreeRTOS/Source/CMSIS_RTOS_V2 -I../../Middlewares/Third_Party/FreeRTOS/Source/portable/GCC/ARM_CM3 -I../../Drivers/CMSIS/Device/ST/STM32F1xx/Include -I../../Drivers/CMSIS/Include -O0 -ffunction-sections -fdata-sections -Wall -fstack-usage -fcyclomatic-complexity -MMD -MP -MF"Application/User/Core/sysmem.d" -MT"Application/User/Core/sysmem.o" --specs=nano.specs -mfloat-abi=soft -mthumb -o "Application/User/Core/sysmem.o"
arm-none-eabi-gcc "D:/data-2026/lap_top/GHEP-MITSU_BACKUP/stm32_vl53l1x/STM32F103C8T6_VL53/Core/Src/usart.c" -mcpu=cortex-m3 -std=gnu11 -g3 -DDEBUG -DUSE_HAL_DRIVER -DSTM32F103xB -c -I../../Core/Inc -I../../Drivers/STM32F1xx_HAL_Driver/Inc -I../../Drivers/STM32F1xx_HAL_Driver/Inc/Legacy -I../../Middlewares/Third_Party/FreeRTOS/Source/include -I../../Middlewares/Third_Party/FreeRTOS/Source/CMSIS_RTOS_V2 -I../../Middlewares/Third_Party/FreeRTOS/Source/portable/GCC/ARM_CM3 -I../../Drivers/CMSIS/Device/ST/STM32F1xx/Include -I../../Drivers/CMSIS/Include -O0 -ffunction-sections -fdata-sections -Wall -fstack-usage -fcyclomatic-complexity -MMD -MP -MF"Application/User/Core/usart.d" -MT"Application/User/Core/usart.o" --specs=nano.specs -mfloat-abi=soft -mthumb -o "Application/User/Core/usart.o"
arm-none-eabi-gcc "D:/data-2026/lap_top/GHEP-MITSU_BACKUP/stm32_vl53l1x/STM32F103C8T6_VL53/Core/Src/vl53l1_platform.c" -mcpu=cortex-m3 -std=gnu11 -g3 -DDEBUG -DUSE_HAL_DRIVER -DSTM32F103xB -c -I../../Core/Inc -I../../Drivers/STM32F1xx_HAL_Driver/Inc -I../../Drivers/STM32F1xx_HAL_Driver/Inc/Legacy -I../../Middlewares/Third_Party/FreeRTOS/Source/include -I../../Middlewares/Third_Party/FreeRTOS/Source/CMSIS_RTOS_V2 -I../../Middlewares/Third_Party/FreeRTOS/Source/portable/GCC/ARM_CM3 -I../../Drivers/CMSIS/Device/ST/STM32F1xx/Include -I../../Drivers/CMSIS/Include -O0 -ffunction-sections -fdata-sections -Wall -fstack-usage -fcyclomatic-complexity -MMD -MP -MF"Application/User/Core/vl53l1_platform.d" -MT"Application/User/Core/vl53l1_platform.o" --specs=nano.specs -mfloat-abi=soft -mthumb -o "Application/User/Core/vl53l1_platform.o"
arm-none-eabi-gcc -o "STM32F103C8T6_VL53.elf" @"objects.list"   -mcpu=cortex-m3 -T"D:\data-2026\lap_top\GHEP-MITSU_BACKUP\stm32_vl53l1x\STM32F103C8T6_VL53\STM32CubeIDE\STM32F103C8TX_FLASH.ld" --specs=nosys.specs -Wl,-Map="STM32F103C8T6_VL53.map" -Wl,--gc-sections -static --specs=nano.specs -mfloat-abi=soft -mthumb -Wl,--start-group -lc -lm -Wl,--end-group
Finished building target: STM32F103C8T6_VL53.elf
 
arm-none-eabi-size  STM32F103C8T6_VL53.elf 
arm-none-eabi-objdump -h -S STM32F103C8T6_VL53.elf  > "STM32F103C8T6_VL53.list"
   text	   data	    bss	    dec	    hex	filename
  51564	    172	  15784	  67520	  107c0	STM32F103C8T6_VL53.elf
Finished building: default.size.stdout
 
Finished building: STM32F103C8T6_VL53.list
 
15:41:39 **** Incremental Build of configuration Debug for project STM32F103C8T6_VL53 ****
make -j4 all 
arm-none-eabi-gcc "D:/data-2026/lap_top/GHEP-MITSU_BACKUP/stm32_vl53l1x/STM32F103C8T6_VL53/Core/Src/main.c" -mcpu=cortex-m3 -std=gnu11 -g3 -DDEBUG -DUSE_HAL_DRIVER -DSTM32F103xB -c -I../../Core/Inc -I../../Drivers/STM32F1xx_HAL_Driver/Inc -I../../Drivers/STM32F1xx_HAL_Driver/Inc/Legacy -I../../Middlewares/Third_Party/FreeRTOS/Source/include -I../../Middlewares/Third_Party/FreeRTOS/Source/CMSIS_RTOS_V2 -I../../Middlewares/Third_Party/FreeRTOS/Source/portable/GCC/ARM_CM3 -I../../Drivers/CMSIS/Device/ST/STM32F1xx/Include -I../../Drivers/CMSIS/Include -O0 -ffunction-sections -fdata-sections -Wall -fstack-usage -fcyclomatic-complexity -MMD -MP -MF"Application/User/Core/main.d" -MT"Application/User/Core/main.o" --specs=nano.specs -mfloat-abi=soft -mthumb -o "Application/User/Core/main.o"
arm-none-eabi-gcc -o "STM32F103C8T6_VL53.elf" @"objects.list"   -mcpu=cortex-m3 -T"D:\data-2026\lap_top\GHEP-MITSU_BACKUP\stm32_vl53l1x\STM32F103C8T6_VL53\STM32CubeIDE\STM32F103C8TX_FLASH.ld" --specs=nosys.specs -Wl,-Map="STM32F103C8T6_VL53.map" -Wl,--gc-sections -static --specs=nano.specs -mfloat-abi=soft -mthumb -Wl,--start-group -lc -lm -Wl,--end-group
Finished building target: STM32F103C8T6_VL53.elf
 
arm-none-eabi-size  STM32F103C8T6_VL53.elf 
arm-none-eabi-objdump -h -S STM32F103C8T6_VL53.elf  > "STM32F103C8T6_VL53.list"
   text	   data	    bss	    dec	    hex	filename
  51660	    172	  15784	  67616	  10820	STM32F103C8T6_VL53.elf
Finished building: default.size.stdout
 
Finished building: STM32F103C8T6_VL53.list
 
19:32:54 **** Incremental Build of configuration Debug for project STM32F103C8T6_VL53 ****
make -j4 all 
arm-none-eabi-gcc "D:/data-2026/lap_top/GHEP-MITSU_BACKUP/stm32_vl53l1x/STM32F103C8T6_VL53/Middlewares/Third_Party/FreeRTOS/Source/CMSIS_RTOS_V2/cmsis_os2.c" -mcpu=cortex-m3 -std=gnu11 -g3 -DDEBUG -DUSE_HAL_DRIVER -DSTM32F103xB -c -I../../Core/Inc -I../../Drivers/STM32F1xx_HAL_Driver/Inc -I../../Drivers/STM32F1xx_HAL_Driver/Inc/Legacy -I../../Middlewares/Third_Party/FreeRTOS/Source/include -I../../Middlewares/Third_Party/FreeRTOS/Source/CMSIS_RTOS_V2 -I../../Middlewares/Third_Party/FreeRTOS/Source/portable/GCC/ARM_CM3 -I../../Drivers/CMSIS/Device/ST/STM32F1xx/Include -I../../Drivers/CMSIS/Include -O0 -ffunction-sections -fdata-sections -Wall -fstack-usage -fcyclomatic-complexity -MMD -MP -MF"Middlewares/FreeRTOS/cmsis_os2.d" -MT"Middlewares/FreeRTOS/cmsis_os2.o" --specs=nano.specs -mfloat-abi=soft -mthumb -o "Middlewares/FreeRTOS/cmsis_os2.o"
arm-none-eabi-gcc "D:/data-2026/lap_top/GHEP-MITSU_BACKUP/stm32_vl53l1x/STM32F103C8T6_VL53/Middlewares/Third_Party/FreeRTOS/Source/croutine.c" -mcpu=cortex-m3 -std=gnu11 -g3 -DDEBUG -DUSE_HAL_DRIVER -DSTM32F103xB -c -I../../Core/Inc -I../../Drivers/STM32F1xx_HAL_Driver/Inc -I../../Drivers/STM32F1xx_HAL_Driver/Inc/Legacy -I../../Middlewares/Third_Party/FreeRTOS/Source/include -I../../Middlewares/Third_Party/FreeRTOS/Source/CMSIS_RTOS_V2 -I../../Middlewares/Third_Party/FreeRTOS/Source/portable/GCC/ARM_CM3 -I../../Drivers/CMSIS/Device/ST/STM32F1xx/Include -I../../Drivers/CMSIS/Include -O0 -ffunction-sections -fdata-sections -Wall -fstack-usage -fcyclomatic-complexity -MMD -MP -MF"Middlewares/FreeRTOS/croutine.d" -MT"Middlewares/FreeRTOS/croutine.o" --specs=nano.specs -mfloat-abi=soft -mthumb -o "Middlewares/FreeRTOS/croutine.o"
arm-none-eabi-gcc "D:/data-2026/lap_top/GHEP-MITSU_BACKUP/stm32_vl53l1x/STM32F103C8T6_VL53/Middlewares/Third_Party/FreeRTOS/Source/event_groups.c" -mcpu=cortex-m3 -std=gnu11 -g3 -DDEBUG -DUSE_HAL_DRIVER -DSTM32F103xB -c -I../../Core/Inc -I../../Drivers/STM32F1xx_HAL_Driver/Inc -I../../Drivers/STM32F1xx_HAL_Driver/Inc/Legacy -I../../Middlewares/Third_Party/FreeRTOS/Source/include -I../../Middlewares/Third_Party/FreeRTOS/Source/CMSIS_RTOS_V2 -I../../Middlewares/Third_Party/FreeRTOS/Source/portable/GCC/ARM_CM3 -I../../Drivers/CMSIS/Device/ST/STM32F1xx/Include -I../../Drivers/CMSIS/Include -O0 -ffunction-sections -fdata-sections -Wall -fstack-usage -fcyclomatic-complexity -MMD -MP -MF"Middlewares/FreeRTOS/event_groups.d" -MT"Middlewares/FreeRTOS/event_groups.o" --specs=nano.specs -mfloat-abi=soft -mthumb -o "Middlewares/FreeRTOS/event_groups.o"
arm-none-eabi-gcc "D:/data-2026/lap_top/GHEP-MITSU_BACKUP/stm32_vl53l1x/STM32F103C8T6_VL53/Middlewares/Third_Party/FreeRTOS/Source/portable/MemMang/heap_4.c" -mcpu=cortex-m3 -std=gnu11 -g3 -DDEBUG -DUSE_HAL_DRIVER -DSTM32F103xB -c -I../../Core/Inc -I../../Drivers/STM32F1xx_HAL_Driver/Inc -I../../Drivers/STM32F1xx_HAL_Driver/Inc/Legacy -I../../Middlewares/Third_Party/FreeRTOS/Source/include -I../../Middlewares/Third_Party/FreeRTOS/Source/CMSIS_RTOS_V2 -I../../Middlewares/Third_Party/FreeRTOS/Source/portable/GCC/ARM_CM3 -I../../Drivers/CMSIS/Device/ST/STM32F1xx/Include -I../../Drivers/CMSIS/Include -O0 -ffunction-sections -fdata-sections -Wall -fstack-usage -fcyclomatic-complexity -MMD -MP -MF"Middlewares/FreeRTOS/heap_4.d" -MT"Middlewares/FreeRTOS/heap_4.o" --specs=nano.specs -mfloat-abi=soft -mthumb -o "Middlewares/FreeRTOS/heap_4.o"
arm-none-eabi-gcc "D:/data-2026/lap_top/GHEP-MITSU_BACKUP/stm32_vl53l1x/STM32F103C8T6_VL53/Middlewares/Third_Party/FreeRTOS/Source/list.c" -mcpu=cortex-m3 -std=gnu11 -g3 -DDEBUG -DUSE_HAL_DRIVER -DSTM32F103xB -c -I../../Core/Inc -I../../Drivers/STM32F1xx_HAL_Driver/Inc -I../../Drivers/STM32F1xx_HAL_Driver/Inc/Legacy -I../../Middlewares/Third_Party/FreeRTOS/Source/include -I../../Middlewares/Third_Party/FreeRTOS/Source/CMSIS_RTOS_V2 -I../../Middlewares/Third_Party/FreeRTOS/Source/portable/GCC/ARM_CM3 -I../../Drivers/CMSIS/Device/ST/STM32F1xx/Include -I../../Drivers/CMSIS/Include -O0 -ffunction-sections -fdata-sections -Wall -fstack-usage -fcyclomatic-complexity -MMD -MP -MF"Middlewares/FreeRTOS/list.d" -MT"Middlewares/FreeRTOS/list.o" --specs=nano.specs -mfloat-abi=soft -mthumb -o "Middlewares/FreeRTOS/list.o"
arm-none-eabi-gcc "D:/data-2026/lap_top/GHEP-MITSU_BACKUP/stm32_vl53l1x/STM32F103C8T6_VL53/Middlewares/Third_Party/FreeRTOS/Source/portable/GCC/ARM_CM3/port.c" -mcpu=cortex-m3 -std=gnu11 -g3 -DDEBUG -DUSE_HAL_DRIVER -DSTM32F103xB -c -I../../Core/Inc -I../../Drivers/STM32F1xx_HAL_Driver/Inc -I../../Drivers/STM32F1xx_HAL_Driver/Inc/Legacy -I../../Middlewares/Third_Party/FreeRTOS/Source/include -I../../Middlewares/Third_Party/FreeRTOS/Source/CMSIS_RTOS_V2 -I../../Middlewares/Third_Party/FreeRTOS/Source/portable/GCC/ARM_CM3 -I../../Drivers/CMSIS/Device/ST/STM32F1xx/Include -I../../Drivers/CMSIS/Include -O0 -ffunction-sections -fdata-sections -Wall -fstack-usage -fcyclomatic-complexity -MMD -MP -MF"Middlewares/FreeRTOS/port.d" -MT"Middlewares/FreeRTOS/port.o" --specs=nano.specs -mfloat-abi=soft -mthumb -o "Middlewares/FreeRTOS/port.o"
arm-none-eabi-gcc "D:/data-2026/lap_top/GHEP-MITSU_BACKUP/stm32_vl53l1x/STM32F103C8T6_VL53/Middlewares/Third_Party/FreeRTOS/Source/queue.c" -mcpu=cortex-m3 -std=gnu11 -g3 -DDEBUG -DUSE_HAL_DRIVER -DSTM32F103xB -c -I../../Core/Inc -I../../Drivers/STM32F1xx_HAL_Driver/Inc -I../../Drivers/STM32F1xx_HAL_Driver/Inc/Legacy -I../../Middlewares/Third_Party/FreeRTOS/Source/include -I../../Middlewares/Third_Party/FreeRTOS/Source/CMSIS_RTOS_V2 -I../../Middlewares/Third_Party/FreeRTOS/Source/portable/GCC/ARM_CM3 -I../../Drivers/CMSIS/Device/ST/STM32F1xx/Include -I../../Drivers/CMSIS/Include -O0 -ffunction-sections -fdata-sections -Wall -fstack-usage -fcyclomatic-complexity -MMD -MP -MF"Middlewares/FreeRTOS/queue.d" -MT"Middlewares/FreeRTOS/queue.o" --specs=nano.specs -mfloat-abi=soft -mthumb -o "Middlewares/FreeRTOS/queue.o"
arm-none-eabi-gcc "D:/data-2026/lap_top/GHEP-MITSU_BACKUP/stm32_vl53l1x/STM32F103C8T6_VL53/Middlewares/Third_Party/FreeRTOS/Source/stream_buffer.c" -mcpu=cortex-m3 -std=gnu11 -g3 -DDEBUG -DUSE_HAL_DRIVER -DSTM32F103xB -c -I../../Core/Inc -I../../Drivers/STM32F1xx_HAL_Driver/Inc -I../../Drivers/STM32F1xx_HAL_Driver/Inc/Legacy -I../../Middlewares/Third_Party/FreeRTOS/Source/include -I../../Middlewares/Third_Party/FreeRTOS/Source/CMSIS_RTOS_V2 -I../../Middlewares/Third_Party/FreeRTOS/Source/portable/GCC/ARM_CM3 -I../../Drivers/CMSIS/Device/ST/STM32F1xx/Include -I../../Drivers/CMSIS/Include -O0 -ffunction-sections -fdata-sections -Wall -fstack-usage -fcyclomatic-complexity -MMD -MP -MF"Middlewares/FreeRTOS/stream_buffer.d" -MT"Middlewares/FreeRTOS/stream_buffer.o" --specs=nano.specs -mfloat-abi=soft -mthumb -o "Middlewares/FreeRTOS/stream_buffer.o"
arm-none-eabi-gcc "D:/data-2026/lap_top/GHEP-MITSU_BACKUP/stm32_vl53l1x/STM32F103C8T6_VL53/Middlewares/Third_Party/FreeRTOS/Source/tasks.c" -mcpu=cortex-m3 -std=gnu11 -g3 -DDEBUG -DUSE_HAL_DRIVER -DSTM32F103xB -c -I../../Core/Inc -I../../Drivers/STM32F1xx_HAL_Driver/Inc -I../../Drivers/STM32F1xx_HAL_Driver/Inc/Legacy -I../../Middlewares/Third_Party/FreeRTOS/Source/include -I../../Middlewares/Third_Party/FreeRTOS/Source/CMSIS_RTOS_V2 -I../../Middlewares/Third_Party/FreeRTOS/Source/portable/GCC/ARM_CM3 -I../../Drivers/CMSIS/Device/ST/STM32F1xx/Include -I../../Drivers/CMSIS/Include -O0 -ffunction-sections -fdata-sections -Wall -fstack-usage -fcyclomatic-complexity -MMD -MP -MF"Middlewares/FreeRTOS/tasks.d" -MT"Middlewares/FreeRTOS/tasks.o" --specs=nano.specs -mfloat-abi=soft -mthumb -o "Middlewares/FreeRTOS/tasks.o"
arm-none-eabi-gcc "D:/data-2026/lap_top/GHEP-MITSU_BACKUP/stm32_vl53l1x/STM32F103C8T6_VL53/Middlewares/Third_Party/FreeRTOS/Source/timers.c" -mcpu=cortex-m3 -std=gnu11 -g3 -DDEBUG -DUSE_HAL_DRIVER -DSTM32F103xB -c -I../../Core/Inc -I../../Drivers/STM32F1xx_HAL_Driver/Inc -I../../Drivers/STM32F1xx_HAL_Driver/Inc/Legacy -I../../Middlewares/Third_Party/FreeRTOS/Source/include -I../../Middlewares/Third_Party/FreeRTOS/Source/CMSIS_RTOS_V2 -I../../Middlewares/Third_Party/FreeRTOS/Source/portable/GCC/ARM_CM3 -I../../Drivers/CMSIS/Device/ST/STM32F1xx/Include -I../../Drivers/CMSIS/Include -O0 -ffunction-sections -fdata-sections -Wall -fstack-usage -fcyclomatic-complexity -MMD -MP -MF"Middlewares/FreeRTOS/timers.d" -MT"Middlewares/FreeRTOS/timers.o" --specs=nano.specs -mfloat-abi=soft -mthumb -o "Middlewares/FreeRTOS/timers.o"
arm-none-eabi-gcc "D:/data-2026/lap_top/GHEP-MITSU_BACKUP/stm32_vl53l1x/STM32F103C8T6_VL53/Drivers/STM32F1xx_HAL_Driver/Src/stm32f1xx_hal.c" -mcpu=cortex-m3 -std=gnu11 -g3 -DDEBUG -DUSE_HAL_DRIVER -DSTM32F103xB -c -I../../Core/Inc -I../../Drivers/STM32F1xx_HAL_Driver/Inc -I../../Drivers/STM32F1xx_HAL_Driver/Inc/Legacy -I../../Middlewares/Third_Party/FreeRTOS/Source/include -I../../Middlewares/Third_Party/FreeRTOS/Source/CMSIS_RTOS_V2 -I../../Middlewares/Third_Party/FreeRTOS/Source/portable/GCC/ARM_CM3 -I../../Drivers/CMSIS/Device/ST/STM32F1xx/Include -I../../Drivers/CMSIS/Include -O0 -ffunction-sections -fdata-sections -Wall -fstack-usage -fcyclomatic-complexity -MMD -MP -MF"Drivers/STM32F1xx_HAL_Driver/stm32f1xx_hal.d" -MT"Drivers/STM32F1xx_HAL_Driver/stm32f1xx_hal.o" --specs=nano.specs -mfloat-abi=soft -mthumb -o "Drivers/STM32F1xx_HAL_Driver/stm32f1xx_hal.o"
arm-none-eabi-gcc "D:/data-2026/lap_top/GHEP-MITSU_BACKUP/stm32_vl53l1x/STM32F103C8T6_VL53/Drivers/STM32F1xx_HAL_Driver/Src/stm32f1xx_hal_can.c" -mcpu=cortex-m3 -std=gnu11 -g3 -DDEBUG -DUSE_HAL_DRIVER -DSTM32F103xB -c -I../../Core/Inc -I../../Drivers/STM32F1xx_HAL_Driver/Inc -I../../Drivers/STM32F1xx_HAL_Driver/Inc/Legacy -I../../Middlewares/Third_Party/FreeRTOS/Source/include -I../../Middlewares/Third_Party/FreeRTOS/Source/CMSIS_RTOS_V2 -I../../Middlewares/Third_Party/FreeRTOS/Source/portable/GCC/ARM_CM3 -I../../Drivers/CMSIS/Device/ST/STM32F1xx/Include -I../../Drivers/CMSIS/Include -O0 -ffunction-sections -fdata-sections -Wall -fstack-usage -fcyclomatic-complexity -MMD -MP -MF"Drivers/STM32F1xx_HAL_Driver/stm32f1xx_hal_can.d" -MT"Drivers/STM32F1xx_HAL_Driver/stm32f1xx_hal_can.o" --specs=nano.specs -mfloat-abi=soft -mthumb -o "Drivers/STM32F1xx_HAL_Driver/stm32f1xx_hal_can.o"
arm-none-eabi-gcc "D:/data-2026/lap_top/GHEP-MITSU_BACKUP/stm32_vl53l1x/STM32F103C8T6_VL53/Drivers/STM32F1xx_HAL_Driver/Src/stm32f1xx_hal_cortex.c" -mcpu=cortex-m3 -std=gnu11 -g3 -DDEBUG -DUSE_HAL_DRIVER -DSTM32F103xB -c -I../../Core/Inc -I../../Drivers/STM32F1xx_HAL_Driver/Inc -I../../Drivers/STM32F1xx_HAL_Driver/Inc/Legacy -I../../Middlewares/Third_Party/FreeRTOS/Source/include -I../../Middlewares/Third_Party/FreeRTOS/Source/CMSIS_RTOS_V2 -I../../Middlewares/Third_Party/FreeRTOS/Source/portable/GCC/ARM_CM3 -I../../Drivers/CMSIS/Device/ST/STM32F1xx/Include -I../../Drivers/CMSIS/Include -O0 -ffunction-sections -fdata-sections -Wall -fstack-usage -fcyclomatic-complexity -MMD -MP -MF"Drivers/STM32F1xx_HAL_Driver/stm32f1xx_hal_cortex.d" -MT"Drivers/STM32F1xx_HAL_Driver/stm32f1xx_hal_cortex.o" --specs=nano.specs -mfloat-abi=soft -mthumb -o "Drivers/STM32F1xx_HAL_Driver/stm32f1xx_hal_cortex.o"
arm-none-eabi-gcc "D:/data-2026/lap_top/GHEP-MITSU_BACKUP/stm32_vl53l1x/STM32F103C8T6_VL53/Drivers/STM32F1xx_HAL_Driver/Src/stm32f1xx_hal_dma.c" -mcpu=cortex-m3 -std=gnu11 -g3 -DDEBUG -DUSE_HAL_DRIVER -DSTM32F103xB -c -I../../Core/Inc -I../../Drivers/STM32F1xx_HAL_Driver/Inc -I../../Drivers/STM32F1xx_HAL_Driver/Inc/Legacy -I../../Middlewares/Third_Party/FreeRTOS/Source/include -I../../Middlewares/Third_Party/FreeRTOS/Source/CMSIS_RTOS_V2 -I../../Middlewares/Third_Party/FreeRTOS/Source/portable/GCC/ARM_CM3 -I../../Drivers/CMSIS/Device/ST/STM32F1xx/Include -I../../Drivers/CMSIS/Include -O0 -ffunction-sections -fdata-sections -Wall -fstack-usage -fcyclomatic-complexity -MMD -MP -MF"Drivers/STM32F1xx_HAL_Driver/stm32f1xx_hal_dma.d" -MT"Drivers/STM32F1xx_HAL_Driver/stm32f1xx_hal_dma.o" --specs=nano.specs -mfloat-abi=soft -mthumb -o "Drivers/STM32F1xx_HAL_Driver/stm32f1xx_hal_dma.o"
arm-none-eabi-gcc "D:/data-2026/lap_top/GHEP-MITSU_BACKUP/stm32_vl53l1x/STM32F103C8T6_VL53/Drivers/STM32F1xx_HAL_Driver/Src/stm32f1xx_hal_exti.c" -mcpu=cortex-m3 -std=gnu11 -g3 -DDEBUG -DUSE_HAL_DRIVER -DSTM32F103xB -c -I../../Core/Inc -I../../Drivers/STM32F1xx_HAL_Driver/Inc -I../../Drivers/STM32F1xx_HAL_Driver/Inc/Legacy -I../../Middlewares/Third_Party/FreeRTOS/Source/include -I../../Middlewares/Third_Party/FreeRTOS/Source/CMSIS_RTOS_V2 -I../../Middlewares/Third_Party/FreeRTOS/Source/portable/GCC/ARM_CM3 -I../../Drivers/CMSIS/Device/ST/STM32F1xx/Include -I../../Drivers/CMSIS/Include -O0 -ffunction-sections -fdata-sections -Wall -fstack-usage -fcyclomatic-complexity -MMD -MP -MF"Drivers/STM32F1xx_HAL_Driver/stm32f1xx_hal_exti.d" -MT"Drivers/STM32F1xx_HAL_Driver/stm32f1xx_hal_exti.o" --specs=nano.specs -mfloat-abi=soft -mthumb -o "Drivers/STM32F1xx_HAL_Driver/stm32f1xx_hal_exti.o"
arm-none-eabi-gcc "D:/data-2026/lap_top/GHEP-MITSU_BACKUP/stm32_vl53l1x/STM32F103C8T6_VL53/Drivers/STM32F1xx_HAL_Driver/Src/stm32f1xx_hal_flash.c" -mcpu=cortex-m3 -std=gnu11 -g3 -DDEBUG -DUSE_HAL_DRIVER -DSTM32F103xB -c -I../../Core/Inc -I../../Drivers/STM32F1xx_HAL_Driver/Inc -I../../Drivers/STM32F1xx_HAL_Driver/Inc/Legacy -I../../Middlewares/Third_Party/FreeRTOS/Source/include -I../../Middlewares/Third_Party/FreeRTOS/Source/CMSIS_RTOS_V2 -I../../Middlewares/Third_Party/FreeRTOS/Source/portable/GCC/ARM_CM3 -I../../Drivers/CMSIS/Device/ST/STM32F1xx/Include -I../../Drivers/CMSIS/Include -O0 -ffunction-sections -fdata-sections -Wall -fstack-usage -fcyclomatic-complexity -MMD -MP -MF"Drivers/STM32F1xx_HAL_Driver/stm32f1xx_hal_flash.d" -MT"Drivers/STM32F1xx_HAL_Driver/stm32f1xx_hal_flash.o" --specs=nano.specs -mfloat-abi=soft -mthumb -o "Drivers/STM32F1xx_HAL_Driver/stm32f1xx_hal_flash.o"
arm-none-eabi-gcc "D:/data-2026/lap_top/GHEP-MITSU_BACKUP/stm32_vl53l1x/STM32F103C8T6_VL53/Drivers/STM32F1xx_HAL_Driver/Src/stm32f1xx_hal_flash_ex.c" -mcpu=cortex-m3 -std=gnu11 -g3 -DDEBUG -DUSE_HAL_DRIVER -DSTM32F103xB -c -I../../Core/Inc -I../../Drivers/STM32F1xx_HAL_Driver/Inc -I../../Drivers/STM32F1xx_HAL_Driver/Inc/Legacy -I../../Middlewares/Third_Party/FreeRTOS/Source/include -I../../Middlewares/Third_Party/FreeRTOS/Source/CMSIS_RTOS_V2 -I../../Middlewares/Third_Party/FreeRTOS/Source/portable/GCC/ARM_CM3 -I../../Drivers/CMSIS/Device/ST/STM32F1xx/Include -I../../Drivers/CMSIS/Include -O0 -ffunction-sections -fdata-sections -Wall -fstack-usage -fcyclomatic-complexity -MMD -MP -MF"Drivers/STM32F1xx_HAL_Driver/stm32f1xx_hal_flash_ex.d" -MT"Drivers/STM32F1xx_HAL_Driver/stm32f1xx_hal_flash_ex.o" --specs=nano.specs -mfloat-abi=soft -mthumb -o "Drivers/STM32F1xx_HAL_Driver/stm32f1xx_hal_flash_ex.o"
arm-none-eabi-gcc "D:/data-2026/lap_top/GHEP-MITSU_BACKUP/stm32_vl53l1x/STM32F103C8T6_VL53/Drivers/STM32F1xx_HAL_Driver/Src/stm32f1xx_hal_gpio.c" -mcpu=cortex-m3 -std=gnu11 -g3 -DDEBUG -DUSE_HAL_DRIVER -DSTM32F103xB -c -I../../Core/Inc -I../../Drivers/STM32F1xx_HAL_Driver/Inc -I../../Drivers/STM32F1xx_HAL_Driver/Inc/Legacy -I../../Middlewares/Third_Party/FreeRTOS/Source/include -I../../Middlewares/Third_Party/FreeRTOS/Source/CMSIS_RTOS_V2 -I../../Middlewares/Third_Party/FreeRTOS/Source/portable/GCC/ARM_CM3 -I../../Drivers/CMSIS/Device/ST/STM32F1xx/Include -I../../Drivers/CMSIS/Include -O0 -ffunction-sections -fdata-sections -Wall -fstack-usage -fcyclomatic-complexity -MMD -MP -MF"Drivers/STM32F1xx_HAL_Driver/stm32f1xx_hal_gpio.d" -MT"Drivers/STM32F1xx_HAL_Driver/stm32f1xx_hal_gpio.o" --specs=nano.specs -mfloat-abi=soft -mthumb -o "Drivers/STM32F1xx_HAL_Driver/stm32f1xx_hal_gpio.o"
arm-none-eabi-gcc "D:/data-2026/lap_top/GHEP-MITSU_BACKUP/stm32_vl53l1x/STM32F103C8T6_VL53/Drivers/STM32F1xx_HAL_Driver/Src/stm32f1xx_hal_gpio_ex.c" -mcpu=cortex-m3 -std=gnu11 -g3 -DDEBUG -DUSE_HAL_DRIVER -DSTM32F103xB -c -I../../Core/Inc -I../../Drivers/STM32F1xx_HAL_Driver/Inc -I../../Drivers/STM32F1xx_HAL_Driver/Inc/Legacy -I../../Middlewares/Third_Party/FreeRTOS/Source/include -I../../Middlewares/Third_Party/FreeRTOS/Source/CMSIS_RTOS_V2 -I../../Middlewares/Third_Party/FreeRTOS/Source/portable/GCC/ARM_CM3 -I../../Drivers/CMSIS/Device/ST/STM32F1xx/Include -I../../Drivers/CMSIS/Include -O0 -ffunction-sections -fdata-sections -Wall -fstack-usage -fcyclomatic-complexity -MMD -MP -MF"Drivers/STM32F1xx_HAL_Driver/stm32f1xx_hal_gpio_ex.d" -MT"Drivers/STM32F1xx_HAL_Driver/stm32f1xx_hal_gpio_ex.o" --specs=nano.specs -mfloat-abi=soft -mthumb -o "Drivers/STM32F1xx_HAL_Driver/stm32f1xx_hal_gpio_ex.o"
arm-none-eabi-gcc "D:/data-2026/lap_top/GHEP-MITSU_BACKUP/stm32_vl53l1x/STM32F103C8T6_VL53/Drivers/STM32F1xx_HAL_Driver/Src/stm32f1xx_hal_i2c.c" -mcpu=cortex-m3 -std=gnu11 -g3 -DDEBUG -DUSE_HAL_DRIVER -DSTM32F103xB -c -I../../Core/Inc -I../../Drivers/STM32F1xx_HAL_Driver/Inc -I../../Drivers/STM32F1xx_HAL_Driver/Inc/Legacy -I../../Middlewares/Third_Party/FreeRTOS/Source/include -I../../Middlewares/Third_Party/FreeRTOS/Source/CMSIS_RTOS_V2 -I../../Middlewares/Third_Party/FreeRTOS/Source/portable/GCC/ARM_CM3 -I../../Drivers/CMSIS/Device/ST/STM32F1xx/Include -I../../Drivers/CMSIS/Include -O0 -ffunction-sections -fdata-sections -Wall -fstack-usage -fcyclomatic-complexity -MMD -MP -MF"Drivers/STM32F1xx_HAL_Driver/stm32f1xx_hal_i2c.d" -MT"Drivers/STM32F1xx_HAL_Driver/stm32f1xx_hal_i2c.o" --specs=nano.specs -mfloat-abi=soft -mthumb -o "Drivers/STM32F1xx_HAL_Driver/stm32f1xx_hal_i2c.o"
arm-none-eabi-gcc "D:/data-2026/lap_top/GHEP-MITSU_BACKUP/stm32_vl53l1x/STM32F103C8T6_VL53/Drivers/STM32F1xx_HAL_Driver/Src/stm32f1xx_hal_pwr.c" -mcpu=cortex-m3 -std=gnu11 -g3 -DDEBUG -DUSE_HAL_DRIVER -DSTM32F103xB -c -I../../Core/Inc -I../../Drivers/STM32F1xx_HAL_Driver/Inc -I../../Drivers/STM32F1xx_HAL_Driver/Inc/Legacy -I../../Middlewares/Third_Party/FreeRTOS/Source/include -I../../Middlewares/Third_Party/FreeRTOS/Source/CMSIS_RTOS_V2 -I../../Middlewares/Third_Party/FreeRTOS/Source/portable/GCC/ARM_CM3 -I../../Drivers/CMSIS/Device/ST/STM32F1xx/Include -I../../Drivers/CMSIS/Include -O0 -ffunction-sections -fdata-sections -Wall -fstack-usage -fcyclomatic-complexity -MMD -MP -MF"Drivers/STM32F1xx_HAL_Driver/stm32f1xx_hal_pwr.d" -MT"Drivers/STM32F1xx_HAL_Driver/stm32f1xx_hal_pwr.o" --specs=nano.specs -mfloat-abi=soft -mthumb -o "Drivers/STM32F1xx_HAL_Driver/stm32f1xx_hal_pwr.o"
arm-none-eabi-gcc "D:/data-2026/lap_top/GHEP-MITSU_BACKUP/stm32_vl53l1x/STM32F103C8T6_VL53/Drivers/STM32F1xx_HAL_Driver/Src/stm32f1xx_hal_rcc.c" -mcpu=cortex-m3 -std=gnu11 -g3 -DDEBUG -DUSE_HAL_DRIVER -DSTM32F103xB -c -I../../Core/Inc -I../../Drivers/STM32F1xx_HAL_Driver/Inc -I../../Drivers/STM32F1xx_HAL_Driver/Inc/Legacy -I../../Middlewares/Third_Party/FreeRTOS/Source/include -I../../Middlewares/Third_Party/FreeRTOS/Source/CMSIS_RTOS_V2 -I../../Middlewares/Third_Party/FreeRTOS/Source/portable/GCC/ARM_CM3 -I../../Drivers/CMSIS/Device/ST/STM32F1xx/Include -I../../Drivers/CMSIS/Include -O0 -ffunction-sections -fdata-sections -Wall -fstack-usage -fcyclomatic-complexity -MMD -MP -MF"Drivers/STM32F1xx_HAL_Driver/stm32f1xx_hal_rcc.d" -MT"Drivers/STM32F1xx_HAL_Driver/stm32f1xx_hal_rcc.o" --specs=nano.specs -mfloat-abi=soft -mthumb -o "Drivers/STM32F1xx_HAL_Driver/stm32f1xx_hal_rcc.o"
arm-none-eabi-gcc "D:/data-2026/lap_top/GHEP-MITSU_BACKUP/stm32_vl53l1x/STM32F103C8T6_VL53/Drivers/STM32F1xx_HAL_Driver/Src/stm32f1xx_hal_rcc_ex.c" -mcpu=cortex-m3 -std=gnu11 -g3 -DDEBUG -DUSE_HAL_DRIVER -DSTM32F103xB -c -I../../Core/Inc -I../../Drivers/STM32F1xx_HAL_Driver/Inc -I../../Drivers/STM32F1xx_HAL_Driver/Inc/Legacy -I../../Middlewares/Third_Party/FreeRTOS/Source/include -I../../Middlewares/Third_Party/FreeRTOS/Source/CMSIS_RTOS_V2 -I../../Middlewares/Third_Party/FreeRTOS/Source/portable/GCC/ARM_CM3 -I../../Drivers/CMSIS/Device/ST/STM32F1xx/Include -I../../Drivers/CMSIS/Include -O0 -ffunction-sections -fdata-sections -Wall -fstack-usage -fcyclomatic-complexity -MMD -MP -MF"Drivers/STM32F1xx_HAL_Driver/stm32f1xx_hal_rcc_ex.d" -MT"Drivers/STM32F1xx_HAL_Driver/stm32f1xx_hal_rcc_ex.o" --specs=nano.specs -mfloat-abi=soft -mthumb -o "Drivers/STM32F1xx_HAL_Driver/stm32f1xx_hal_rcc_ex.o"
arm-none-eabi-gcc "D:/data-2026/lap_top/GHEP-MITSU_BACKUP/stm32_vl53l1x/STM32F103C8T6_VL53/Drivers/STM32F1xx_HAL_Driver/Src/stm32f1xx_hal_tim.c" -mcpu=cortex-m3 -std=gnu11 -g3 -DDEBUG -DUSE_HAL_DRIVER -DSTM32F103xB -c -I../../Core/Inc -I../../Drivers/STM32F1xx_HAL_Driver/Inc -I../../Drivers/STM32F1xx_HAL_Driver/Inc/Legacy -I../../Middlewares/Third_Party/FreeRTOS/Source/include -I../../Middlewares/Third_Party/FreeRTOS/Source/CMSIS_RTOS_V2 -I../../Middlewares/Third_Party/FreeRTOS/Source/portable/GCC/ARM_CM3 -I../../Drivers/CMSIS/Device/ST/STM32F1xx/Include -I../../Drivers/CMSIS/Include -O0 -ffunction-sections -fdata-sections -Wall -fstack-usage -fcyclomatic-complexity -MMD -MP -MF"Drivers/STM32F1xx_HAL_Driver/stm32f1xx_hal_tim.d" -MT"Drivers/STM32F1xx_HAL_Driver/stm32f1xx_hal_tim.o" --specs=nano.specs -mfloat-abi=soft -mthumb -o "Drivers/STM32F1xx_HAL_Driver/stm32f1xx_hal_tim.o"
arm-none-eabi-gcc "D:/data-2026/lap_top/GHEP-MITSU_BACKUP/stm32_vl53l1x/STM32F103C8T6_VL53/Drivers/STM32F1xx_HAL_Driver/Src/stm32f1xx_hal_tim_ex.c" -mcpu=cortex-m3 -std=gnu11 -g3 -DDEBUG -DUSE_HAL_DRIVER -DSTM32F103xB -c -I../../Core/Inc -I../../Drivers/STM32F1xx_HAL_Driver/Inc -I../../Drivers/STM32F1xx_HAL_Driver/Inc/Legacy -I../../Middlewares/Third_Party/FreeRTOS/Source/include -I../../Middlewares/Third_Party/FreeRTOS/Source/CMSIS_RTOS_V2 -I../../Middlewares/Third_Party/FreeRTOS/Source/portable/GCC/ARM_CM3 -I../../Drivers/CMSIS/Device/ST/STM32F1xx/Include -I../../Drivers/CMSIS/Include -O0 -ffunction-sections -fdata-sections -Wall -fstack-usage -fcyclomatic-complexity -MMD -MP -MF"Drivers/STM32F1xx_HAL_Driver/stm32f1xx_hal_tim_ex.d" -MT"Drivers/STM32F1xx_HAL_Driver/stm32f1xx_hal_tim_ex.o" --specs=nano.specs -mfloat-abi=soft -mthumb -o "Drivers/STM32F1xx_HAL_Driver/stm32f1xx_hal_tim_ex.o"
arm-none-eabi-gcc "D:/data-2026/lap_top/GHEP-MITSU_BACKUP/stm32_vl53l1x/STM32F103C8T6_VL53/Drivers/STM32F1xx_HAL_Driver/Src/stm32f1xx_hal_uart.c" -mcpu=cortex-m3 -std=gnu11 -g3 -DDEBUG -DUSE_HAL_DRIVER -DSTM32F103xB -c -I../../Core/Inc -I../../Drivers/STM32F1xx_HAL_Driver/Inc -I../../Drivers/STM32F1xx_HAL_Driver/Inc/Legacy -I../../Middlewares/Third_Party/FreeRTOS/Source/include -I../../Middlewares/Third_Party/FreeRTOS/Source/CMSIS_RTOS_V2 -I../../Middlewares/Third_Party/FreeRTOS/Source/portable/GCC/ARM_CM3 -I../../Drivers/CMSIS/Device/ST/STM32F1xx/Include -I../../Drivers/CMSIS/Include -O0 -ffunction-sections -fdata-sections -Wall -fstack-usage -fcyclomatic-complexity -MMD -MP -MF"Drivers/STM32F1xx_HAL_Driver/stm32f1xx_hal_uart.d" -MT"Drivers/STM32F1xx_HAL_Driver/stm32f1xx_hal_uart.o" --specs=nano.specs -mfloat-abi=soft -mthumb -o "Drivers/STM32F1xx_HAL_Driver/stm32f1xx_hal_uart.o"
arm-none-eabi-gcc "D:/data-2026/lap_top/GHEP-MITSU_BACKUP/stm32_vl53l1x/STM32F103C8T6_VL53/Core/Src/system_stm32f1xx.c" -mcpu=cortex-m3 -std=gnu11 -g3 -DDEBUG -DUSE_HAL_DRIVER -DSTM32F103xB -c -I../../Core/Inc -I../../Drivers/STM32F1xx_HAL_Driver/Inc -I../../Drivers/STM32F1xx_HAL_Driver/Inc/Legacy -I../../Middlewares/Third_Party/FreeRTOS/Source/include -I../../Middlewares/Third_Party/FreeRTOS/Source/CMSIS_RTOS_V2 -I../../Middlewares/Third_Party/FreeRTOS/Source/portable/GCC/ARM_CM3 -I../../Drivers/CMSIS/Device/ST/STM32F1xx/Include -I../../Drivers/CMSIS/Include -O0 -ffunction-sections -fdata-sections -Wall -fstack-usage -fcyclomatic-complexity -MMD -MP -MF"Drivers/CMSIS/system_stm32f1xx.d" -MT"Drivers/CMSIS/system_stm32f1xx.o" --specs=nano.specs -mfloat-abi=soft -mthumb -o "Drivers/CMSIS/system_stm32f1xx.o"
arm-none-eabi-gcc -mcpu=cortex-m3 -g3 -DDEBUG -c -I../../Core/Inc -I../../Drivers/STM32F1xx_HAL_Driver/Inc -I../../Drivers/STM32F1xx_HAL_Driver/Inc/Legacy -I../../Middlewares/Third_Party/FreeRTOS/Source/include -I../../Middlewares/Third_Party/FreeRTOS/Source/CMSIS_RTOS_V2 -I../../Middlewares/Third_Party/FreeRTOS/Source/portable/GCC/ARM_CM3 -I../../Drivers/CMSIS/Device/ST/STM32F1xx/Include -I../../Drivers/CMSIS/Include -x assembler-with-cpp -MMD -MP -MF"Application/User/Startup/startup_stm32f103c8tx.d" -MT"Application/User/Startup/startup_stm32f103c8tx.o" --specs=nano.specs -mfloat-abi=soft -mthumb -o "Application/User/Startup/startup_stm32f103c8tx.o" "../Application/User/Startup/startup_stm32f103c8tx.s"
arm-none-eabi-gcc "D:/data-2026/lap_top/GHEP-MITSU_BACKUP/stm32_vl53l1x/STM32F103C8T6_VL53/Core/Src/VL53L.c" -mcpu=cortex-m3 -std=gnu11 -g3 -DDEBUG -DUSE_HAL_DRIVER -DSTM32F103xB -c -I../../Core/Inc -I../../Drivers/STM32F1xx_HAL_Driver/Inc -I../../Drivers/STM32F1xx_HAL_Driver/Inc/Legacy -I../../Middlewares/Third_Party/FreeRTOS/Source/include -I../../Middlewares/Third_Party/FreeRTOS/Source/CMSIS_RTOS_V2 -I../../Middlewares/Third_Party/FreeRTOS/Source/portable/GCC/ARM_CM3 -I../../Drivers/CMSIS/Device/ST/STM32F1xx/Include -I../../Drivers/CMSIS/Include -O0 -ffunction-sections -fdata-sections -Wall -fstack-usage -fcyclomatic-complexity -MMD -MP -MF"Application/User/Core/VL53L.d" -MT"Application/User/Core/VL53L.o" --specs=nano.specs -mfloat-abi=soft -mthumb -o "Application/User/Core/VL53L.o"
arm-none-eabi-gcc "D:/data-2026/lap_top/GHEP-MITSU_BACKUP/stm32_vl53l1x/STM32F103C8T6_VL53/Core/Src/VL53L1X_api.c" -mcpu=cortex-m3 -std=gnu11 -g3 -DDEBUG -DUSE_HAL_DRIVER -DSTM32F103xB -c -I../../Core/Inc -I../../Drivers/STM32F1xx_HAL_Driver/Inc -I../../Drivers/STM32F1xx_HAL_Driver/Inc/Legacy -I../../Middlewares/Third_Party/FreeRTOS/Source/include -I../../Middlewares/Third_Party/FreeRTOS/Source/CMSIS_RTOS_V2 -I../../Middlewares/Third_Party/FreeRTOS/Source/portable/GCC/ARM_CM3 -I../../Drivers/CMSIS/Device/ST/STM32F1xx/Include -I../../Drivers/CMSIS/Include -O0 -ffunction-sections -fdata-sections -Wall -fstack-usage -fcyclomatic-complexity -MMD -MP -MF"Application/User/Core/VL53L1X_api.d" -MT"Application/User/Core/VL53L1X_api.o" --specs=nano.specs -mfloat-abi=soft -mthumb -o "Application/User/Core/VL53L1X_api.o"
arm-none-eabi-gcc "D:/data-2026/lap_top/GHEP-MITSU_BACKUP/stm32_vl53l1x/STM32F103C8T6_VL53/Core/Src/VL53L1X_calibration.c" -mcpu=cortex-m3 -std=gnu11 -g3 -DDEBUG -DUSE_HAL_DRIVER -DSTM32F103xB -c -I../../Core/Inc -I../../Drivers/STM32F1xx_HAL_Driver/Inc -I../../Drivers/STM32F1xx_HAL_Driver/Inc/Legacy -I../../Middlewares/Third_Party/FreeRTOS/Source/include -I../../Middlewares/Third_Party/FreeRTOS/Source/CMSIS_RTOS_V2 -I../../Middlewares/Third_Party/FreeRTOS/Source/portable/GCC/ARM_CM3 -I../../Drivers/CMSIS/Device/ST/STM32F1xx/Include -I../../Drivers/CMSIS/Include -O0 -ffunction-sections -fdata-sections -Wall -fstack-usage -fcyclomatic-complexity -MMD -MP -MF"Application/User/Core/VL53L1X_calibration.d" -MT"Application/User/Core/VL53L1X_calibration.o" --specs=nano.specs -mfloat-abi=soft -mthumb -o "Application/User/Core/VL53L1X_calibration.o"
arm-none-eabi-gcc "D:/data-2026/lap_top/GHEP-MITSU_BACKUP/stm32_vl53l1x/STM32F103C8T6_VL53/Core/Src/can.c" -mcpu=cortex-m3 -std=gnu11 -g3 -DDEBUG -DUSE_HAL_DRIVER -DSTM32F103xB -c -I../../Core/Inc -I../../Drivers/STM32F1xx_HAL_Driver/Inc -I../../Drivers/STM32F1xx_HAL_Driver/Inc/Legacy -I../../Middlewares/Third_Party/FreeRTOS/Source/include -I../../Middlewares/Third_Party/FreeRTOS/Source/CMSIS_RTOS_V2 -I../../Middlewares/Third_Party/FreeRTOS/Source/portable/GCC/ARM_CM3 -I../../Drivers/CMSIS/Device/ST/STM32F1xx/Include -I../../Drivers/CMSIS/Include -O0 -ffunction-sections -fdata-sections -Wall -fstack-usage -fcyclomatic-complexity -MMD -MP -MF"Application/User/Core/can.d" -MT"Application/User/Core/can.o" --specs=nano.specs -mfloat-abi=soft -mthumb -o "Application/User/Core/can.o"
arm-none-eabi-gcc "D:/data-2026/lap_top/GHEP-MITSU_BACKUP/stm32_vl53l1x/STM32F103C8T6_VL53/Core/Src/can_vl53.c" -mcpu=cortex-m3 -std=gnu11 -g3 -DDEBUG -DUSE_HAL_DRIVER -DSTM32F103xB -c -I../../Core/Inc -I../../Drivers/STM32F1xx_HAL_Driver/Inc -I../../Drivers/STM32F1xx_HAL_Driver/Inc/Legacy -I../../Middlewares/Third_Party/FreeRTOS/Source/include -I../../Middlewares/Third_Party/FreeRTOS/Source/CMSIS_RTOS_V2 -I../../Middlewares/Third_Party/FreeRTOS/Source/portable/GCC/ARM_CM3 -I../../Drivers/CMSIS/Device/ST/STM32F1xx/Include -I../../Drivers/CMSIS/Include -O0 -ffunction-sections -fdata-sections -Wall -fstack-usage -fcyclomatic-complexity -MMD -MP -MF"Application/User/Core/can_vl53.d" -MT"Application/User/Core/can_vl53.o" --specs=nano.specs -mfloat-abi=soft -mthumb -o "Application/User/Core/can_vl53.o"
arm-none-eabi-gcc "D:/data-2026/lap_top/GHEP-MITSU_BACKUP/stm32_vl53l1x/STM32F103C8T6_VL53/Core/Src/dma.c" -mcpu=cortex-m3 -std=gnu11 -g3 -DDEBUG -DUSE_HAL_DRIVER -DSTM32F103xB -c -I../../Core/Inc -I../../Drivers/STM32F1xx_HAL_Driver/Inc -I../../Drivers/STM32F1xx_HAL_Driver/Inc/Legacy -I../../Middlewares/Third_Party/FreeRTOS/Source/include -I../../Middlewares/Third_Party/FreeRTOS/Source/CMSIS_RTOS_V2 -I../../Middlewares/Third_Party/FreeRTOS/Source/portable/GCC/ARM_CM3 -I../../Drivers/CMSIS/Device/ST/STM32F1xx/Include -I../../Drivers/CMSIS/Include -O0 -ffunction-sections -fdata-sections -Wall -fstack-usage -fcyclomatic-complexity -MMD -MP -MF"Application/User/Core/dma.d" -MT"Application/User/Core/dma.o" --specs=nano.specs -mfloat-abi=soft -mthumb -o "Application/User/Core/dma.o"
arm-none-eabi-gcc "D:/data-2026/lap_top/GHEP-MITSU_BACKUP/stm32_vl53l1x/STM32F103C8T6_VL53/Core/Src/freertos.c" -mcpu=cortex-m3 -std=gnu11 -g3 -DDEBUG -DUSE_HAL_DRIVER -DSTM32F103xB -c -I../../Core/Inc -I../../Drivers/STM32F1xx_HAL_Driver/Inc -I../../Drivers/STM32F1xx_HAL_Driver/Inc/Legacy -I../../Middlewares/Third_Party/FreeRTOS/Source/include -I../../Middlewares/Third_Party/FreeRTOS/Source/CMSIS_RTOS_V2 -I../../Middlewares/Third_Party/FreeRTOS/Source/portable/GCC/ARM_CM3 -I../../Drivers/CMSIS/Device/ST/STM32F1xx/Include -I../../Drivers/CMSIS/Include -O0 -ffunction-sections -fdata-sections -Wall -fstack-usage -fcyclomatic-complexity -MMD -MP -MF"Application/User/Core/freertos.d" -MT"Application/User/Core/freertos.o" --specs=nano.specs -mfloat-abi=soft -mthumb -o "Application/User/Core/freertos.o"
arm-none-eabi-gcc "D:/data-2026/lap_top/GHEP-MITSU_BACKUP/stm32_vl53l1x/STM32F103C8T6_VL53/Core/Src/gpio.c" -mcpu=cortex-m3 -std=gnu11 -g3 -DDEBUG -DUSE_HAL_DRIVER -DSTM32F103xB -c -I../../Core/Inc -I../../Drivers/STM32F1xx_HAL_Driver/Inc -I../../Drivers/STM32F1xx_HAL_Driver/Inc/Legacy -I../../Middlewares/Third_Party/FreeRTOS/Source/include -I../../Middlewares/Third_Party/FreeRTOS/Source/CMSIS_RTOS_V2 -I../../Middlewares/Third_Party/FreeRTOS/Source/portable/GCC/ARM_CM3 -I../../Drivers/CMSIS/Device/ST/STM32F1xx/Include -I../../Drivers/CMSIS/Include -O0 -ffunction-sections -fdata-sections -Wall -fstack-usage -fcyclomatic-complexity -MMD -MP -MF"Application/User/Core/gpio.d" -MT"Application/User/Core/gpio.o" --specs=nano.specs -mfloat-abi=soft -mthumb -o "Application/User/Core/gpio.o"
arm-none-eabi-gcc "D:/data-2026/lap_top/GHEP-MITSU_BACKUP/stm32_vl53l1x/STM32F103C8T6_VL53/Core/Src/i2c.c" -mcpu=cortex-m3 -std=gnu11 -g3 -DDEBUG -DUSE_HAL_DRIVER -DSTM32F103xB -c -I../../Core/Inc -I../../Drivers/STM32F1xx_HAL_Driver/Inc -I../../Drivers/STM32F1xx_HAL_Driver/Inc/Legacy -I../../Middlewares/Third_Party/FreeRTOS/Source/include -I../../Middlewares/Third_Party/FreeRTOS/Source/CMSIS_RTOS_V2 -I../../Middlewares/Third_Party/FreeRTOS/Source/portable/GCC/ARM_CM3 -I../../Drivers/CMSIS/Device/ST/STM32F1xx/Include -I../../Drivers/CMSIS/Include -O0 -ffunction-sections -fdata-sections -Wall -fstack-usage -fcyclomatic-complexity -MMD -MP -MF"Application/User/Core/i2c.d" -MT"Application/User/Core/i2c.o" --specs=nano.specs -mfloat-abi=soft -mthumb -o "Application/User/Core/i2c.o"
arm-none-eabi-gcc "D:/data-2026/lap_top/GHEP-MITSU_BACKUP/stm32_vl53l1x/STM32F103C8T6_VL53/Core/Src/main.c" -mcpu=cortex-m3 -std=gnu11 -g3 -DDEBUG -DUSE_HAL_DRIVER -DSTM32F103xB -c -I../../Core/Inc -I../../Drivers/STM32F1xx_HAL_Driver/Inc -I../../Drivers/STM32F1xx_HAL_Driver/Inc/Legacy -I../../Middlewares/Third_Party/FreeRTOS/Source/include -I../../Middlewares/Third_Party/FreeRTOS/Source/CMSIS_RTOS_V2 -I../../Middlewares/Third_Party/FreeRTOS/Source/portable/GCC/ARM_CM3 -I../../Drivers/CMSIS/Device/ST/STM32F1xx/Include -I../../Drivers/CMSIS/Include -O0 -ffunction-sections -fdata-sections -Wall -fstack-usage -fcyclomatic-complexity -MMD -MP -MF"Application/User/Core/main.d" -MT"Application/User/Core/main.o" --specs=nano.specs -mfloat-abi=soft -mthumb -o "Application/User/Core/main.o"
arm-none-eabi-gcc "D:/data-2026/lap_top/GHEP-MITSU_BACKUP/stm32_vl53l1x/STM32F103C8T6_VL53/Core/Src/oled_ssd1306.c" -mcpu=cortex-m3 -std=gnu11 -g3 -DDEBUG -DUSE_HAL_DRIVER -DSTM32F103xB -c -I../../Core/Inc -I../../Drivers/STM32F1xx_HAL_Driver/Inc -I../../Drivers/STM32F1xx_HAL_Driver/Inc/Legacy -I../../Middlewares/Third_Party/FreeRTOS/Source/include -I../../Middlewares/Third_Party/FreeRTOS/Source/CMSIS_RTOS_V2 -I../../Middlewares/Third_Party/FreeRTOS/Source/portable/GCC/ARM_CM3 -I../../Drivers/CMSIS/Device/ST/STM32F1xx/Include -I../../Drivers/CMSIS/Include -O0 -ffunction-sections -fdata-sections -Wall -fstack-usage -fcyclomatic-complexity -MMD -MP -MF"Application/User/Core/oled_ssd1306.d" -MT"Application/User/Core/oled_ssd1306.o" --specs=nano.specs -mfloat-abi=soft -mthumb -o "Application/User/Core/oled_ssd1306.o"
arm-none-eabi-gcc "D:/data-2026/lap_top/GHEP-MITSU_BACKUP/stm32_vl53l1x/STM32F103C8T6_VL53/Core/Src/plc_mitsu.c" -mcpu=cortex-m3 -std=gnu11 -g3 -DDEBUG -DUSE_HAL_DRIVER -DSTM32F103xB -c -I../../Core/Inc -I../../Drivers/STM32F1xx_HAL_Driver/Inc -I../../Drivers/STM32F1xx_HAL_Driver/Inc/Legacy -I../../Middlewares/Third_Party/FreeRTOS/Source/include -I../../Middlewares/Third_Party/FreeRTOS/Source/CMSIS_RTOS_V2 -I../../Middlewares/Third_Party/FreeRTOS/Source/portable/GCC/ARM_CM3 -I../../Drivers/CMSIS/Device/ST/STM32F1xx/Include -I../../Drivers/CMSIS/Include -O0 -ffunction-sections -fdata-sections -Wall -fstack-usage -fcyclomatic-complexity -MMD -MP -MF"Application/User/Core/plc_mitsu.d" -MT"Application/User/Core/plc_mitsu.o" --specs=nano.specs -mfloat-abi=soft -mthumb -o "Application/User/Core/plc_mitsu.o"
arm-none-eabi-gcc "D:/data-2026/lap_top/GHEP-MITSU_BACKUP/stm32_vl53l1x/STM32F103C8T6_VL53/Core/Src/stm32f1xx_hal_msp.c" -mcpu=cortex-m3 -std=gnu11 -g3 -DDEBUG -DUSE_HAL_DRIVER -DSTM32F103xB -c -I../../Core/Inc -I../../Drivers/STM32F1xx_HAL_Driver/Inc -I../../Drivers/STM32F1xx_HAL_Driver/Inc/Legacy -I../../Middlewares/Third_Party/FreeRTOS/Source/include -I../../Middlewares/Third_Party/FreeRTOS/Source/CMSIS_RTOS_V2 -I../../Middlewares/Third_Party/FreeRTOS/Source/portable/GCC/ARM_CM3 -I../../Drivers/CMSIS/Device/ST/STM32F1xx/Include -I../../Drivers/CMSIS/Include -O0 -ffunction-sections -fdata-sections -Wall -fstack-usage -fcyclomatic-complexity -MMD -MP -MF"Application/User/Core/stm32f1xx_hal_msp.d" -MT"Application/User/Core/stm32f1xx_hal_msp.o" --specs=nano.specs -mfloat-abi=soft -mthumb -o "Application/User/Core/stm32f1xx_hal_msp.o"
arm-none-eabi-gcc "D:/data-2026/lap_top/GHEP-MITSU_BACKUP/stm32_vl53l1x/STM32F103C8T6_VL53/Core/Src/stm32f1xx_hal_timebase_tim.c" -mcpu=cortex-m3 -std=gnu11 -g3 -DDEBUG -DUSE_HAL_DRIVER -DSTM32F103xB -c -I../../Core/Inc -I../../Drivers/STM32F1xx_HAL_Driver/Inc -I../../Drivers/STM32F1xx_HAL_Driver/Inc/Legacy -I../../Middlewares/Third_Party/FreeRTOS/Source/include -I../../Middlewares/Third_Party/FreeRTOS/Source/CMSIS_RTOS_V2 -I../../Middlewares/Third_Party/FreeRTOS/Source/portable/GCC/ARM_CM3 -I../../Drivers/CMSIS/Device/ST/STM32F1xx/Include -I../../Drivers/CMSIS/Include -O0 -ffunction-sections -fdata-sections -Wall -fstack-usage -fcyclomatic-complexity -MMD -MP -MF"Application/User/Core/stm32f1xx_hal_timebase_tim.d" -MT"Application/User/Core/stm32f1xx_hal_timebase_tim.o" --specs=nano.specs -mfloat-abi=soft -mthumb -o "Application/User/Core/stm32f1xx_hal_timebase_tim.o"
arm-none-eabi-gcc "D:/data-2026/lap_top/GHEP-MITSU_BACKUP/stm32_vl53l1x/STM32F103C8T6_VL53/Core/Src/stm32f1xx_it.c" -mcpu=cortex-m3 -std=gnu11 -g3 -DDEBUG -DUSE_HAL_DRIVER -DSTM32F103xB -c -I../../Core/Inc -I../../Drivers/STM32F1xx_HAL_Driver/Inc -I../../Drivers/STM32F1xx_HAL_Driver/Inc/Legacy -I../../Middlewares/Third_Party/FreeRTOS/Source/include -I../../Middlewares/Third_Party/FreeRTOS/Source/CMSIS_RTOS_V2 -I../../Middlewares/Third_Party/FreeRTOS/Source/portable/GCC/ARM_CM3 -I../../Drivers/CMSIS/Device/ST/STM32F1xx/Include -I../../Drivers/CMSIS/Include -O0 -ffunction-sections -fdata-sections -Wall -fstack-usage -fcyclomatic-complexity -MMD -MP -MF"Application/User/Core/stm32f1xx_it.d" -MT"Application/User/Core/stm32f1xx_it.o" --specs=nano.specs -mfloat-abi=soft -mthumb -o "Application/User/Core/stm32f1xx_it.o"
arm-none-eabi-gcc "../Application/User/Core/syscalls.c" -mcpu=cortex-m3 -std=gnu11 -g3 -DDEBUG -DUSE_HAL_DRIVER -DSTM32F103xB -c -I../../Core/Inc -I../../Drivers/STM32F1xx_HAL_Driver/Inc -I../../Drivers/STM32F1xx_HAL_Driver/Inc/Legacy -I../../Middlewares/Third_Party/FreeRTOS/Source/include -I../../Middlewares/Third_Party/FreeRTOS/Source/CMSIS_RTOS_V2 -I../../Middlewares/Third_Party/FreeRTOS/Source/portable/GCC/ARM_CM3 -I../../Drivers/CMSIS/Device/ST/STM32F1xx/Include -I../../Drivers/CMSIS/Include -O0 -ffunction-sections -fdata-sections -Wall -fstack-usage -fcyclomatic-complexity -MMD -MP -MF"Application/User/Core/syscalls.d" -MT"Application/User/Core/syscalls.o" --specs=nano.specs -mfloat-abi=soft -mthumb -o "Application/User/Core/syscalls.o"
arm-none-eabi-gcc "../Application/User/Core/sysmem.c" -mcpu=cortex-m3 -std=gnu11 -g3 -DDEBUG -DUSE_HAL_DRIVER -DSTM32F103xB -c -I../../Core/Inc -I../../Drivers/STM32F1xx_HAL_Driver/Inc -I../../Drivers/STM32F1xx_HAL_Driver/Inc/Legacy -I../../Middlewares/Third_Party/FreeRTOS/Source/include -I../../Middlewares/Third_Party/FreeRTOS/Source/CMSIS_RTOS_V2 -I../../Middlewares/Third_Party/FreeRTOS/Source/portable/GCC/ARM_CM3 -I../../Drivers/CMSIS/Device/ST/STM32F1xx/Include -I../../Drivers/CMSIS/Include -O0 -ffunction-sections -fdata-sections -Wall -fstack-usage -fcyclomatic-complexity -MMD -MP -MF"Application/User/Core/sysmem.d" -MT"Application/User/Core/sysmem.o" --specs=nano.specs -mfloat-abi=soft -mthumb -o "Application/User/Core/sysmem.o"
arm-none-eabi-gcc "D:/data-2026/lap_top/GHEP-MITSU_BACKUP/stm32_vl53l1x/STM32F103C8T6_VL53/Core/Src/usart.c" -mcpu=cortex-m3 -std=gnu11 -g3 -DDEBUG -DUSE_HAL_DRIVER -DSTM32F103xB -c -I../../Core/Inc -I../../Drivers/STM32F1xx_HAL_Driver/Inc -I../../Drivers/STM32F1xx_HAL_Driver/Inc/Legacy -I../../Middlewares/Third_Party/FreeRTOS/Source/include -I../../Middlewares/Third_Party/FreeRTOS/Source/CMSIS_RTOS_V2 -I../../Middlewares/Third_Party/FreeRTOS/Source/portable/GCC/ARM_CM3 -I../../Drivers/CMSIS/Device/ST/STM32F1xx/Include -I../../Drivers/CMSIS/Include -O0 -ffunction-sections -fdata-sections -Wall -fstack-usage -fcyclomatic-complexity -MMD -MP -MF"Application/User/Core/usart.d" -MT"Application/User/Core/usart.o" --specs=nano.specs -mfloat-abi=soft -mthumb -o "Application/User/Core/usart.o"
arm-none-eabi-gcc "D:/data-2026/lap_top/GHEP-MITSU_BACKUP/stm32_vl53l1x/STM32F103C8T6_VL53/Core/Src/vl53l1_platform.c" -mcpu=cortex-m3 -std=gnu11 -g3 -DDEBUG -DUSE_HAL_DRIVER -DSTM32F103xB -c -I../../Core/Inc -I../../Drivers/STM32F1xx_HAL_Driver/Inc -I../../Drivers/STM32F1xx_HAL_Driver/Inc/Legacy -I../../Middlewares/Third_Party/FreeRTOS/Source/include -I../../Middlewares/Third_Party/FreeRTOS/Source/CMSIS_RTOS_V2 -I../../Middlewares/Third_Party/FreeRTOS/Source/portable/GCC/ARM_CM3 -I../../Drivers/CMSIS/Device/ST/STM32F1xx/Include -I../../Drivers/CMSIS/Include -O0 -ffunction-sections -fdata-sections -Wall -fstack-usage -fcyclomatic-complexity -MMD -MP -MF"Application/User/Core/vl53l1_platform.d" -MT"Application/User/Core/vl53l1_platform.o" --specs=nano.specs -mfloat-abi=soft -mthumb -o "Application/User/Core/vl53l1_platform.o"
arm-none-eabi-gcc -o "STM32F103C8T6_VL53.elf" @"objects.list"   -mcpu=cortex-m3 -T"D:\data-2026\lap_top\GHEP-MITSU_BACKUP\stm32_vl53l1x\STM32F103C8T6_VL53\STM32CubeIDE\STM32F103C8TX_FLASH.ld" --specs=nosys.specs -Wl,-Map="STM32F103C8T6_VL53.map" -Wl,--gc-sections -static --specs=nano.specs -mfloat-abi=soft -mthumb -Wl,--start-group -lc -lm -Wl,--end-group
Finished building target: STM32F103C8T6_VL53.elf
 
arm-none-eabi-size  STM32F103C8T6_VL53.elf 
arm-none-eabi-objdump -h -S STM32F103C8T6_VL53.elf  > "STM32F103C8T6_VL53.list"
   text	   data	    bss	    dec	    hex	filename
  55180	    172	  16808	  72160	  119e0	STM32F103C8T6_VL53.elf
Finished building: default.size.stdout
 
Finished building: STM32F103C8T6_VL53.list
 
20:09:54 **** Incremental Build of configuration Debug for project STM32F103C8T6_VL53 ****
make -j4 all 
arm-none-eabi-gcc "D:/data-2026/lap_top/GHEP-MITSU_BACKUP/stm32_vl53l1x/STM32F103C8T6_VL53/Core/Src/VL53L.c" -mcpu=cortex-m3 -std=gnu11 -g3 -DDEBUG -DUSE_HAL_DRIVER -DSTM32F103xB -c -I../../Core/Inc -I../../Drivers/STM32F1xx_HAL_Driver/Inc -I../../Drivers/STM32F1xx_HAL_Driver/Inc/Legacy -I../../Middlewares/Third_Party/FreeRTOS/Source/include -I../../Middlewares/Third_Party/FreeRTOS/Source/CMSIS_RTOS_V2 -I../../Middlewares/Third_Party/FreeRTOS/Source/portable/GCC/ARM_CM3 -I../../Drivers/CMSIS/Device/ST/STM32F1xx/Include -I../../Drivers/CMSIS/Include -O0 -ffunction-sections -fdata-sections -Wall -fstack-usage -fcyclomatic-complexity -MMD -MP -MF"Application/User/Core/VL53L.d" -MT"Application/User/Core/VL53L.o" --specs=nano.specs -mfloat-abi=soft -mthumb -o "Application/User/Core/VL53L.o"
arm-none-eabi-gcc "D:/data-2026/lap_top/GHEP-MITSU_BACKUP/stm32_vl53l1x/STM32F103C8T6_VL53/Core/Src/can_vl53.c" -mcpu=cortex-m3 -std=gnu11 -g3 -DDEBUG -DUSE_HAL_DRIVER -DSTM32F103xB -c -I../../Core/Inc -I../../Drivers/STM32F1xx_HAL_Driver/Inc -I../../Drivers/STM32F1xx_HAL_Driver/Inc/Legacy -I../../Middlewares/Third_Party/FreeRTOS/Source/include -I../../Middlewares/Third_Party/FreeRTOS/Source/CMSIS_RTOS_V2 -I../../Middlewares/Third_Party/FreeRTOS/Source/portable/GCC/ARM_CM3 -I../../Drivers/CMSIS/Device/ST/STM32F1xx/Include -I../../Drivers/CMSIS/Include -O0 -ffunction-sections -fdata-sections -Wall -fstack-usage -fcyclomatic-complexity -MMD -MP -MF"Application/User/Core/can_vl53.d" -MT"Application/User/Core/can_vl53.o" --specs=nano.specs -mfloat-abi=soft -mthumb -o "Application/User/Core/can_vl53.o"
arm-none-eabi-gcc "D:/data-2026/lap_top/GHEP-MITSU_BACKUP/stm32_vl53l1x/STM32F103C8T6_VL53/Core/Src/freertos.c" -mcpu=cortex-m3 -std=gnu11 -g3 -DDEBUG -DUSE_HAL_DRIVER -DSTM32F103xB -c -I../../Core/Inc -I../../Drivers/STM32F1xx_HAL_Driver/Inc -I../../Drivers/STM32F1xx_HAL_Driver/Inc/Legacy -I../../Middlewares/Third_Party/FreeRTOS/Source/include -I../../Middlewares/Third_Party/FreeRTOS/Source/CMSIS_RTOS_V2 -I../../Middlewares/Third_Party/FreeRTOS/Source/portable/GCC/ARM_CM3 -I../../Drivers/CMSIS/Device/ST/STM32F1xx/Include -I../../Drivers/CMSIS/Include -O0 -ffunction-sections -fdata-sections -Wall -fstack-usage -fcyclomatic-complexity -MMD -MP -MF"Application/User/Core/freertos.d" -MT"Application/User/Core/freertos.o" --specs=nano.specs -mfloat-abi=soft -mthumb -o "Application/User/Core/freertos.o"
arm-none-eabi-gcc "D:/data-2026/lap_top/GHEP-MITSU_BACKUP/stm32_vl53l1x/STM32F103C8T6_VL53/Core/Src/oled_ssd1306.c" -mcpu=cortex-m3 -std=gnu11 -g3 -DDEBUG -DUSE_HAL_DRIVER -DSTM32F103xB -c -I../../Core/Inc -I../../Drivers/STM32F1xx_HAL_Driver/Inc -I../../Drivers/STM32F1xx_HAL_Driver/Inc/Legacy -I../../Middlewares/Third_Party/FreeRTOS/Source/include -I../../Middlewares/Third_Party/FreeRTOS/Source/CMSIS_RTOS_V2 -I../../Middlewares/Third_Party/FreeRTOS/Source/portable/GCC/ARM_CM3 -I../../Drivers/CMSIS/Device/ST/STM32F1xx/Include -I../../Drivers/CMSIS/Include -O0 -ffunction-sections -fdata-sections -Wall -fstack-usage -fcyclomatic-complexity -MMD -MP -MF"Application/User/Core/oled_ssd1306.d" -MT"Application/User/Core/oled_ssd1306.o" --specs=nano.specs -mfloat-abi=soft -mthumb -o "Application/User/Core/oled_ssd1306.o"
arm-none-eabi-gcc "D:/data-2026/lap_top/GHEP-MITSU_BACKUP/stm32_vl53l1x/STM32F103C8T6_VL53/Core/Src/plc_mitsu.c" -mcpu=cortex-m3 -std=gnu11 -g3 -DDEBUG -DUSE_HAL_DRIVER -DSTM32F103xB -c -I../../Core/Inc -I../../Drivers/STM32F1xx_HAL_Driver/Inc -I../../Drivers/STM32F1xx_HAL_Driver/Inc/Legacy -I../../Middlewares/Third_Party/FreeRTOS/Source/include -I../../Middlewares/Third_Party/FreeRTOS/Source/CMSIS_RTOS_V2 -I../../Middlewares/Third_Party/FreeRTOS/Source/portable/GCC/ARM_CM3 -I../../Drivers/CMSIS/Device/ST/STM32F1xx/Include -I../../Drivers/CMSIS/Include -O0 -ffunction-sections -fdata-sections -Wall -fstack-usage -fcyclomatic-complexity -MMD -MP -MF"Application/User/Core/plc_mitsu.d" -MT"Application/User/Core/plc_mitsu.o" --specs=nano.specs -mfloat-abi=soft -mthumb -o "Application/User/Core/plc_mitsu.o"
arm-none-eabi-gcc -o "STM32F103C8T6_VL53.elf" @"objects.list"   -mcpu=cortex-m3 -T"D:\data-2026\lap_top\GHEP-MITSU_BACKUP\stm32_vl53l1x\STM32F103C8T6_VL53\STM32CubeIDE\STM32F103C8TX_FLASH.ld" --specs=nosys.specs -Wl,-Map="STM32F103C8T6_VL53.map" -Wl,--gc-sections -static --specs=nano.specs -mfloat-abi=soft -mthumb -Wl,--start-group -lc -lm -Wl,--end-group
Finished building target: STM32F103C8T6_VL53.elf
 
arm-none-eabi-size  STM32F103C8T6_VL53.elf 
arm-none-eabi-objdump -h -S STM32F103C8T6_VL53.elf  > "STM32F103C8T6_VL53.list"
   text	   data	    bss	    dec	    hex	filename
  55080	    176	  16832	  72088	  11998	STM32F103C8T6_VL53.elf
Finished building: default.size.stdout
 
Finished building: STM32F103C8T6_VL53.list
 
20:19:14 **** Incremental Build of configuration Debug for project STM32F103C8T6_VL53 ****
make -j4 all 
arm-none-eabi-gcc "D:/data-2026/lap_top/GHEP-MITSU_BACKUP/stm32_vl53l1x/STM32F103C8T6_VL53/Core/Src/VL53L.c" -mcpu=cortex-m3 -std=gnu11 -g3 -DDEBUG -DUSE_HAL_DRIVER -DSTM32F103xB -c -I../../Core/Inc -I../../Drivers/STM32F1xx_HAL_Driver/Inc -I../../Drivers/STM32F1xx_HAL_Driver/Inc/Legacy -I../../Middlewares/Third_Party/FreeRTOS/Source/include -I../../Middlewares/Third_Party/FreeRTOS/Source/CMSIS_RTOS_V2 -I../../Middlewares/Third_Party/FreeRTOS/Source/portable/GCC/ARM_CM3 -I../../Drivers/CMSIS/Device/ST/STM32F1xx/Include -I../../Drivers/CMSIS/Include -O0 -ffunction-sections -fdata-sections -Wall -fstack-usage -fcyclomatic-complexity -MMD -MP -MF"Application/User/Core/VL53L.d" -MT"Application/User/Core/VL53L.o" --specs=nano.specs -mfloat-abi=soft -mthumb -o "Application/User/Core/VL53L.o"
arm-none-eabi-gcc "D:/data-2026/lap_top/GHEP-MITSU_BACKUP/stm32_vl53l1x/STM32F103C8T6_VL53/Core/Src/can_vl53.c" -mcpu=cortex-m3 -std=gnu11 -g3 -DDEBUG -DUSE_HAL_DRIVER -DSTM32F103xB -c -I../../Core/Inc -I../../Drivers/STM32F1xx_HAL_Driver/Inc -I../../Drivers/STM32F1xx_HAL_Driver/Inc/Legacy -I../../Middlewares/Third_Party/FreeRTOS/Source/include -I../../Middlewares/Third_Party/FreeRTOS/Source/CMSIS_RTOS_V2 -I../../Middlewares/Third_Party/FreeRTOS/Source/portable/GCC/ARM_CM3 -I../../Drivers/CMSIS/Device/ST/STM32F1xx/Include -I../../Drivers/CMSIS/Include -O0 -ffunction-sections -fdata-sections -Wall -fstack-usage -fcyclomatic-complexity -MMD -MP -MF"Application/User/Core/can_vl53.d" -MT"Application/User/Core/can_vl53.o" --specs=nano.specs -mfloat-abi=soft -mthumb -o "Application/User/Core/can_vl53.o"
arm-none-eabi-gcc "D:/data-2026/lap_top/GHEP-MITSU_BACKUP/stm32_vl53l1x/STM32F103C8T6_VL53/Core/Src/freertos.c" -mcpu=cortex-m3 -std=gnu11 -g3 -DDEBUG -DUSE_HAL_DRIVER -DSTM32F103xB -c -I../../Core/Inc -I../../Drivers/STM32F1xx_HAL_Driver/Inc -I../../Drivers/STM32F1xx_HAL_Driver/Inc/Legacy -I../../Middlewares/Third_Party/FreeRTOS/Source/include -I../../Middlewares/Third_Party/FreeRTOS/Source/CMSIS_RTOS_V2 -I../../Middlewares/Third_Party/FreeRTOS/Source/portable/GCC/ARM_CM3 -I../../Drivers/CMSIS/Device/ST/STM32F1xx/Include -I../../Drivers/CMSIS/Include -O0 -ffunction-sections -fdata-sections -Wall -fstack-usage -fcyclomatic-complexity -MMD -MP -MF"Application/User/Core/freertos.d" -MT"Application/User/Core/freertos.o" --specs=nano.specs -mfloat-abi=soft -mthumb -o "Application/User/Core/freertos.o"
arm-none-eabi-gcc "D:/data-2026/lap_top/GHEP-MITSU_BACKUP/stm32_vl53l1x/STM32F103C8T6_VL53/Core/Src/oled_ssd1306.c" -mcpu=cortex-m3 -std=gnu11 -g3 -DDEBUG -DUSE_HAL_DRIVER -DSTM32F103xB -c -I../../Core/Inc -I../../Drivers/STM32F1xx_HAL_Driver/Inc -I../../Drivers/STM32F1xx_HAL_Driver/Inc/Legacy -I../../Middlewares/Third_Party/FreeRTOS/Source/include -I../../Middlewares/Third_Party/FreeRTOS/Source/CMSIS_RTOS_V2 -I../../Middlewares/Third_Party/FreeRTOS/Source/portable/GCC/ARM_CM3 -I../../Drivers/CMSIS/Device/ST/STM32F1xx/Include -I../../Drivers/CMSIS/Include -O0 -ffunction-sections -fdata-sections -Wall -fstack-usage -fcyclomatic-complexity -MMD -MP -MF"Application/User/Core/oled_ssd1306.d" -MT"Application/User/Core/oled_ssd1306.o" --specs=nano.specs -mfloat-abi=soft -mthumb -o "Application/User/Core/oled_ssd1306.o"
arm-none-eabi-gcc "D:/data-2026/lap_top/GHEP-MITSU_BACKUP/stm32_vl53l1x/STM32F103C8T6_VL53/Core/Src/plc_mitsu.c" -mcpu=cortex-m3 -std=gnu11 -g3 -DDEBUG -DUSE_HAL_DRIVER -DSTM32F103xB -c -I../../Core/Inc -I../../Drivers/STM32F1xx_HAL_Driver/Inc -I../../Drivers/STM32F1xx_HAL_Driver/Inc/Legacy -I../../Middlewares/Third_Party/FreeRTOS/Source/include -I../../Middlewares/Third_Party/FreeRTOS/Source/CMSIS_RTOS_V2 -I../../Middlewares/Third_Party/FreeRTOS/Source/portable/GCC/ARM_CM3 -I../../Drivers/CMSIS/Device/ST/STM32F1xx/Include -I../../Drivers/CMSIS/Include -O0 -ffunction-sections -fdata-sections -Wall -fstack-usage -fcyclomatic-complexity -MMD -MP -MF"Application/User/Core/plc_mitsu.d" -MT"Application/User/Core/plc_mitsu.o" --specs=nano.specs -mfloat-abi=soft -mthumb -o "Application/User/Core/plc_mitsu.o"
arm-none-eabi-gcc -o "STM32F103C8T6_VL53.elf" @"objects.list"   -mcpu=cortex-m3 -T"D:\data-2026\lap_top\GHEP-MITSU_BACKUP\stm32_vl53l1x\STM32F103C8T6_VL53\STM32CubeIDE\STM32F103C8TX_FLASH.ld" --specs=nosys.specs -Wl,-Map="STM32F103C8T6_VL53.map" -Wl,--gc-sections -static --specs=nano.specs -mfloat-abi=soft -mthumb -Wl,--start-group -lc -lm -Wl,--end-group
Finished building target: STM32F103C8T6_VL53.elf
 
arm-none-eabi-size  STM32F103C8T6_VL53.elf 
arm-none-eabi-objdump -h -S STM32F103C8T6_VL53.elf  > "STM32F103C8T6_VL53.list"
   text	   data	    bss	    dec	    hex	filename
  54124	    176	  16832	  71132	  115dc	STM32F103C8T6_VL53.elf
Finished building: default.size.stdout
 
Finished building: STM32F103C8T6_VL53.list
 
20:24:25 **** Incremental Build of configuration Debug for project STM32F103C8T6_VL53 ****
make -j4 all 
arm-none-eabi-gcc "D:/data-2026/lap_top/GHEP-MITSU_BACKUP/stm32_vl53l1x/STM32F103C8T6_VL53/Core/Src/VL53L.c" -mcpu=cortex-m3 -std=gnu11 -g3 -DDEBUG -DUSE_HAL_DRIVER -DSTM32F103xB -c -I../../Core/Inc -I../../Drivers/STM32F1xx_HAL_Driver/Inc -I../../Drivers/STM32F1xx_HAL_Driver/Inc/Legacy -I../../Middlewares/Third_Party/FreeRTOS/Source/include -I../../Middlewares/Third_Party/FreeRTOS/Source/CMSIS_RTOS_V2 -I../../Middlewares/Third_Party/FreeRTOS/Source/portable/GCC/ARM_CM3 -I../../Drivers/CMSIS/Device/ST/STM32F1xx/Include -I../../Drivers/CMSIS/Include -O0 -ffunction-sections -fdata-sections -Wall -fstack-usage -fcyclomatic-complexity -MMD -MP -MF"Application/User/Core/VL53L.d" -MT"Application/User/Core/VL53L.o" --specs=nano.specs -mfloat-abi=soft -mthumb -o "Application/User/Core/VL53L.o"
arm-none-eabi-gcc "D:/data-2026/lap_top/GHEP-MITSU_BACKUP/stm32_vl53l1x/STM32F103C8T6_VL53/Core/Src/can_vl53.c" -mcpu=cortex-m3 -std=gnu11 -g3 -DDEBUG -DUSE_HAL_DRIVER -DSTM32F103xB -c -I../../Core/Inc -I../../Drivers/STM32F1xx_HAL_Driver/Inc -I../../Drivers/STM32F1xx_HAL_Driver/Inc/Legacy -I../../Middlewares/Third_Party/FreeRTOS/Source/include -I../../Middlewares/Third_Party/FreeRTOS/Source/CMSIS_RTOS_V2 -I../../Middlewares/Third_Party/FreeRTOS/Source/portable/GCC/ARM_CM3 -I../../Drivers/CMSIS/Device/ST/STM32F1xx/Include -I../../Drivers/CMSIS/Include -O0 -ffunction-sections -fdata-sections -Wall -fstack-usage -fcyclomatic-complexity -MMD -MP -MF"Application/User/Core/can_vl53.d" -MT"Application/User/Core/can_vl53.o" --specs=nano.specs -mfloat-abi=soft -mthumb -o "Application/User/Core/can_vl53.o"
arm-none-eabi-gcc "D:/data-2026/lap_top/GHEP-MITSU_BACKUP/stm32_vl53l1x/STM32F103C8T6_VL53/Core/Src/freertos.c" -mcpu=cortex-m3 -std=gnu11 -g3 -DDEBUG -DUSE_HAL_DRIVER -DSTM32F103xB -c -I../../Core/Inc -I../../Drivers/STM32F1xx_HAL_Driver/Inc -I../../Drivers/STM32F1xx_HAL_Driver/Inc/Legacy -I../../Middlewares/Third_Party/FreeRTOS/Source/include -I../../Middlewares/Third_Party/FreeRTOS/Source/CMSIS_RTOS_V2 -I../../Middlewares/Third_Party/FreeRTOS/Source/portable/GCC/ARM_CM3 -I../../Drivers/CMSIS/Device/ST/STM32F1xx/Include -I../../Drivers/CMSIS/Include -O0 -ffunction-sections -fdata-sections -Wall -fstack-usage -fcyclomatic-complexity -MMD -MP -MF"Application/User/Core/freertos.d" -MT"Application/User/Core/freertos.o" --specs=nano.specs -mfloat-abi=soft -mthumb -o "Application/User/Core/freertos.o"
arm-none-eabi-gcc "D:/data-2026/lap_top/GHEP-MITSU_BACKUP/stm32_vl53l1x/STM32F103C8T6_VL53/Core/Src/oled_ssd1306.c" -mcpu=cortex-m3 -std=gnu11 -g3 -DDEBUG -DUSE_HAL_DRIVER -DSTM32F103xB -c -I../../Core/Inc -I../../Drivers/STM32F1xx_HAL_Driver/Inc -I../../Drivers/STM32F1xx_HAL_Driver/Inc/Legacy -I../../Middlewares/Third_Party/FreeRTOS/Source/include -I../../Middlewares/Third_Party/FreeRTOS/Source/CMSIS_RTOS_V2 -I../../Middlewares/Third_Party/FreeRTOS/Source/portable/GCC/ARM_CM3 -I../../Drivers/CMSIS/Device/ST/STM32F1xx/Include -I../../Drivers/CMSIS/Include -O0 -ffunction-sections -fdata-sections -Wall -fstack-usage -fcyclomatic-complexity -MMD -MP -MF"Application/User/Core/oled_ssd1306.d" -MT"Application/User/Core/oled_ssd1306.o" --specs=nano.specs -mfloat-abi=soft -mthumb -o "Application/User/Core/oled_ssd1306.o"
arm-none-eabi-gcc "D:/data-2026/lap_top/GHEP-MITSU_BACKUP/stm32_vl53l1x/STM32F103C8T6_VL53/Core/Src/plc_mitsu.c" -mcpu=cortex-m3 -std=gnu11 -g3 -DDEBUG -DUSE_HAL_DRIVER -DSTM32F103xB -c -I../../Core/Inc -I../../Drivers/STM32F1xx_HAL_Driver/Inc -I../../Drivers/STM32F1xx_HAL_Driver/Inc/Legacy -I../../Middlewares/Third_Party/FreeRTOS/Source/include -I../../Middlewares/Third_Party/FreeRTOS/Source/CMSIS_RTOS_V2 -I../../Middlewares/Third_Party/FreeRTOS/Source/portable/GCC/ARM_CM3 -I../../Drivers/CMSIS/Device/ST/STM32F1xx/Include -I../../Drivers/CMSIS/Include -O0 -ffunction-sections -fdata-sections -Wall -fstack-usage -fcyclomatic-complexity -MMD -MP -MF"Application/User/Core/plc_mitsu.d" -MT"Application/User/Core/plc_mitsu.o" --specs=nano.specs -mfloat-abi=soft -mthumb -o "Application/User/Core/plc_mitsu.o"
arm-none-eabi-gcc -o "STM32F103C8T6_VL53.elf" @"objects.list"   -mcpu=cortex-m3 -T"D:\data-2026\lap_top\GHEP-MITSU_BACKUP\stm32_vl53l1x\STM32F103C8T6_VL53\STM32CubeIDE\STM32F103C8TX_FLASH.ld" --specs=nosys.specs -Wl,-Map="STM32F103C8T6_VL53.map" -Wl,--gc-sections -static --specs=nano.specs -mfloat-abi=soft -mthumb -Wl,--start-group -lc -lm -Wl,--end-group
Finished building target: STM32F103C8T6_VL53.elf
 
arm-none-eabi-size  STM32F103C8T6_VL53.elf 
arm-none-eabi-objdump -h -S STM32F103C8T6_VL53.elf  > "STM32F103C8T6_VL53.list"
   text	   data	    bss	    dec	    hex	filename
  54140	    176	  16832	  71148	  115ec	STM32F103C8T6_VL53.elf
Finished building: default.size.stdout
 
Finished building: STM32F103C8T6_VL53.list
 
20:29:40 **** Incremental Build of configuration Debug for project STM32F103C8T6_VL53 ****
make -j4 all 
arm-none-eabi-gcc "D:/data-2026/lap_top/GHEP-MITSU_BACKUP/stm32_vl53l1x/STM32F103C8T6_VL53/Core/Src/VL53L.c" -mcpu=cortex-m3 -std=gnu11 -g3 -DDEBUG -DUSE_HAL_DRIVER -DSTM32F103xB -c -I../../Core/Inc -I../../Drivers/STM32F1xx_HAL_Driver/Inc -I../../Drivers/STM32F1xx_HAL_Driver/Inc/Legacy -I../../Middlewares/Third_Party/FreeRTOS/Source/include -I../../Middlewares/Third_Party/FreeRTOS/Source/CMSIS_RTOS_V2 -I../../Middlewares/Third_Party/FreeRTOS/Source/portable/GCC/ARM_CM3 -I../../Drivers/CMSIS/Device/ST/STM32F1xx/Include -I../../Drivers/CMSIS/Include -O0 -ffunction-sections -fdata-sections -Wall -fstack-usage -fcyclomatic-complexity -MMD -MP -MF"Application/User/Core/VL53L.d" -MT"Application/User/Core/VL53L.o" --specs=nano.specs -mfloat-abi=soft -mthumb -o "Application/User/Core/VL53L.o"
arm-none-eabi-gcc "D:/data-2026/lap_top/GHEP-MITSU_BACKUP/stm32_vl53l1x/STM32F103C8T6_VL53/Core/Src/can_vl53.c" -mcpu=cortex-m3 -std=gnu11 -g3 -DDEBUG -DUSE_HAL_DRIVER -DSTM32F103xB -c -I../../Core/Inc -I../../Drivers/STM32F1xx_HAL_Driver/Inc -I../../Drivers/STM32F1xx_HAL_Driver/Inc/Legacy -I../../Middlewares/Third_Party/FreeRTOS/Source/include -I../../Middlewares/Third_Party/FreeRTOS/Source/CMSIS_RTOS_V2 -I../../Middlewares/Third_Party/FreeRTOS/Source/portable/GCC/ARM_CM3 -I../../Drivers/CMSIS/Device/ST/STM32F1xx/Include -I../../Drivers/CMSIS/Include -O0 -ffunction-sections -fdata-sections -Wall -fstack-usage -fcyclomatic-complexity -MMD -MP -MF"Application/User/Core/can_vl53.d" -MT"Application/User/Core/can_vl53.o" --specs=nano.specs -mfloat-abi=soft -mthumb -o "Application/User/Core/can_vl53.o"
arm-none-eabi-gcc "D:/data-2026/lap_top/GHEP-MITSU_BACKUP/stm32_vl53l1x/STM32F103C8T6_VL53/Core/Src/freertos.c" -mcpu=cortex-m3 -std=gnu11 -g3 -DDEBUG -DUSE_HAL_DRIVER -DSTM32F103xB -c -I../../Core/Inc -I../../Drivers/STM32F1xx_HAL_Driver/Inc -I../../Drivers/STM32F1xx_HAL_Driver/Inc/Legacy -I../../Middlewares/Third_Party/FreeRTOS/Source/include -I../../Middlewares/Third_Party/FreeRTOS/Source/CMSIS_RTOS_V2 -I../../Middlewares/Third_Party/FreeRTOS/Source/portable/GCC/ARM_CM3 -I../../Drivers/CMSIS/Device/ST/STM32F1xx/Include -I../../Drivers/CMSIS/Include -O0 -ffunction-sections -fdata-sections -Wall -fstack-usage -fcyclomatic-complexity -MMD -MP -MF"Application/User/Core/freertos.d" -MT"Application/User/Core/freertos.o" --specs=nano.specs -mfloat-abi=soft -mthumb -o "Application/User/Core/freertos.o"
arm-none-eabi-gcc "D:/data-2026/lap_top/GHEP-MITSU_BACKUP/stm32_vl53l1x/STM32F103C8T6_VL53/Core/Src/oled_ssd1306.c" -mcpu=cortex-m3 -std=gnu11 -g3 -DDEBUG -DUSE_HAL_DRIVER -DSTM32F103xB -c -I../../Core/Inc -I../../Drivers/STM32F1xx_HAL_Driver/Inc -I../../Drivers/STM32F1xx_HAL_Driver/Inc/Legacy -I../../Middlewares/Third_Party/FreeRTOS/Source/include -I../../Middlewares/Third_Party/FreeRTOS/Source/CMSIS_RTOS_V2 -I../../Middlewares/Third_Party/FreeRTOS/Source/portable/GCC/ARM_CM3 -I../../Drivers/CMSIS/Device/ST/STM32F1xx/Include -I../../Drivers/CMSIS/Include -O0 -ffunction-sections -fdata-sections -Wall -fstack-usage -fcyclomatic-complexity -MMD -MP -MF"Application/User/Core/oled_ssd1306.d" -MT"Application/User/Core/oled_ssd1306.o" --specs=nano.specs -mfloat-abi=soft -mthumb -o "Application/User/Core/oled_ssd1306.o"
arm-none-eabi-gcc "D:/data-2026/lap_top/GHEP-MITSU_BACKUP/stm32_vl53l1x/STM32F103C8T6_VL53/Core/Src/plc_mitsu.c" -mcpu=cortex-m3 -std=gnu11 -g3 -DDEBUG -DUSE_HAL_DRIVER -DSTM32F103xB -c -I../../Core/Inc -I../../Drivers/STM32F1xx_HAL_Driver/Inc -I../../Drivers/STM32F1xx_HAL_Driver/Inc/Legacy -I../../Middlewares/Third_Party/FreeRTOS/Source/include -I../../Middlewares/Third_Party/FreeRTOS/Source/CMSIS_RTOS_V2 -I../../Middlewares/Third_Party/FreeRTOS/Source/portable/GCC/ARM_CM3 -I../../Drivers/CMSIS/Device/ST/STM32F1xx/Include -I../../Drivers/CMSIS/Include -O0 -ffunction-sections -fdata-sections -Wall -fstack-usage -fcyclomatic-complexity -MMD -MP -MF"Application/User/Core/plc_mitsu.d" -MT"Application/User/Core/plc_mitsu.o" --specs=nano.specs -mfloat-abi=soft -mthumb -o "Application/User/Core/plc_mitsu.o"
arm-none-eabi-gcc -o "STM32F103C8T6_VL53.elf" @"objects.list"   -mcpu=cortex-m3 -T"D:\data-2026\lap_top\GHEP-MITSU_BACKUP\stm32_vl53l1x\STM32F103C8T6_VL53\STM32CubeIDE\STM32F103C8TX_FLASH.ld" --specs=nosys.specs -Wl,-Map="STM32F103C8T6_VL53.map" -Wl,--gc-sections -static --specs=nano.specs -mfloat-abi=soft -mthumb -Wl,--start-group -lc -lm -Wl,--end-group
Finished building target: STM32F103C8T6_VL53.elf
 
arm-none-eabi-size  STM32F103C8T6_VL53.elf 
arm-none-eabi-objdump -h -S STM32F103C8T6_VL53.elf  > "STM32F103C8T6_VL53.list"
   text	   data	    bss	    dec	    hex	filename
  55112	    176	  16832	  72120	  119b8	STM32F103C8T6_VL53.elf
Finished building: default.size.stdout
 
Finished building: STM32F103C8T6_VL53.list
 
20:40:23 **** Incremental Build of configuration Debug for project STM32F103C8T6_VL53 ****
make -j4 all 
arm-none-eabi-gcc "D:/data-2026/lap_top/GHEP-MITSU_BACKUP/stm32_vl53l1x/STM32F103C8T6_VL53/Core/Src/VL53L.c" -mcpu=cortex-m3 -std=gnu11 -g3 -DDEBUG -DUSE_HAL_DRIVER -DSTM32F103xB -c -I../../Core/Inc -I../../Drivers/STM32F1xx_HAL_Driver/Inc -I../../Drivers/STM32F1xx_HAL_Driver/Inc/Legacy -I../../Middlewares/Third_Party/FreeRTOS/Source/include -I../../Middlewares/Third_Party/FreeRTOS/Source/CMSIS_RTOS_V2 -I../../Middlewares/Third_Party/FreeRTOS/Source/portable/GCC/ARM_CM3 -I../../Drivers/CMSIS/Device/ST/STM32F1xx/Include -I../../Drivers/CMSIS/Include -O0 -ffunction-sections -fdata-sections -Wall -fstack-usage -fcyclomatic-complexity -MMD -MP -MF"Application/User/Core/VL53L.d" -MT"Application/User/Core/VL53L.o" --specs=nano.specs -mfloat-abi=soft -mthumb -o "Application/User/Core/VL53L.o"
arm-none-eabi-gcc "D:/data-2026/lap_top/GHEP-MITSU_BACKUP/stm32_vl53l1x/STM32F103C8T6_VL53/Core/Src/can_vl53.c" -mcpu=cortex-m3 -std=gnu11 -g3 -DDEBUG -DUSE_HAL_DRIVER -DSTM32F103xB -c -I../../Core/Inc -I../../Drivers/STM32F1xx_HAL_Driver/Inc -I../../Drivers/STM32F1xx_HAL_Driver/Inc/Legacy -I../../Middlewares/Third_Party/FreeRTOS/Source/include -I../../Middlewares/Third_Party/FreeRTOS/Source/CMSIS_RTOS_V2 -I../../Middlewares/Third_Party/FreeRTOS/Source/portable/GCC/ARM_CM3 -I../../Drivers/CMSIS/Device/ST/STM32F1xx/Include -I../../Drivers/CMSIS/Include -O0 -ffunction-sections -fdata-sections -Wall -fstack-usage -fcyclomatic-complexity -MMD -MP -MF"Application/User/Core/can_vl53.d" -MT"Application/User/Core/can_vl53.o" --specs=nano.specs -mfloat-abi=soft -mthumb -o "Application/User/Core/can_vl53.o"
arm-none-eabi-gcc "D:/data-2026/lap_top/GHEP-MITSU_BACKUP/stm32_vl53l1x/STM32F103C8T6_VL53/Core/Src/freertos.c" -mcpu=cortex-m3 -std=gnu11 -g3 -DDEBUG -DUSE_HAL_DRIVER -DSTM32F103xB -c -I../../Core/Inc -I../../Drivers/STM32F1xx_HAL_Driver/Inc -I../../Drivers/STM32F1xx_HAL_Driver/Inc/Legacy -I../../Middlewares/Third_Party/FreeRTOS/Source/include -I../../Middlewares/Third_Party/FreeRTOS/Source/CMSIS_RTOS_V2 -I../../Middlewares/Third_Party/FreeRTOS/Source/portable/GCC/ARM_CM3 -I../../Drivers/CMSIS/Device/ST/STM32F1xx/Include -I../../Drivers/CMSIS/Include -O0 -ffunction-sections -fdata-sections -Wall -fstack-usage -fcyclomatic-complexity -MMD -MP -MF"Application/User/Core/freertos.d" -MT"Application/User/Core/freertos.o" --specs=nano.specs -mfloat-abi=soft -mthumb -o "Application/User/Core/freertos.o"
arm-none-eabi-gcc "D:/data-2026/lap_top/GHEP-MITSU_BACKUP/stm32_vl53l1x/STM32F103C8T6_VL53/Core/Src/oled_ssd1306.c" -mcpu=cortex-m3 -std=gnu11 -g3 -DDEBUG -DUSE_HAL_DRIVER -DSTM32F103xB -c -I../../Core/Inc -I../../Drivers/STM32F1xx_HAL_Driver/Inc -I../../Drivers/STM32F1xx_HAL_Driver/Inc/Legacy -I../../Middlewares/Third_Party/FreeRTOS/Source/include -I../../Middlewares/Third_Party/FreeRTOS/Source/CMSIS_RTOS_V2 -I../../Middlewares/Third_Party/FreeRTOS/Source/portable/GCC/ARM_CM3 -I../../Drivers/CMSIS/Device/ST/STM32F1xx/Include -I../../Drivers/CMSIS/Include -O0 -ffunction-sections -fdata-sections -Wall -fstack-usage -fcyclomatic-complexity -MMD -MP -MF"Application/User/Core/oled_ssd1306.d" -MT"Application/User/Core/oled_ssd1306.o" --specs=nano.specs -mfloat-abi=soft -mthumb -o "Application/User/Core/oled_ssd1306.o"
arm-none-eabi-gcc "D:/data-2026/lap_top/GHEP-MITSU_BACKUP/stm32_vl53l1x/STM32F103C8T6_VL53/Core/Src/plc_mitsu.c" -mcpu=cortex-m3 -std=gnu11 -g3 -DDEBUG -DUSE_HAL_DRIVER -DSTM32F103xB -c -I../../Core/Inc -I../../Drivers/STM32F1xx_HAL_Driver/Inc -I../../Drivers/STM32F1xx_HAL_Driver/Inc/Legacy -I../../Middlewares/Third_Party/FreeRTOS/Source/include -I../../Middlewares/Third_Party/FreeRTOS/Source/CMSIS_RTOS_V2 -I../../Middlewares/Third_Party/FreeRTOS/Source/portable/GCC/ARM_CM3 -I../../Drivers/CMSIS/Device/ST/STM32F1xx/Include -I../../Drivers/CMSIS/Include -O0 -ffunction-sections -fdata-sections -Wall -fstack-usage -fcyclomatic-complexity -MMD -MP -MF"Application/User/Core/plc_mitsu.d" -MT"Application/User/Core/plc_mitsu.o" --specs=nano.specs -mfloat-abi=soft -mthumb -o "Application/User/Core/plc_mitsu.o"
arm-none-eabi-gcc -o "STM32F103C8T6_VL53.elf" @"objects.list"   -mcpu=cortex-m3 -T"D:\data-2026\lap_top\GHEP-MITSU_BACKUP\stm32_vl53l1x\STM32F103C8T6_VL53\STM32CubeIDE\STM32F103C8TX_FLASH.ld" --specs=nosys.specs -Wl,-Map="STM32F103C8T6_VL53.map" -Wl,--gc-sections -static --specs=nano.specs -mfloat-abi=soft -mthumb -Wl,--start-group -lc -lm -Wl,--end-group
Finished building target: STM32F103C8T6_VL53.elf
 
arm-none-eabi-size  STM32F103C8T6_VL53.elf 
arm-none-eabi-objdump -h -S STM32F103C8T6_VL53.elf  > "STM32F103C8T6_VL53.list"
   text	   data	    bss	    dec	    hex	filename
  55160	    176	  16832	  72168	  119e8	STM32F103C8T6_VL53.elf
Finished building: default.size.stdout
 
Finished building: STM32F103C8T6_VL53.list
 
21:05:42 **** Incremental Build of configuration Debug for project STM32F103C8T6_VL53 ****
make -j4 all 
arm-none-eabi-gcc "D:/data-2026/lap_top/GHEP-MITSU_BACKUP/stm32_vl53l1x/STM32F103C8T6_VL53/Core/Src/VL53L.c" -mcpu=cortex-m3 -std=gnu11 -g3 -DDEBUG -DUSE_HAL_DRIVER -DSTM32F103xB -c -I../../Core/Inc -I../../Drivers/STM32F1xx_HAL_Driver/Inc -I../../Drivers/STM32F1xx_HAL_Driver/Inc/Legacy -I../../Middlewares/Third_Party/FreeRTOS/Source/include -I../../Middlewares/Third_Party/FreeRTOS/Source/CMSIS_RTOS_V2 -I../../Middlewares/Third_Party/FreeRTOS/Source/portable/GCC/ARM_CM3 -I../../Drivers/CMSIS/Device/ST/STM32F1xx/Include -I../../Drivers/CMSIS/Include -O0 -ffunction-sections -fdata-sections -Wall -fstack-usage -fcyclomatic-complexity -MMD -MP -MF"Application/User/Core/VL53L.d" -MT"Application/User/Core/VL53L.o" --specs=nano.specs -mfloat-abi=soft -mthumb -o "Application/User/Core/VL53L.o"
arm-none-eabi-gcc "D:/data-2026/lap_top/GHEP-MITSU_BACKUP/stm32_vl53l1x/STM32F103C8T6_VL53/Core/Src/can_vl53.c" -mcpu=cortex-m3 -std=gnu11 -g3 -DDEBUG -DUSE_HAL_DRIVER -DSTM32F103xB -c -I../../Core/Inc -I../../Drivers/STM32F1xx_HAL_Driver/Inc -I../../Drivers/STM32F1xx_HAL_Driver/Inc/Legacy -I../../Middlewares/Third_Party/FreeRTOS/Source/include -I../../Middlewares/Third_Party/FreeRTOS/Source/CMSIS_RTOS_V2 -I../../Middlewares/Third_Party/FreeRTOS/Source/portable/GCC/ARM_CM3 -I../../Drivers/CMSIS/Device/ST/STM32F1xx/Include -I../../Drivers/CMSIS/Include -O0 -ffunction-sections -fdata-sections -Wall -fstack-usage -fcyclomatic-complexity -MMD -MP -MF"Application/User/Core/can_vl53.d" -MT"Application/User/Core/can_vl53.o" --specs=nano.specs -mfloat-abi=soft -mthumb -o "Application/User/Core/can_vl53.o"
arm-none-eabi-gcc "D:/data-2026/lap_top/GHEP-MITSU_BACKUP/stm32_vl53l1x/STM32F103C8T6_VL53/Core/Src/freertos.c" -mcpu=cortex-m3 -std=gnu11 -g3 -DDEBUG -DUSE_HAL_DRIVER -DSTM32F103xB -c -I../../Core/Inc -I../../Drivers/STM32F1xx_HAL_Driver/Inc -I../../Drivers/STM32F1xx_HAL_Driver/Inc/Legacy -I../../Middlewares/Third_Party/FreeRTOS/Source/include -I../../Middlewares/Third_Party/FreeRTOS/Source/CMSIS_RTOS_V2 -I../../Middlewares/Third_Party/FreeRTOS/Source/portable/GCC/ARM_CM3 -I../../Drivers/CMSIS/Device/ST/STM32F1xx/Include -I../../Drivers/CMSIS/Include -O0 -ffunction-sections -fdata-sections -Wall -fstack-usage -fcyclomatic-complexity -MMD -MP -MF"Application/User/Core/freertos.d" -MT"Application/User/Core/freertos.o" --specs=nano.specs -mfloat-abi=soft -mthumb -o "Application/User/Core/freertos.o"
arm-none-eabi-gcc "D:/data-2026/lap_top/GHEP-MITSU_BACKUP/stm32_vl53l1x/STM32F103C8T6_VL53/Core/Src/oled_ssd1306.c" -mcpu=cortex-m3 -std=gnu11 -g3 -DDEBUG -DUSE_HAL_DRIVER -DSTM32F103xB -c -I../../Core/Inc -I../../Drivers/STM32F1xx_HAL_Driver/Inc -I../../Drivers/STM32F1xx_HAL_Driver/Inc/Legacy -I../../Middlewares/Third_Party/FreeRTOS/Source/include -I../../Middlewares/Third_Party/FreeRTOS/Source/CMSIS_RTOS_V2 -I../../Middlewares/Third_Party/FreeRTOS/Source/portable/GCC/ARM_CM3 -I../../Drivers/CMSIS/Device/ST/STM32F1xx/Include -I../../Drivers/CMSIS/Include -O0 -ffunction-sections -fdata-sections -Wall -fstack-usage -fcyclomatic-complexity -MMD -MP -MF"Application/User/Core/oled_ssd1306.d" -MT"Application/User/Core/oled_ssd1306.o" --specs=nano.specs -mfloat-abi=soft -mthumb -o "Application/User/Core/oled_ssd1306.o"
arm-none-eabi-gcc "D:/data-2026/lap_top/GHEP-MITSU_BACKUP/stm32_vl53l1x/STM32F103C8T6_VL53/Core/Src/plc_mitsu.c" -mcpu=cortex-m3 -std=gnu11 -g3 -DDEBUG -DUSE_HAL_DRIVER -DSTM32F103xB -c -I../../Core/Inc -I../../Drivers/STM32F1xx_HAL_Driver/Inc -I../../Drivers/STM32F1xx_HAL_Driver/Inc/Legacy -I../../Middlewares/Third_Party/FreeRTOS/Source/include -I../../Middlewares/Third_Party/FreeRTOS/Source/CMSIS_RTOS_V2 -I../../Middlewares/Third_Party/FreeRTOS/Source/portable/GCC/ARM_CM3 -I../../Drivers/CMSIS/Device/ST/STM32F1xx/Include -I../../Drivers/CMSIS/Include -O0 -ffunction-sections -fdata-sections -Wall -fstack-usage -fcyclomatic-complexity -MMD -MP -MF"Application/User/Core/plc_mitsu.d" -MT"Application/User/Core/plc_mitsu.o" --specs=nano.specs -mfloat-abi=soft -mthumb -o "Application/User/Core/plc_mitsu.o"
arm-none-eabi-gcc "D:/data-2026/lap_top/GHEP-MITSU_BACKUP/stm32_vl53l1x/STM32F103C8T6_VL53/Core/Src/vl53l1_platform.c" -mcpu=cortex-m3 -std=gnu11 -g3 -DDEBUG -DUSE_HAL_DRIVER -DSTM32F103xB -c -I../../Core/Inc -I../../Drivers/STM32F1xx_HAL_Driver/Inc -I../../Drivers/STM32F1xx_HAL_Driver/Inc/Legacy -I../../Middlewares/Third_Party/FreeRTOS/Source/include -I../../Middlewares/Third_Party/FreeRTOS/Source/CMSIS_RTOS_V2 -I../../Middlewares/Third_Party/FreeRTOS/Source/portable/GCC/ARM_CM3 -I../../Drivers/CMSIS/Device/ST/STM32F1xx/Include -I../../Drivers/CMSIS/Include -O0 -ffunction-sections -fdata-sections -Wall -fstack-usage -fcyclomatic-complexity -MMD -MP -MF"Application/User/Core/vl53l1_platform.d" -MT"Application/User/Core/vl53l1_platform.o" --specs=nano.specs -mfloat-abi=soft -mthumb -o "Application/User/Core/vl53l1_platform.o"
arm-none-eabi-gcc -o "STM32F103C8T6_VL53.elf" @"objects.list"   -mcpu=cortex-m3 -T"D:\data-2026\lap_top\GHEP-MITSU_BACKUP\stm32_vl53l1x\STM32F103C8T6_VL53\STM32CubeIDE\STM32F103C8TX_FLASH.ld" --specs=nosys.specs -Wl,-Map="STM32F103C8T6_VL53.map" -Wl,--gc-sections -static --specs=nano.specs -mfloat-abi=soft -mthumb -Wl,--start-group -lc -lm -Wl,--end-group
Finished building target: STM32F103C8T6_VL53.elf
 
arm-none-eabi-size  STM32F103C8T6_VL53.elf 
arm-none-eabi-objdump -h -S STM32F103C8T6_VL53.elf  > "STM32F103C8T6_VL53.list"
   text	   data	    bss	    dec	    hex	filename
  52780	    176	  16832	  69788	  1109c	STM32F103C8T6_VL53.elf
Finished building: default.size.stdout
 
Finished building: STM32F103C8T6_VL53.list
 
21:08:47 **** Incremental Build of configuration Debug for project STM32F103C8T6_VL53 ****
make -j4 all 
arm-none-eabi-gcc "D:/data-2026/lap_top/GHEP-MITSU_BACKUP/stm32_vl53l1x/STM32F103C8T6_VL53/Core/Src/VL53L.c" -mcpu=cortex-m3 -std=gnu11 -g3 -DDEBUG -DUSE_HAL_DRIVER -DSTM32F103xB -c -I../../Core/Inc -I../../Drivers/STM32F1xx_HAL_Driver/Inc -I../../Drivers/STM32F1xx_HAL_Driver/Inc/Legacy -I../../Middlewares/Third_Party/FreeRTOS/Source/include -I../../Middlewares/Third_Party/FreeRTOS/Source/CMSIS_RTOS_V2 -I../../Middlewares/Third_Party/FreeRTOS/Source/portable/GCC/ARM_CM3 -I../../Drivers/CMSIS/Device/ST/STM32F1xx/Include -I../../Drivers/CMSIS/Include -O0 -ffunction-sections -fdata-sections -Wall -fstack-usage -fcyclomatic-complexity -MMD -MP -MF"Application/User/Core/VL53L.d" -MT"Application/User/Core/VL53L.o" --specs=nano.specs -mfloat-abi=soft -mthumb -o "Application/User/Core/VL53L.o"
arm-none-eabi-gcc "D:/data-2026/lap_top/GHEP-MITSU_BACKUP/stm32_vl53l1x/STM32F103C8T6_VL53/Core/Src/can_vl53.c" -mcpu=cortex-m3 -std=gnu11 -g3 -DDEBUG -DUSE_HAL_DRIVER -DSTM32F103xB -c -I../../Core/Inc -I../../Drivers/STM32F1xx_HAL_Driver/Inc -I../../Drivers/STM32F1xx_HAL_Driver/Inc/Legacy -I../../Middlewares/Third_Party/FreeRTOS/Source/include -I../../Middlewares/Third_Party/FreeRTOS/Source/CMSIS_RTOS_V2 -I../../Middlewares/Third_Party/FreeRTOS/Source/portable/GCC/ARM_CM3 -I../../Drivers/CMSIS/Device/ST/STM32F1xx/Include -I../../Drivers/CMSIS/Include -O0 -ffunction-sections -fdata-sections -Wall -fstack-usage -fcyclomatic-complexity -MMD -MP -MF"Application/User/Core/can_vl53.d" -MT"Application/User/Core/can_vl53.o" --specs=nano.specs -mfloat-abi=soft -mthumb -o "Application/User/Core/can_vl53.o"
arm-none-eabi-gcc "D:/data-2026/lap_top/GHEP-MITSU_BACKUP/stm32_vl53l1x/STM32F103C8T6_VL53/Core/Src/freertos.c" -mcpu=cortex-m3 -std=gnu11 -g3 -DDEBUG -DUSE_HAL_DRIVER -DSTM32F103xB -c -I../../Core/Inc -I../../Drivers/STM32F1xx_HAL_Driver/Inc -I../../Drivers/STM32F1xx_HAL_Driver/Inc/Legacy -I../../Middlewares/Third_Party/FreeRTOS/Source/include -I../../Middlewares/Third_Party/FreeRTOS/Source/CMSIS_RTOS_V2 -I../../Middlewares/Third_Party/FreeRTOS/Source/portable/GCC/ARM_CM3 -I../../Drivers/CMSIS/Device/ST/STM32F1xx/Include -I../../Drivers/CMSIS/Include -O0 -ffunction-sections -fdata-sections -Wall -fstack-usage -fcyclomatic-complexity -MMD -MP -MF"Application/User/Core/freertos.d" -MT"Application/User/Core/freertos.o" --specs=nano.specs -mfloat-abi=soft -mthumb -o "Application/User/Core/freertos.o"
arm-none-eabi-gcc "D:/data-2026/lap_top/GHEP-MITSU_BACKUP/stm32_vl53l1x/STM32F103C8T6_VL53/Core/Src/oled_ssd1306.c" -mcpu=cortex-m3 -std=gnu11 -g3 -DDEBUG -DUSE_HAL_DRIVER -DSTM32F103xB -c -I../../Core/Inc -I../../Drivers/STM32F1xx_HAL_Driver/Inc -I../../Drivers/STM32F1xx_HAL_Driver/Inc/Legacy -I../../Middlewares/Third_Party/FreeRTOS/Source/include -I../../Middlewares/Third_Party/FreeRTOS/Source/CMSIS_RTOS_V2 -I../../Middlewares/Third_Party/FreeRTOS/Source/portable/GCC/ARM_CM3 -I../../Drivers/CMSIS/Device/ST/STM32F1xx/Include -I../../Drivers/CMSIS/Include -O0 -ffunction-sections -fdata-sections -Wall -fstack-usage -fcyclomatic-complexity -MMD -MP -MF"Application/User/Core/oled_ssd1306.d" -MT"Application/User/Core/oled_ssd1306.o" --specs=nano.specs -mfloat-abi=soft -mthumb -o "Application/User/Core/oled_ssd1306.o"
arm-none-eabi-gcc "D:/data-2026/lap_top/GHEP-MITSU_BACKUP/stm32_vl53l1x/STM32F103C8T6_VL53/Core/Src/plc_mitsu.c" -mcpu=cortex-m3 -std=gnu11 -g3 -DDEBUG -DUSE_HAL_DRIVER -DSTM32F103xB -c -I../../Core/Inc -I../../Drivers/STM32F1xx_HAL_Driver/Inc -I../../Drivers/STM32F1xx_HAL_Driver/Inc/Legacy -I../../Middlewares/Third_Party/FreeRTOS/Source/include -I../../Middlewares/Third_Party/FreeRTOS/Source/CMSIS_RTOS_V2 -I../../Middlewares/Third_Party/FreeRTOS/Source/portable/GCC/ARM_CM3 -I../../Drivers/CMSIS/Device/ST/STM32F1xx/Include -I../../Drivers/CMSIS/Include -O0 -ffunction-sections -fdata-sections -Wall -fstack-usage -fcyclomatic-complexity -MMD -MP -MF"Application/User/Core/plc_mitsu.d" -MT"Application/User/Core/plc_mitsu.o" --specs=nano.specs -mfloat-abi=soft -mthumb -o "Application/User/Core/plc_mitsu.o"
arm-none-eabi-gcc "D:/data-2026/lap_top/GHEP-MITSU_BACKUP/stm32_vl53l1x/STM32F103C8T6_VL53/Core/Src/vl53l1_platform.c" -mcpu=cortex-m3 -std=gnu11 -g3 -DDEBUG -DUSE_HAL_DRIVER -DSTM32F103xB -c -I../../Core/Inc -I../../Drivers/STM32F1xx_HAL_Driver/Inc -I../../Drivers/STM32F1xx_HAL_Driver/Inc/Legacy -I../../Middlewares/Third_Party/FreeRTOS/Source/include -I../../Middlewares/Third_Party/FreeRTOS/Source/CMSIS_RTOS_V2 -I../../Middlewares/Third_Party/FreeRTOS/Source/portable/GCC/ARM_CM3 -I../../Drivers/CMSIS/Device/ST/STM32F1xx/Include -I../../Drivers/CMSIS/Include -O0 -ffunction-sections -fdata-sections -Wall -fstack-usage -fcyclomatic-complexity -MMD -MP -MF"Application/User/Core/vl53l1_platform.d" -MT"Application/User/Core/vl53l1_platform.o" --specs=nano.specs -mfloat-abi=soft -mthumb -o "Application/User/Core/vl53l1_platform.o"
arm-none-eabi-gcc -o "STM32F103C8T6_VL53.elf" @"objects.list"   -mcpu=cortex-m3 -T"D:\data-2026\lap_top\GHEP-MITSU_BACKUP\stm32_vl53l1x\STM32F103C8T6_VL53\STM32CubeIDE\STM32F103C8TX_FLASH.ld" --specs=nosys.specs -Wl,-Map="STM32F103C8T6_VL53.map" -Wl,--gc-sections -static --specs=nano.specs -mfloat-abi=soft -mthumb -Wl,--start-group -lc -lm -Wl,--end-group
Finished building target: STM32F103C8T6_VL53.elf
 
arm-none-eabi-size  STM32F103C8T6_VL53.elf 
arm-none-eabi-objdump -h -S STM32F103C8T6_VL53.elf  > "STM32F103C8T6_VL53.list"
   text	   data	    bss	    dec	    hex	filename
  55768	    176	  16832	  72776	  11c48	STM32F103C8T6_VL53.elf
Finished building: default.size.stdout
 
Finished building: STM32F103C8T6_VL53.list
 
21:10:04 **** Incremental Build of configuration Debug for project STM32F103C8T6_VL53 ****
make -j4 all 
arm-none-eabi-size  STM32F103C8T6_VL53.elf 
   text	   data	    bss	    dec	    hex	filename
  55768	    176	  16832	  72776	  11c48	STM32F103C8T6_VL53.elf
Finished building: default.size.stdout
 
09:35:09 **** Build of configuration Debug for project STM32F103C8T6_VL53 ****
make -j4 all 
arm-none-eabi-gcc "D:/data-2026/lap_top/GHEP-MITSU_BACKUP/stm32_vl53l1x/STM32F103C8T6_VL53/Middlewares/Third_Party/FreeRTOS/Source/CMSIS_RTOS_V2/cmsis_os2.c" -mcpu=cortex-m3 -std=gnu11 -g3 -DDEBUG -DUSE_HAL_DRIVER -DSTM32F103xB -c -I../../Core/Inc -I../../App/Inc -I../../Drivers/STM32F1xx_HAL_Driver/Inc -I../../Drivers/STM32F1xx_HAL_Driver/Inc/Legacy -I../../Middlewares/Third_Party/FreeRTOS/Source/include -I../../Middlewares/Third_Party/FreeRTOS/Source/CMSIS_RTOS_V2 -I../../Middlewares/Third_Party/FreeRTOS/Source/portable/GCC/ARM_CM3 -I../../Drivers/CMSIS/Device/ST/STM32F1xx/Include -I../../Drivers/CMSIS/Include -O0 -ffunction-sections -fdata-sections -Wall -fstack-usage -fcyclomatic-complexity -MMD -MP -MF"Middlewares/FreeRTOS/cmsis_os2.d" -MT"Middlewares/FreeRTOS/cmsis_os2.o" --specs=nano.specs -mfloat-abi=soft -mthumb -o "Middlewares/FreeRTOS/cmsis_os2.o"
arm-none-eabi-gcc "D:/data-2026/lap_top/GHEP-MITSU_BACKUP/stm32_vl53l1x/STM32F103C8T6_VL53/Middlewares/Third_Party/FreeRTOS/Source/croutine.c" -mcpu=cortex-m3 -std=gnu11 -g3 -DDEBUG -DUSE_HAL_DRIVER -DSTM32F103xB -c -I../../Core/Inc -I../../App/Inc -I../../Drivers/STM32F1xx_HAL_Driver/Inc -I../../Drivers/STM32F1xx_HAL_Driver/Inc/Legacy -I../../Middlewares/Third_Party/FreeRTOS/Source/include -I../../Middlewares/Third_Party/FreeRTOS/Source/CMSIS_RTOS_V2 -I../../Middlewares/Third_Party/FreeRTOS/Source/portable/GCC/ARM_CM3 -I../../Drivers/CMSIS/Device/ST/STM32F1xx/Include -I../../Drivers/CMSIS/Include -O0 -ffunction-sections -fdata-sections -Wall -fstack-usage -fcyclomatic-complexity -MMD -MP -MF"Middlewares/FreeRTOS/croutine.d" -MT"Middlewares/FreeRTOS/croutine.o" --specs=nano.specs -mfloat-abi=soft -mthumb -o "Middlewares/FreeRTOS/croutine.o"
arm-none-eabi-gcc "D:/data-2026/lap_top/GHEP-MITSU_BACKUP/stm32_vl53l1x/STM32F103C8T6_VL53/Middlewares/Third_Party/FreeRTOS/Source/event_groups.c" -mcpu=cortex-m3 -std=gnu11 -g3 -DDEBUG -DUSE_HAL_DRIVER -DSTM32F103xB -c -I../../Core/Inc -I../../App/Inc -I../../Drivers/STM32F1xx_HAL_Driver/Inc -I../../Drivers/STM32F1xx_HAL_Driver/Inc/Legacy -I../../Middlewares/Third_Party/FreeRTOS/Source/include -I../../Middlewares/Third_Party/FreeRTOS/Source/CMSIS_RTOS_V2 -I../../Middlewares/Third_Party/FreeRTOS/Source/portable/GCC/ARM_CM3 -I../../Drivers/CMSIS/Device/ST/STM32F1xx/Include -I../../Drivers/CMSIS/Include -O0 -ffunction-sections -fdata-sections -Wall -fstack-usage -fcyclomatic-complexity -MMD -MP -MF"Middlewares/FreeRTOS/event_groups.d" -MT"Middlewares/FreeRTOS/event_groups.o" --specs=nano.specs -mfloat-abi=soft -mthumb -o "Middlewares/FreeRTOS/event_groups.o"
arm-none-eabi-gcc "D:/data-2026/lap_top/GHEP-MITSU_BACKUP/stm32_vl53l1x/STM32F103C8T6_VL53/Middlewares/Third_Party/FreeRTOS/Source/portable/MemMang/heap_4.c" -mcpu=cortex-m3 -std=gnu11 -g3 -DDEBUG -DUSE_HAL_DRIVER -DSTM32F103xB -c -I../../Core/Inc -I../../App/Inc -I../../Drivers/STM32F1xx_HAL_Driver/Inc -I../../Drivers/STM32F1xx_HAL_Driver/Inc/Legacy -I../../Middlewares/Third_Party/FreeRTOS/Source/include -I../../Middlewares/Third_Party/FreeRTOS/Source/CMSIS_RTOS_V2 -I../../Middlewares/Third_Party/FreeRTOS/Source/portable/GCC/ARM_CM3 -I../../Drivers/CMSIS/Device/ST/STM32F1xx/Include -I../../Drivers/CMSIS/Include -O0 -ffunction-sections -fdata-sections -Wall -fstack-usage -fcyclomatic-complexity -MMD -MP -MF"Middlewares/FreeRTOS/heap_4.d" -MT"Middlewares/FreeRTOS/heap_4.o" --specs=nano.specs -mfloat-abi=soft -mthumb -o "Middlewares/FreeRTOS/heap_4.o"
arm-none-eabi-gcc "D:/data-2026/lap_top/GHEP-MITSU_BACKUP/stm32_vl53l1x/STM32F103C8T6_VL53/Middlewares/Third_Party/FreeRTOS/Source/list.c" -mcpu=cortex-m3 -std=gnu11 -g3 -DDEBUG -DUSE_HAL_DRIVER -DSTM32F103xB -c -I../../Core/Inc -I../../App/Inc -I../../Drivers/STM32F1xx_HAL_Driver/Inc -I../../Drivers/STM32F1xx_HAL_Driver/Inc/Legacy -I../../Middlewares/Third_Party/FreeRTOS/Source/include -I../../Middlewares/Third_Party/FreeRTOS/Source/CMSIS_RTOS_V2 -I../../Middlewares/Third_Party/FreeRTOS/Source/portable/GCC/ARM_CM3 -I../../Drivers/CMSIS/Device/ST/STM32F1xx/Include -I../../Drivers/CMSIS/Include -O0 -ffunction-sections -fdata-sections -Wall -fstack-usage -fcyclomatic-complexity -MMD -MP -MF"Middlewares/FreeRTOS/list.d" -MT"Middlewares/FreeRTOS/list.o" --specs=nano.specs -mfloat-abi=soft -mthumb -o "Middlewares/FreeRTOS/list.o"
arm-none-eabi-gcc "D:/data-2026/lap_top/GHEP-MITSU_BACKUP/stm32_vl53l1x/STM32F103C8T6_VL53/Middlewares/Third_Party/FreeRTOS/Source/portable/GCC/ARM_CM3/port.c" -mcpu=cortex-m3 -std=gnu11 -g3 -DDEBUG -DUSE_HAL_DRIVER -DSTM32F103xB -c -I../../Core/Inc -I../../App/Inc -I../../Drivers/STM32F1xx_HAL_Driver/Inc -I../../Drivers/STM32F1xx_HAL_Driver/Inc/Legacy -I../../Middlewares/Third_Party/FreeRTOS/Source/include -I../../Middlewares/Third_Party/FreeRTOS/Source/CMSIS_RTOS_V2 -I../../Middlewares/Third_Party/FreeRTOS/Source/portable/GCC/ARM_CM3 -I../../Drivers/CMSIS/Device/ST/STM32F1xx/Include -I../../Drivers/CMSIS/Include -O0 -ffunction-sections -fdata-sections -Wall -fstack-usage -fcyclomatic-complexity -MMD -MP -MF"Middlewares/FreeRTOS/port.d" -MT"Middlewares/FreeRTOS/port.o" --specs=nano.specs -mfloat-abi=soft -mthumb -o "Middlewares/FreeRTOS/port.o"
arm-none-eabi-gcc "D:/data-2026/lap_top/GHEP-MITSU_BACKUP/stm32_vl53l1x/STM32F103C8T6_VL53/Middlewares/Third_Party/FreeRTOS/Source/queue.c" -mcpu=cortex-m3 -std=gnu11 -g3 -DDEBUG -DUSE_HAL_DRIVER -DSTM32F103xB -c -I../../Core/Inc -I../../App/Inc -I../../Drivers/STM32F1xx_HAL_Driver/Inc -I../../Drivers/STM32F1xx_HAL_Driver/Inc/Legacy -I../../Middlewares/Third_Party/FreeRTOS/Source/include -I../../Middlewares/Third_Party/FreeRTOS/Source/CMSIS_RTOS_V2 -I../../Middlewares/Third_Party/FreeRTOS/Source/portable/GCC/ARM_CM3 -I../../Drivers/CMSIS/Device/ST/STM32F1xx/Include -I../../Drivers/CMSIS/Include -O0 -ffunction-sections -fdata-sections -Wall -fstack-usage -fcyclomatic-complexity -MMD -MP -MF"Middlewares/FreeRTOS/queue.d" -MT"Middlewares/FreeRTOS/queue.o" --specs=nano.specs -mfloat-abi=soft -mthumb -o "Middlewares/FreeRTOS/queue.o"
arm-none-eabi-gcc "D:/data-2026/lap_top/GHEP-MITSU_BACKUP/stm32_vl53l1x/STM32F103C8T6_VL53/Middlewares/Third_Party/FreeRTOS/Source/stream_buffer.c" -mcpu=cortex-m3 -std=gnu11 -g3 -DDEBUG -DUSE_HAL_DRIVER -DSTM32F103xB -c -I../../Core/Inc -I../../App/Inc -I../../Drivers/STM32F1xx_HAL_Driver/Inc -I../../Drivers/STM32F1xx_HAL_Driver/Inc/Legacy -I../../Middlewares/Third_Party/FreeRTOS/Source/include -I../../Middlewares/Third_Party/FreeRTOS/Source/CMSIS_RTOS_V2 -I../../Middlewares/Third_Party/FreeRTOS/Source/portable/GCC/ARM_CM3 -I../../Drivers/CMSIS/Device/ST/STM32F1xx/Include -I../../Drivers/CMSIS/Include -O0 -ffunction-sections -fdata-sections -Wall -fstack-usage -fcyclomatic-complexity -MMD -MP -MF"Middlewares/FreeRTOS/stream_buffer.d" -MT"Middlewares/FreeRTOS/stream_buffer.o" --specs=nano.specs -mfloat-abi=soft -mthumb -o "Middlewares/FreeRTOS/stream_buffer.o"
arm-none-eabi-gcc "D:/data-2026/lap_top/GHEP-MITSU_BACKUP/stm32_vl53l1x/STM32F103C8T6_VL53/Middlewares/Third_Party/FreeRTOS/Source/tasks.c" -mcpu=cortex-m3 -std=gnu11 -g3 -DDEBUG -DUSE_HAL_DRIVER -DSTM32F103xB -c -I../../Core/Inc -I../../App/Inc -I../../Drivers/STM32F1xx_HAL_Driver/Inc -I../../Drivers/STM32F1xx_HAL_Driver/Inc/Legacy -I../../Middlewares/Third_Party/FreeRTOS/Source/include -I../../Middlewares/Third_Party/FreeRTOS/Source/CMSIS_RTOS_V2 -I../../Middlewares/Third_Party/FreeRTOS/Source/portable/GCC/ARM_CM3 -I../../Drivers/CMSIS/Device/ST/STM32F1xx/Include -I../../Drivers/CMSIS/Include -O0 -ffunction-sections -fdata-sections -Wall -fstack-usage -fcyclomatic-complexity -MMD -MP -MF"Middlewares/FreeRTOS/tasks.d" -MT"Middlewares/FreeRTOS/tasks.o" --specs=nano.specs -mfloat-abi=soft -mthumb -o "Middlewares/FreeRTOS/tasks.o"
arm-none-eabi-gcc "D:/data-2026/lap_top/GHEP-MITSU_BACKUP/stm32_vl53l1x/STM32F103C8T6_VL53/Middlewares/Third_Party/FreeRTOS/Source/timers.c" -mcpu=cortex-m3 -std=gnu11 -g3 -DDEBUG -DUSE_HAL_DRIVER -DSTM32F103xB -c -I../../Core/Inc -I../../App/Inc -I../../Drivers/STM32F1xx_HAL_Driver/Inc -I../../Drivers/STM32F1xx_HAL_Driver/Inc/Legacy -I../../Middlewares/Third_Party/FreeRTOS/Source/include -I../../Middlewares/Third_Party/FreeRTOS/Source/CMSIS_RTOS_V2 -I../../Middlewares/Third_Party/FreeRTOS/Source/portable/GCC/ARM_CM3 -I../../Drivers/CMSIS/Device/ST/STM32F1xx/Include -I../../Drivers/CMSIS/Include -O0 -ffunction-sections -fdata-sections -Wall -fstack-usage -fcyclomatic-complexity -MMD -MP -MF"Middlewares/FreeRTOS/timers.d" -MT"Middlewares/FreeRTOS/timers.o" --specs=nano.specs -mfloat-abi=soft -mthumb -o "Middlewares/FreeRTOS/timers.o"
arm-none-eabi-gcc "D:/data-2026/lap_top/GHEP-MITSU_BACKUP/stm32_vl53l1x/STM32F103C8T6_VL53/Drivers/STM32F1xx_HAL_Driver/Src/stm32f1xx_hal.c" -mcpu=cortex-m3 -std=gnu11 -g3 -DDEBUG -DUSE_HAL_DRIVER -DSTM32F103xB -c -I../../Core/Inc -I../../App/Inc -I../../Drivers/STM32F1xx_HAL_Driver/Inc -I../../Drivers/STM32F1xx_HAL_Driver/Inc/Legacy -I../../Middlewares/Third_Party/FreeRTOS/Source/include -I../../Middlewares/Third_Party/FreeRTOS/Source/CMSIS_RTOS_V2 -I../../Middlewares/Third_Party/FreeRTOS/Source/portable/GCC/ARM_CM3 -I../../Drivers/CMSIS/Device/ST/STM32F1xx/Include -I../../Drivers/CMSIS/Include -O0 -ffunction-sections -fdata-sections -Wall -fstack-usage -fcyclomatic-complexity -MMD -MP -MF"Drivers/STM32F1xx_HAL_Driver/stm32f1xx_hal.d" -MT"Drivers/STM32F1xx_HAL_Driver/stm32f1xx_hal.o" --specs=nano.specs -mfloat-abi=soft -mthumb -o "Drivers/STM32F1xx_HAL_Driver/stm32f1xx_hal.o"
arm-none-eabi-gcc "D:/data-2026/lap_top/GHEP-MITSU_BACKUP/stm32_vl53l1x/STM32F103C8T6_VL53/Drivers/STM32F1xx_HAL_Driver/Src/stm32f1xx_hal_can.c" -mcpu=cortex-m3 -std=gnu11 -g3 -DDEBUG -DUSE_HAL_DRIVER -DSTM32F103xB -c -I../../Core/Inc -I../../App/Inc -I../../Drivers/STM32F1xx_HAL_Driver/Inc -I../../Drivers/STM32F1xx_HAL_Driver/Inc/Legacy -I../../Middlewares/Third_Party/FreeRTOS/Source/include -I../../Middlewares/Third_Party/FreeRTOS/Source/CMSIS_RTOS_V2 -I../../Middlewares/Third_Party/FreeRTOS/Source/portable/GCC/ARM_CM3 -I../../Drivers/CMSIS/Device/ST/STM32F1xx/Include -I../../Drivers/CMSIS/Include -O0 -ffunction-sections -fdata-sections -Wall -fstack-usage -fcyclomatic-complexity -MMD -MP -MF"Drivers/STM32F1xx_HAL_Driver/stm32f1xx_hal_can.d" -MT"Drivers/STM32F1xx_HAL_Driver/stm32f1xx_hal_can.o" --specs=nano.specs -mfloat-abi=soft -mthumb -o "Drivers/STM32F1xx_HAL_Driver/stm32f1xx_hal_can.o"
arm-none-eabi-gcc "D:/data-2026/lap_top/GHEP-MITSU_BACKUP/stm32_vl53l1x/STM32F103C8T6_VL53/Drivers/STM32F1xx_HAL_Driver/Src/stm32f1xx_hal_cortex.c" -mcpu=cortex-m3 -std=gnu11 -g3 -DDEBUG -DUSE_HAL_DRIVER -DSTM32F103xB -c -I../../Core/Inc -I../../App/Inc -I../../Drivers/STM32F1xx_HAL_Driver/Inc -I../../Drivers/STM32F1xx_HAL_Driver/Inc/Legacy -I../../Middlewares/Third_Party/FreeRTOS/Source/include -I../../Middlewares/Third_Party/FreeRTOS/Source/CMSIS_RTOS_V2 -I../../Middlewares/Third_Party/FreeRTOS/Source/portable/GCC/ARM_CM3 -I../../Drivers/CMSIS/Device/ST/STM32F1xx/Include -I../../Drivers/CMSIS/Include -O0 -ffunction-sections -fdata-sections -Wall -fstack-usage -fcyclomatic-complexity -MMD -MP -MF"Drivers/STM32F1xx_HAL_Driver/stm32f1xx_hal_cortex.d" -MT"Drivers/STM32F1xx_HAL_Driver/stm32f1xx_hal_cortex.o" --specs=nano.specs -mfloat-abi=soft -mthumb -o "Drivers/STM32F1xx_HAL_Driver/stm32f1xx_hal_cortex.o"
arm-none-eabi-gcc "D:/data-2026/lap_top/GHEP-MITSU_BACKUP/stm32_vl53l1x/STM32F103C8T6_VL53/Drivers/STM32F1xx_HAL_Driver/Src/stm32f1xx_hal_dma.c" -mcpu=cortex-m3 -std=gnu11 -g3 -DDEBUG -DUSE_HAL_DRIVER -DSTM32F103xB -c -I../../Core/Inc -I../../App/Inc -I../../Drivers/STM32F1xx_HAL_Driver/Inc -I../../Drivers/STM32F1xx_HAL_Driver/Inc/Legacy -I../../Middlewares/Third_Party/FreeRTOS/Source/include -I../../Middlewares/Third_Party/FreeRTOS/Source/CMSIS_RTOS_V2 -I../../Middlewares/Third_Party/FreeRTOS/Source/portable/GCC/ARM_CM3 -I../../Drivers/CMSIS/Device/ST/STM32F1xx/Include -I../../Drivers/CMSIS/Include -O0 -ffunction-sections -fdata-sections -Wall -fstack-usage -fcyclomatic-complexity -MMD -MP -MF"Drivers/STM32F1xx_HAL_Driver/stm32f1xx_hal_dma.d" -MT"Drivers/STM32F1xx_HAL_Driver/stm32f1xx_hal_dma.o" --specs=nano.specs -mfloat-abi=soft -mthumb -o "Drivers/STM32F1xx_HAL_Driver/stm32f1xx_hal_dma.o"
arm-none-eabi-gcc "D:/data-2026/lap_top/GHEP-MITSU_BACKUP/stm32_vl53l1x/STM32F103C8T6_VL53/Drivers/STM32F1xx_HAL_Driver/Src/stm32f1xx_hal_exti.c" -mcpu=cortex-m3 -std=gnu11 -g3 -DDEBUG -DUSE_HAL_DRIVER -DSTM32F103xB -c -I../../Core/Inc -I../../App/Inc -I../../Drivers/STM32F1xx_HAL_Driver/Inc -I../../Drivers/STM32F1xx_HAL_Driver/Inc/Legacy -I../../Middlewares/Third_Party/FreeRTOS/Source/include -I../../Middlewares/Third_Party/FreeRTOS/Source/CMSIS_RTOS_V2 -I../../Middlewares/Third_Party/FreeRTOS/Source/portable/GCC/ARM_CM3 -I../../Drivers/CMSIS/Device/ST/STM32F1xx/Include -I../../Drivers/CMSIS/Include -O0 -ffunction-sections -fdata-sections -Wall -fstack-usage -fcyclomatic-complexity -MMD -MP -MF"Drivers/STM32F1xx_HAL_Driver/stm32f1xx_hal_exti.d" -MT"Drivers/STM32F1xx_HAL_Driver/stm32f1xx_hal_exti.o" --specs=nano.specs -mfloat-abi=soft -mthumb -o "Drivers/STM32F1xx_HAL_Driver/stm32f1xx_hal_exti.o"
arm-none-eabi-gcc "D:/data-2026/lap_top/GHEP-MITSU_BACKUP/stm32_vl53l1x/STM32F103C8T6_VL53/Drivers/STM32F1xx_HAL_Driver/Src/stm32f1xx_hal_flash.c" -mcpu=cortex-m3 -std=gnu11 -g3 -DDEBUG -DUSE_HAL_DRIVER -DSTM32F103xB -c -I../../Core/Inc -I../../App/Inc -I../../Drivers/STM32F1xx_HAL_Driver/Inc -I../../Drivers/STM32F1xx_HAL_Driver/Inc/Legacy -I../../Middlewares/Third_Party/FreeRTOS/Source/include -I../../Middlewares/Third_Party/FreeRTOS/Source/CMSIS_RTOS_V2 -I../../Middlewares/Third_Party/FreeRTOS/Source/portable/GCC/ARM_CM3 -I../../Drivers/CMSIS/Device/ST/STM32F1xx/Include -I../../Drivers/CMSIS/Include -O0 -ffunction-sections -fdata-sections -Wall -fstack-usage -fcyclomatic-complexity -MMD -MP -MF"Drivers/STM32F1xx_HAL_Driver/stm32f1xx_hal_flash.d" -MT"Drivers/STM32F1xx_HAL_Driver/stm32f1xx_hal_flash.o" --specs=nano.specs -mfloat-abi=soft -mthumb -o "Drivers/STM32F1xx_HAL_Driver/stm32f1xx_hal_flash.o"
arm-none-eabi-gcc "D:/data-2026/lap_top/GHEP-MITSU_BACKUP/stm32_vl53l1x/STM32F103C8T6_VL53/Drivers/STM32F1xx_HAL_Driver/Src/stm32f1xx_hal_flash_ex.c" -mcpu=cortex-m3 -std=gnu11 -g3 -DDEBUG -DUSE_HAL_DRIVER -DSTM32F103xB -c -I../../Core/Inc -I../../App/Inc -I../../Drivers/STM32F1xx_HAL_Driver/Inc -I../../Drivers/STM32F1xx_HAL_Driver/Inc/Legacy -I../../Middlewares/Third_Party/FreeRTOS/Source/include -I../../Middlewares/Third_Party/FreeRTOS/Source/CMSIS_RTOS_V2 -I../../Middlewares/Third_Party/FreeRTOS/Source/portable/GCC/ARM_CM3 -I../../Drivers/CMSIS/Device/ST/STM32F1xx/Include -I../../Drivers/CMSIS/Include -O0 -ffunction-sections -fdata-sections -Wall -fstack-usage -fcyclomatic-complexity -MMD -MP -MF"Drivers/STM32F1xx_HAL_Driver/stm32f1xx_hal_flash_ex.d" -MT"Drivers/STM32F1xx_HAL_Driver/stm32f1xx_hal_flash_ex.o" --specs=nano.specs -mfloat-abi=soft -mthumb -o "Drivers/STM32F1xx_HAL_Driver/stm32f1xx_hal_flash_ex.o"
arm-none-eabi-gcc "D:/data-2026/lap_top/GHEP-MITSU_BACKUP/stm32_vl53l1x/STM32F103C8T6_VL53/Drivers/STM32F1xx_HAL_Driver/Src/stm32f1xx_hal_gpio.c" -mcpu=cortex-m3 -std=gnu11 -g3 -DDEBUG -DUSE_HAL_DRIVER -DSTM32F103xB -c -I../../Core/Inc -I../../App/Inc -I../../Drivers/STM32F1xx_HAL_Driver/Inc -I../../Drivers/STM32F1xx_HAL_Driver/Inc/Legacy -I../../Middlewares/Third_Party/FreeRTOS/Source/include -I../../Middlewares/Third_Party/FreeRTOS/Source/CMSIS_RTOS_V2 -I../../Middlewares/Third_Party/FreeRTOS/Source/portable/GCC/ARM_CM3 -I../../Drivers/CMSIS/Device/ST/STM32F1xx/Include -I../../Drivers/CMSIS/Include -O0 -ffunction-sections -fdata-sections -Wall -fstack-usage -fcyclomatic-complexity -MMD -MP -MF"Drivers/STM32F1xx_HAL_Driver/stm32f1xx_hal_gpio.d" -MT"Drivers/STM32F1xx_HAL_Driver/stm32f1xx_hal_gpio.o" --specs=nano.specs -mfloat-abi=soft -mthumb -o "Drivers/STM32F1xx_HAL_Driver/stm32f1xx_hal_gpio.o"
arm-none-eabi-gcc "D:/data-2026/lap_top/GHEP-MITSU_BACKUP/stm32_vl53l1x/STM32F103C8T6_VL53/Drivers/STM32F1xx_HAL_Driver/Src/stm32f1xx_hal_gpio_ex.c" -mcpu=cortex-m3 -std=gnu11 -g3 -DDEBUG -DUSE_HAL_DRIVER -DSTM32F103xB -c -I../../Core/Inc -I../../App/Inc -I../../Drivers/STM32F1xx_HAL_Driver/Inc -I../../Drivers/STM32F1xx_HAL_Driver/Inc/Legacy -I../../Middlewares/Third_Party/FreeRTOS/Source/include -I../../Middlewares/Third_Party/FreeRTOS/Source/CMSIS_RTOS_V2 -I../../Middlewares/Third_Party/FreeRTOS/Source/portable/GCC/ARM_CM3 -I../../Drivers/CMSIS/Device/ST/STM32F1xx/Include -I../../Drivers/CMSIS/Include -O0 -ffunction-sections -fdata-sections -Wall -fstack-usage -fcyclomatic-complexity -MMD -MP -MF"Drivers/STM32F1xx_HAL_Driver/stm32f1xx_hal_gpio_ex.d" -MT"Drivers/STM32F1xx_HAL_Driver/stm32f1xx_hal_gpio_ex.o" --specs=nano.specs -mfloat-abi=soft -mthumb -o "Drivers/STM32F1xx_HAL_Driver/stm32f1xx_hal_gpio_ex.o"
arm-none-eabi-gcc "D:/data-2026/lap_top/GHEP-MITSU_BACKUP/stm32_vl53l1x/STM32F103C8T6_VL53/Drivers/STM32F1xx_HAL_Driver/Src/stm32f1xx_hal_i2c.c" -mcpu=cortex-m3 -std=gnu11 -g3 -DDEBUG -DUSE_HAL_DRIVER -DSTM32F103xB -c -I../../Core/Inc -I../../App/Inc -I../../Drivers/STM32F1xx_HAL_Driver/Inc -I../../Drivers/STM32F1xx_HAL_Driver/Inc/Legacy -I../../Middlewares/Third_Party/FreeRTOS/Source/include -I../../Middlewares/Third_Party/FreeRTOS/Source/CMSIS_RTOS_V2 -I../../Middlewares/Third_Party/FreeRTOS/Source/portable/GCC/ARM_CM3 -I../../Drivers/CMSIS/Device/ST/STM32F1xx/Include -I../../Drivers/CMSIS/Include -O0 -ffunction-sections -fdata-sections -Wall -fstack-usage -fcyclomatic-complexity -MMD -MP -MF"Drivers/STM32F1xx_HAL_Driver/stm32f1xx_hal_i2c.d" -MT"Drivers/STM32F1xx_HAL_Driver/stm32f1xx_hal_i2c.o" --specs=nano.specs -mfloat-abi=soft -mthumb -o "Drivers/STM32F1xx_HAL_Driver/stm32f1xx_hal_i2c.o"
arm-none-eabi-gcc "D:/data-2026/lap_top/GHEP-MITSU_BACKUP/stm32_vl53l1x/STM32F103C8T6_VL53/Drivers/STM32F1xx_HAL_Driver/Src/stm32f1xx_hal_pwr.c" -mcpu=cortex-m3 -std=gnu11 -g3 -DDEBUG -DUSE_HAL_DRIVER -DSTM32F103xB -c -I../../Core/Inc -I../../App/Inc -I../../Drivers/STM32F1xx_HAL_Driver/Inc -I../../Drivers/STM32F1xx_HAL_Driver/Inc/Legacy -I../../Middlewares/Third_Party/FreeRTOS/Source/include -I../../Middlewares/Third_Party/FreeRTOS/Source/CMSIS_RTOS_V2 -I../../Middlewares/Third_Party/FreeRTOS/Source/portable/GCC/ARM_CM3 -I../../Drivers/CMSIS/Device/ST/STM32F1xx/Include -I../../Drivers/CMSIS/Include -O0 -ffunction-sections -fdata-sections -Wall -fstack-usage -fcyclomatic-complexity -MMD -MP -MF"Drivers/STM32F1xx_HAL_Driver/stm32f1xx_hal_pwr.d" -MT"Drivers/STM32F1xx_HAL_Driver/stm32f1xx_hal_pwr.o" --specs=nano.specs -mfloat-abi=soft -mthumb -o "Drivers/STM32F1xx_HAL_Driver/stm32f1xx_hal_pwr.o"
arm-none-eabi-gcc "D:/data-2026/lap_top/GHEP-MITSU_BACKUP/stm32_vl53l1x/STM32F103C8T6_VL53/Drivers/STM32F1xx_HAL_Driver/Src/stm32f1xx_hal_rcc.c" -mcpu=cortex-m3 -std=gnu11 -g3 -DDEBUG -DUSE_HAL_DRIVER -DSTM32F103xB -c -I../../Core/Inc -I../../App/Inc -I../../Drivers/STM32F1xx_HAL_Driver/Inc -I../../Drivers/STM32F1xx_HAL_Driver/Inc/Legacy -I../../Middlewares/Third_Party/FreeRTOS/Source/include -I../../Middlewares/Third_Party/FreeRTOS/Source/CMSIS_RTOS_V2 -I../../Middlewares/Third_Party/FreeRTOS/Source/portable/GCC/ARM_CM3 -I../../Drivers/CMSIS/Device/ST/STM32F1xx/Include -I../../Drivers/CMSIS/Include -O0 -ffunction-sections -fdata-sections -Wall -fstack-usage -fcyclomatic-complexity -MMD -MP -MF"Drivers/STM32F1xx_HAL_Driver/stm32f1xx_hal_rcc.d" -MT"Drivers/STM32F1xx_HAL_Driver/stm32f1xx_hal_rcc.o" --specs=nano.specs -mfloat-abi=soft -mthumb -o "Drivers/STM32F1xx_HAL_Driver/stm32f1xx_hal_rcc.o"
arm-none-eabi-gcc "D:/data-2026/lap_top/GHEP-MITSU_BACKUP/stm32_vl53l1x/STM32F103C8T6_VL53/Drivers/STM32F1xx_HAL_Driver/Src/stm32f1xx_hal_rcc_ex.c" -mcpu=cortex-m3 -std=gnu11 -g3 -DDEBUG -DUSE_HAL_DRIVER -DSTM32F103xB -c -I../../Core/Inc -I../../App/Inc -I../../Drivers/STM32F1xx_HAL_Driver/Inc -I../../Drivers/STM32F1xx_HAL_Driver/Inc/Legacy -I../../Middlewares/Third_Party/FreeRTOS/Source/include -I../../Middlewares/Third_Party/FreeRTOS/Source/CMSIS_RTOS_V2 -I../../Middlewares/Third_Party/FreeRTOS/Source/portable/GCC/ARM_CM3 -I../../Drivers/CMSIS/Device/ST/STM32F1xx/Include -I../../Drivers/CMSIS/Include -O0 -ffunction-sections -fdata-sections -Wall -fstack-usage -fcyclomatic-complexity -MMD -MP -MF"Drivers/STM32F1xx_HAL_Driver/stm32f1xx_hal_rcc_ex.d" -MT"Drivers/STM32F1xx_HAL_Driver/stm32f1xx_hal_rcc_ex.o" --specs=nano.specs -mfloat-abi=soft -mthumb -o "Drivers/STM32F1xx_HAL_Driver/stm32f1xx_hal_rcc_ex.o"
arm-none-eabi-gcc "D:/data-2026/lap_top/GHEP-MITSU_BACKUP/stm32_vl53l1x/STM32F103C8T6_VL53/Drivers/STM32F1xx_HAL_Driver/Src/stm32f1xx_hal_tim.c" -mcpu=cortex-m3 -std=gnu11 -g3 -DDEBUG -DUSE_HAL_DRIVER -DSTM32F103xB -c -I../../Core/Inc -I../../App/Inc -I../../Drivers/STM32F1xx_HAL_Driver/Inc -I../../Drivers/STM32F1xx_HAL_Driver/Inc/Legacy -I../../Middlewares/Third_Party/FreeRTOS/Source/include -I../../Middlewares/Third_Party/FreeRTOS/Source/CMSIS_RTOS_V2 -I../../Middlewares/Third_Party/FreeRTOS/Source/portable/GCC/ARM_CM3 -I../../Drivers/CMSIS/Device/ST/STM32F1xx/Include -I../../Drivers/CMSIS/Include -O0 -ffunction-sections -fdata-sections -Wall -fstack-usage -fcyclomatic-complexity -MMD -MP -MF"Drivers/STM32F1xx_HAL_Driver/stm32f1xx_hal_tim.d" -MT"Drivers/STM32F1xx_HAL_Driver/stm32f1xx_hal_tim.o" --specs=nano.specs -mfloat-abi=soft -mthumb -o "Drivers/STM32F1xx_HAL_Driver/stm32f1xx_hal_tim.o"
arm-none-eabi-gcc "D:/data-2026/lap_top/GHEP-MITSU_BACKUP/stm32_vl53l1x/STM32F103C8T6_VL53/Drivers/STM32F1xx_HAL_Driver/Src/stm32f1xx_hal_tim_ex.c" -mcpu=cortex-m3 -std=gnu11 -g3 -DDEBUG -DUSE_HAL_DRIVER -DSTM32F103xB -c -I../../Core/Inc -I../../App/Inc -I../../Drivers/STM32F1xx_HAL_Driver/Inc -I../../Drivers/STM32F1xx_HAL_Driver/Inc/Legacy -I../../Middlewares/Third_Party/FreeRTOS/Source/include -I../../Middlewares/Third_Party/FreeRTOS/Source/CMSIS_RTOS_V2 -I../../Middlewares/Third_Party/FreeRTOS/Source/portable/GCC/ARM_CM3 -I../../Drivers/CMSIS/Device/ST/STM32F1xx/Include -I../../Drivers/CMSIS/Include -O0 -ffunction-sections -fdata-sections -Wall -fstack-usage -fcyclomatic-complexity -MMD -MP -MF"Drivers/STM32F1xx_HAL_Driver/stm32f1xx_hal_tim_ex.d" -MT"Drivers/STM32F1xx_HAL_Driver/stm32f1xx_hal_tim_ex.o" --specs=nano.specs -mfloat-abi=soft -mthumb -o "Drivers/STM32F1xx_HAL_Driver/stm32f1xx_hal_tim_ex.o"
arm-none-eabi-gcc "D:/data-2026/lap_top/GHEP-MITSU_BACKUP/stm32_vl53l1x/STM32F103C8T6_VL53/Drivers/STM32F1xx_HAL_Driver/Src/stm32f1xx_hal_uart.c" -mcpu=cortex-m3 -std=gnu11 -g3 -DDEBUG -DUSE_HAL_DRIVER -DSTM32F103xB -c -I../../Core/Inc -I../../App/Inc -I../../Drivers/STM32F1xx_HAL_Driver/Inc -I../../Drivers/STM32F1xx_HAL_Driver/Inc/Legacy -I../../Middlewares/Third_Party/FreeRTOS/Source/include -I../../Middlewares/Third_Party/FreeRTOS/Source/CMSIS_RTOS_V2 -I../../Middlewares/Third_Party/FreeRTOS/Source/portable/GCC/ARM_CM3 -I../../Drivers/CMSIS/Device/ST/STM32F1xx/Include -I../../Drivers/CMSIS/Include -O0 -ffunction-sections -fdata-sections -Wall -fstack-usage -fcyclomatic-complexity -MMD -MP -MF"Drivers/STM32F1xx_HAL_Driver/stm32f1xx_hal_uart.d" -MT"Drivers/STM32F1xx_HAL_Driver/stm32f1xx_hal_uart.o" --specs=nano.specs -mfloat-abi=soft -mthumb -o "Drivers/STM32F1xx_HAL_Driver/stm32f1xx_hal_uart.o"
arm-none-eabi-gcc "D:/data-2026/lap_top/GHEP-MITSU_BACKUP/stm32_vl53l1x/STM32F103C8T6_VL53/Core/Src/system_stm32f1xx.c" -mcpu=cortex-m3 -std=gnu11 -g3 -DDEBUG -DUSE_HAL_DRIVER -DSTM32F103xB -c -I../../Core/Inc -I../../App/Inc -I../../Drivers/STM32F1xx_HAL_Driver/Inc -I../../Drivers/STM32F1xx_HAL_Driver/Inc/Legacy -I../../Middlewares/Third_Party/FreeRTOS/Source/include -I../../Middlewares/Third_Party/FreeRTOS/Source/CMSIS_RTOS_V2 -I../../Middlewares/Third_Party/FreeRTOS/Source/portable/GCC/ARM_CM3 -I../../Drivers/CMSIS/Device/ST/STM32F1xx/Include -I../../Drivers/CMSIS/Include -O0 -ffunction-sections -fdata-sections -Wall -fstack-usage -fcyclomatic-complexity -MMD -MP -MF"Drivers/CMSIS/system_stm32f1xx.d" -MT"Drivers/CMSIS/system_stm32f1xx.o" --specs=nano.specs -mfloat-abi=soft -mthumb -o "Drivers/CMSIS/system_stm32f1xx.o"
arm-none-eabi-gcc -mcpu=cortex-m3 -g3 -DDEBUG -c -I../../Core/Inc -I../../App/Inc -I../../Drivers/STM32F1xx_HAL_Driver/Inc -I../../Drivers/STM32F1xx_HAL_Driver/Inc/Legacy -I../../Middlewares/Third_Party/FreeRTOS/Source/include -I../../Middlewares/Third_Party/FreeRTOS/Source/CMSIS_RTOS_V2 -I../../Middlewares/Third_Party/FreeRTOS/Source/portable/GCC/ARM_CM3 -I../../Drivers/CMSIS/Device/ST/STM32F1xx/Include -I../../Drivers/CMSIS/Include -x assembler-with-cpp -MMD -MP -MF"Application/User/Startup/startup_stm32f103c8tx.d" -MT"Application/User/Startup/startup_stm32f103c8tx.o" --specs=nano.specs -mfloat-abi=soft -mthumb -o "Application/User/Startup/startup_stm32f103c8tx.o" "../Application/User/Startup/startup_stm32f103c8tx.s"
arm-none-eabi-gcc "D:/data-2026/lap_top/GHEP-MITSU_BACKUP/stm32_vl53l1x/STM32F103C8T6_VL53/Core/Src/can.c" -mcpu=cortex-m3 -std=gnu11 -g3 -DDEBUG -DUSE_HAL_DRIVER -DSTM32F103xB -c -I../../Core/Inc -I../../App/Inc -I../../Drivers/STM32F1xx_HAL_Driver/Inc -I../../Drivers/STM32F1xx_HAL_Driver/Inc/Legacy -I../../Middlewares/Third_Party/FreeRTOS/Source/include -I../../Middlewares/Third_Party/FreeRTOS/Source/CMSIS_RTOS_V2 -I../../Middlewares/Third_Party/FreeRTOS/Source/portable/GCC/ARM_CM3 -I../../Drivers/CMSIS/Device/ST/STM32F1xx/Include -I../../Drivers/CMSIS/Include -O0 -ffunction-sections -fdata-sections -Wall -fstack-usage -fcyclomatic-complexity -MMD -MP -MF"Application/User/Core/can.d" -MT"Application/User/Core/can.o" --specs=nano.specs -mfloat-abi=soft -mthumb -o "Application/User/Core/can.o"
arm-none-eabi-gcc "D:/data-2026/lap_top/GHEP-MITSU_BACKUP/stm32_vl53l1x/STM32F103C8T6_VL53/Core/Src/dma.c" -mcpu=cortex-m3 -std=gnu11 -g3 -DDEBUG -DUSE_HAL_DRIVER -DSTM32F103xB -c -I../../Core/Inc -I../../App/Inc -I../../Drivers/STM32F1xx_HAL_Driver/Inc -I../../Drivers/STM32F1xx_HAL_Driver/Inc/Legacy -I../../Middlewares/Third_Party/FreeRTOS/Source/include -I../../Middlewares/Third_Party/FreeRTOS/Source/CMSIS_RTOS_V2 -I../../Middlewares/Third_Party/FreeRTOS/Source/portable/GCC/ARM_CM3 -I../../Drivers/CMSIS/Device/ST/STM32F1xx/Include -I../../Drivers/CMSIS/Include -O0 -ffunction-sections -fdata-sections -Wall -fstack-usage -fcyclomatic-complexity -MMD -MP -MF"Application/User/Core/dma.d" -MT"Application/User/Core/dma.o" --specs=nano.specs -mfloat-abi=soft -mthumb -o "Application/User/Core/dma.o"
arm-none-eabi-gcc "D:/data-2026/lap_top/GHEP-MITSU_BACKUP/stm32_vl53l1x/STM32F103C8T6_VL53/Core/Src/freertos.c" -mcpu=cortex-m3 -std=gnu11 -g3 -DDEBUG -DUSE_HAL_DRIVER -DSTM32F103xB -c -I../../Core/Inc -I../../App/Inc -I../../Drivers/STM32F1xx_HAL_Driver/Inc -I../../Drivers/STM32F1xx_HAL_Driver/Inc/Legacy -I../../Middlewares/Third_Party/FreeRTOS/Source/include -I../../Middlewares/Third_Party/FreeRTOS/Source/CMSIS_RTOS_V2 -I../../Middlewares/Third_Party/FreeRTOS/Source/portable/GCC/ARM_CM3 -I../../Drivers/CMSIS/Device/ST/STM32F1xx/Include -I../../Drivers/CMSIS/Include -O0 -ffunction-sections -fdata-sections -Wall -fstack-usage -fcyclomatic-complexity -MMD -MP -MF"Application/User/Core/freertos.d" -MT"Application/User/Core/freertos.o" --specs=nano.specs -mfloat-abi=soft -mthumb -o "Application/User/Core/freertos.o"
arm-none-eabi-gcc "D:/data-2026/lap_top/GHEP-MITSU_BACKUP/stm32_vl53l1x/STM32F103C8T6_VL53/Core/Src/gpio.c" -mcpu=cortex-m3 -std=gnu11 -g3 -DDEBUG -DUSE_HAL_DRIVER -DSTM32F103xB -c -I../../Core/Inc -I../../App/Inc -I../../Drivers/STM32F1xx_HAL_Driver/Inc -I../../Drivers/STM32F1xx_HAL_Driver/Inc/Legacy -I../../Middlewares/Third_Party/FreeRTOS/Source/include -I../../Middlewares/Third_Party/FreeRTOS/Source/CMSIS_RTOS_V2 -I../../Middlewares/Third_Party/FreeRTOS/Source/portable/GCC/ARM_CM3 -I../../Drivers/CMSIS/Device/ST/STM32F1xx/Include -I../../Drivers/CMSIS/Include -O0 -ffunction-sections -fdata-sections -Wall -fstack-usage -fcyclomatic-complexity -MMD -MP -MF"Application/User/Core/gpio.d" -MT"Application/User/Core/gpio.o" --specs=nano.specs -mfloat-abi=soft -mthumb -o "Application/User/Core/gpio.o"
arm-none-eabi-gcc "D:/data-2026/lap_top/GHEP-MITSU_BACKUP/stm32_vl53l1x/STM32F103C8T6_VL53/Core/Src/i2c.c" -mcpu=cortex-m3 -std=gnu11 -g3 -DDEBUG -DUSE_HAL_DRIVER -DSTM32F103xB -c -I../../Core/Inc -I../../App/Inc -I../../Drivers/STM32F1xx_HAL_Driver/Inc -I../../Drivers/STM32F1xx_HAL_Driver/Inc/Legacy -I../../Middlewares/Third_Party/FreeRTOS/Source/include -I../../Middlewares/Third_Party/FreeRTOS/Source/CMSIS_RTOS_V2 -I../../Middlewares/Third_Party/FreeRTOS/Source/portable/GCC/ARM_CM3 -I../../Drivers/CMSIS/Device/ST/STM32F1xx/Include -I../../Drivers/CMSIS/Include -O0 -ffunction-sections -fdata-sections -Wall -fstack-usage -fcyclomatic-complexity -MMD -MP -MF"Application/User/Core/i2c.d" -MT"Application/User/Core/i2c.o" --specs=nano.specs -mfloat-abi=soft -mthumb -o "Application/User/Core/i2c.o"
arm-none-eabi-gcc "D:/data-2026/lap_top/GHEP-MITSU_BACKUP/stm32_vl53l1x/STM32F103C8T6_VL53/Core/Src/main.c" -mcpu=cortex-m3 -std=gnu11 -g3 -DDEBUG -DUSE_HAL_DRIVER -DSTM32F103xB -c -I../../Core/Inc -I../../App/Inc -I../../Drivers/STM32F1xx_HAL_Driver/Inc -I../../Drivers/STM32F1xx_HAL_Driver/Inc/Legacy -I../../Middlewares/Third_Party/FreeRTOS/Source/include -I../../Middlewares/Third_Party/FreeRTOS/Source/CMSIS_RTOS_V2 -I../../Middlewares/Third_Party/FreeRTOS/Source/portable/GCC/ARM_CM3 -I../../Drivers/CMSIS/Device/ST/STM32F1xx/Include -I../../Drivers/CMSIS/Include -O0 -ffunction-sections -fdata-sections -Wall -fstack-usage -fcyclomatic-complexity -MMD -MP -MF"Application/User/Core/main.d" -MT"Application/User/Core/main.o" --specs=nano.specs -mfloat-abi=soft -mthumb -o "Application/User/Core/main.o"
arm-none-eabi-gcc "D:/data-2026/lap_top/GHEP-MITSU_BACKUP/stm32_vl53l1x/STM32F103C8T6_VL53/Core/Src/stm32f1xx_hal_msp.c" -mcpu=cortex-m3 -std=gnu11 -g3 -DDEBUG -DUSE_HAL_DRIVER -DSTM32F103xB -c -I../../Core/Inc -I../../App/Inc -I../../Drivers/STM32F1xx_HAL_Driver/Inc -I../../Drivers/STM32F1xx_HAL_Driver/Inc/Legacy -I../../Middlewares/Third_Party/FreeRTOS/Source/include -I../../Middlewares/Third_Party/FreeRTOS/Source/CMSIS_RTOS_V2 -I../../Middlewares/Third_Party/FreeRTOS/Source/portable/GCC/ARM_CM3 -I../../Drivers/CMSIS/Device/ST/STM32F1xx/Include -I../../Drivers/CMSIS/Include -O0 -ffunction-sections -fdata-sections -Wall -fstack-usage -fcyclomatic-complexity -MMD -MP -MF"Application/User/Core/stm32f1xx_hal_msp.d" -MT"Application/User/Core/stm32f1xx_hal_msp.o" --specs=nano.specs -mfloat-abi=soft -mthumb -o "Application/User/Core/stm32f1xx_hal_msp.o"
arm-none-eabi-gcc "D:/data-2026/lap_top/GHEP-MITSU_BACKUP/stm32_vl53l1x/STM32F103C8T6_VL53/Core/Src/stm32f1xx_hal_timebase_tim.c" -mcpu=cortex-m3 -std=gnu11 -g3 -DDEBUG -DUSE_HAL_DRIVER -DSTM32F103xB -c -I../../Core/Inc -I../../App/Inc -I../../Drivers/STM32F1xx_HAL_Driver/Inc -I../../Drivers/STM32F1xx_HAL_Driver/Inc/Legacy -I../../Middlewares/Third_Party/FreeRTOS/Source/include -I../../Middlewares/Third_Party/FreeRTOS/Source/CMSIS_RTOS_V2 -I../../Middlewares/Third_Party/FreeRTOS/Source/portable/GCC/ARM_CM3 -I../../Drivers/CMSIS/Device/ST/STM32F1xx/Include -I../../Drivers/CMSIS/Include -O0 -ffunction-sections -fdata-sections -Wall -fstack-usage -fcyclomatic-complexity -MMD -MP -MF"Application/User/Core/stm32f1xx_hal_timebase_tim.d" -MT"Application/User/Core/stm32f1xx_hal_timebase_tim.o" --specs=nano.specs -mfloat-abi=soft -mthumb -o "Application/User/Core/stm32f1xx_hal_timebase_tim.o"
arm-none-eabi-gcc "D:/data-2026/lap_top/GHEP-MITSU_BACKUP/stm32_vl53l1x/STM32F103C8T6_VL53/Core/Src/stm32f1xx_it.c" -mcpu=cortex-m3 -std=gnu11 -g3 -DDEBUG -DUSE_HAL_DRIVER -DSTM32F103xB -c -I../../Core/Inc -I../../App/Inc -I../../Drivers/STM32F1xx_HAL_Driver/Inc -I../../Drivers/STM32F1xx_HAL_Driver/Inc/Legacy -I../../Middlewares/Third_Party/FreeRTOS/Source/include -I../../Middlewares/Third_Party/FreeRTOS/Source/CMSIS_RTOS_V2 -I../../Middlewares/Third_Party/FreeRTOS/Source/portable/GCC/ARM_CM3 -I../../Drivers/CMSIS/Device/ST/STM32F1xx/Include -I../../Drivers/CMSIS/Include -O0 -ffunction-sections -fdata-sections -Wall -fstack-usage -fcyclomatic-complexity -MMD -MP -MF"Application/User/Core/stm32f1xx_it.d" -MT"Application/User/Core/stm32f1xx_it.o" --specs=nano.specs -mfloat-abi=soft -mthumb -o "Application/User/Core/stm32f1xx_it.o"
arm-none-eabi-gcc "../Application/User/Core/syscalls.c" -mcpu=cortex-m3 -std=gnu11 -g3 -DDEBUG -DUSE_HAL_DRIVER -DSTM32F103xB -c -I../../Core/Inc -I../../App/Inc -I../../Drivers/STM32F1xx_HAL_Driver/Inc -I../../Drivers/STM32F1xx_HAL_Driver/Inc/Legacy -I../../Middlewares/Third_Party/FreeRTOS/Source/include -I../../Middlewares/Third_Party/FreeRTOS/Source/CMSIS_RTOS_V2 -I../../Middlewares/Third_Party/FreeRTOS/Source/portable/GCC/ARM_CM3 -I../../Drivers/CMSIS/Device/ST/STM32F1xx/Include -I../../Drivers/CMSIS/Include -O0 -ffunction-sections -fdata-sections -Wall -fstack-usage -fcyclomatic-complexity -MMD -MP -MF"Application/User/Core/syscalls.d" -MT"Application/User/Core/syscalls.o" --specs=nano.specs -mfloat-abi=soft -mthumb -o "Application/User/Core/syscalls.o"
arm-none-eabi-gcc "../Application/User/Core/sysmem.c" -mcpu=cortex-m3 -std=gnu11 -g3 -DDEBUG -DUSE_HAL_DRIVER -DSTM32F103xB -c -I../../Core/Inc -I../../App/Inc -I../../Drivers/STM32F1xx_HAL_Driver/Inc -I../../Drivers/STM32F1xx_HAL_Driver/Inc/Legacy -I../../Middlewares/Third_Party/FreeRTOS/Source/include -I../../Middlewares/Third_Party/FreeRTOS/Source/CMSIS_RTOS_V2 -I../../Middlewares/Third_Party/FreeRTOS/Source/portable/GCC/ARM_CM3 -I../../Drivers/CMSIS/Device/ST/STM32F1xx/Include -I../../Drivers/CMSIS/Include -O0 -ffunction-sections -fdata-sections -Wall -fstack-usage -fcyclomatic-complexity -MMD -MP -MF"Application/User/Core/sysmem.d" -MT"Application/User/Core/sysmem.o" --specs=nano.specs -mfloat-abi=soft -mthumb -o "Application/User/Core/sysmem.o"
arm-none-eabi-gcc "D:/data-2026/lap_top/GHEP-MITSU_BACKUP/stm32_vl53l1x/STM32F103C8T6_VL53/Core/Src/usart.c" -mcpu=cortex-m3 -std=gnu11 -g3 -DDEBUG -DUSE_HAL_DRIVER -DSTM32F103xB -c -I../../Core/Inc -I../../App/Inc -I../../Drivers/STM32F1xx_HAL_Driver/Inc -I../../Drivers/STM32F1xx_HAL_Driver/Inc/Legacy -I../../Middlewares/Third_Party/FreeRTOS/Source/include -I../../Middlewares/Third_Party/FreeRTOS/Source/CMSIS_RTOS_V2 -I../../Middlewares/Third_Party/FreeRTOS/Source/portable/GCC/ARM_CM3 -I../../Drivers/CMSIS/Device/ST/STM32F1xx/Include -I../../Drivers/CMSIS/Include -O0 -ffunction-sections -fdata-sections -Wall -fstack-usage -fcyclomatic-complexity -MMD -MP -MF"Application/User/Core/usart.d" -MT"Application/User/Core/usart.o" --specs=nano.specs -mfloat-abi=soft -mthumb -o "Application/User/Core/usart.o"
arm-none-eabi-gcc "D:/data-2026/lap_top/GHEP-MITSU_BACKUP/stm32_vl53l1x/STM32F103C8T6_VL53/App/Src/VL53L.c" -mcpu=cortex-m3 -std=gnu11 -g3 -DDEBUG -DUSE_HAL_DRIVER -DSTM32F103xB -c -I../../Core/Inc -I../../App/Inc -I../../Drivers/STM32F1xx_HAL_Driver/Inc -I../../Drivers/STM32F1xx_HAL_Driver/Inc/Legacy -I../../Middlewares/Third_Party/FreeRTOS/Source/include -I../../Middlewares/Third_Party/FreeRTOS/Source/CMSIS_RTOS_V2 -I../../Middlewares/Third_Party/FreeRTOS/Source/portable/GCC/ARM_CM3 -I../../Drivers/CMSIS/Device/ST/STM32F1xx/Include -I../../Drivers/CMSIS/Include -O0 -ffunction-sections -fdata-sections -Wall -fstack-usage -fcyclomatic-complexity -MMD -MP -MF"Application/User/App/VL53L.d" -MT"Application/User/App/VL53L.o" --specs=nano.specs -mfloat-abi=soft -mthumb -o "Application/User/App/VL53L.o"
arm-none-eabi-gcc "D:/data-2026/lap_top/GHEP-MITSU_BACKUP/stm32_vl53l1x/STM32F103C8T6_VL53/App/Src/VL53L1X_api.c" -mcpu=cortex-m3 -std=gnu11 -g3 -DDEBUG -DUSE_HAL_DRIVER -DSTM32F103xB -c -I../../Core/Inc -I../../App/Inc -I../../Drivers/STM32F1xx_HAL_Driver/Inc -I../../Drivers/STM32F1xx_HAL_Driver/Inc/Legacy -I../../Middlewares/Third_Party/FreeRTOS/Source/include -I../../Middlewares/Third_Party/FreeRTOS/Source/CMSIS_RTOS_V2 -I../../Middlewares/Third_Party/FreeRTOS/Source/portable/GCC/ARM_CM3 -I../../Drivers/CMSIS/Device/ST/STM32F1xx/Include -I../../Drivers/CMSIS/Include -O0 -ffunction-sections -fdata-sections -Wall -fstack-usage -fcyclomatic-complexity -MMD -MP -MF"Application/User/App/VL53L1X_api.d" -MT"Application/User/App/VL53L1X_api.o" --specs=nano.specs -mfloat-abi=soft -mthumb -o "Application/User/App/VL53L1X_api.o"
arm-none-eabi-gcc "D:/data-2026/lap_top/GHEP-MITSU_BACKUP/stm32_vl53l1x/STM32F103C8T6_VL53/App/Src/VL53L1X_calibration.c" -mcpu=cortex-m3 -std=gnu11 -g3 -DDEBUG -DUSE_HAL_DRIVER -DSTM32F103xB -c -I../../Core/Inc -I../../App/Inc -I../../Drivers/STM32F1xx_HAL_Driver/Inc -I../../Drivers/STM32F1xx_HAL_Driver/Inc/Legacy -I../../Middlewares/Third_Party/FreeRTOS/Source/include -I../../Middlewares/Third_Party/FreeRTOS/Source/CMSIS_RTOS_V2 -I../../Middlewares/Third_Party/FreeRTOS/Source/portable/GCC/ARM_CM3 -I../../Drivers/CMSIS/Device/ST/STM32F1xx/Include -I../../Drivers/CMSIS/Include -O0 -ffunction-sections -fdata-sections -Wall -fstack-usage -fcyclomatic-complexity -MMD -MP -MF"Application/User/App/VL53L1X_calibration.d" -MT"Application/User/App/VL53L1X_calibration.o" --specs=nano.specs -mfloat-abi=soft -mthumb -o "Application/User/App/VL53L1X_calibration.o"
arm-none-eabi-gcc "D:/data-2026/lap_top/GHEP-MITSU_BACKUP/stm32_vl53l1x/STM32F103C8T6_VL53/App/Src/can_vl53.c" -mcpu=cortex-m3 -std=gnu11 -g3 -DDEBUG -DUSE_HAL_DRIVER -DSTM32F103xB -c -I../../Core/Inc -I../../App/Inc -I../../Drivers/STM32F1xx_HAL_Driver/Inc -I../../Drivers/STM32F1xx_HAL_Driver/Inc/Legacy -I../../Middlewares/Third_Party/FreeRTOS/Source/include -I../../Middlewares/Third_Party/FreeRTOS/Source/CMSIS_RTOS_V2 -I../../Middlewares/Third_Party/FreeRTOS/Source/portable/GCC/ARM_CM3 -I../../Drivers/CMSIS/Device/ST/STM32F1xx/Include -I../../Drivers/CMSIS/Include -O0 -ffunction-sections -fdata-sections -Wall -fstack-usage -fcyclomatic-complexity -MMD -MP -MF"Application/User/App/can_vl53.d" -MT"Application/User/App/can_vl53.o" --specs=nano.specs -mfloat-abi=soft -mthumb -o "Application/User/App/can_vl53.o"
arm-none-eabi-gcc "D:/data-2026/lap_top/GHEP-MITSU_BACKUP/stm32_vl53l1x/STM32F103C8T6_VL53/App/Src/oled_ssd1306.c" -mcpu=cortex-m3 -std=gnu11 -g3 -DDEBUG -DUSE_HAL_DRIVER -DSTM32F103xB -c -I../../Core/Inc -I../../App/Inc -I../../Drivers/STM32F1xx_HAL_Driver/Inc -I../../Drivers/STM32F1xx_HAL_Driver/Inc/Legacy -I../../Middlewares/Third_Party/FreeRTOS/Source/include -I../../Middlewares/Third_Party/FreeRTOS/Source/CMSIS_RTOS_V2 -I../../Middlewares/Third_Party/FreeRTOS/Source/portable/GCC/ARM_CM3 -I../../Drivers/CMSIS/Device/ST/STM32F1xx/Include -I../../Drivers/CMSIS/Include -O0 -ffunction-sections -fdata-sections -Wall -fstack-usage -fcyclomatic-complexity -MMD -MP -MF"Application/User/App/oled_ssd1306.d" -MT"Application/User/App/oled_ssd1306.o" --specs=nano.specs -mfloat-abi=soft -mthumb -o "Application/User/App/oled_ssd1306.o"
arm-none-eabi-gcc "D:/data-2026/lap_top/GHEP-MITSU_BACKUP/stm32_vl53l1x/STM32F103C8T6_VL53/App/Src/plc_mitsu.c" -mcpu=cortex-m3 -std=gnu11 -g3 -DDEBUG -DUSE_HAL_DRIVER -DSTM32F103xB -c -I../../Core/Inc -I../../App/Inc -I../../Drivers/STM32F1xx_HAL_Driver/Inc -I../../Drivers/STM32F1xx_HAL_Driver/Inc/Legacy -I../../Middlewares/Third_Party/FreeRTOS/Source/include -I../../Middlewares/Third_Party/FreeRTOS/Source/CMSIS_RTOS_V2 -I../../Middlewares/Third_Party/FreeRTOS/Source/portable/GCC/ARM_CM3 -I../../Drivers/CMSIS/Device/ST/STM32F1xx/Include -I../../Drivers/CMSIS/Include -O0 -ffunction-sections -fdata-sections -Wall -fstack-usage -fcyclomatic-complexity -MMD -MP -MF"Application/User/App/plc_mitsu.d" -MT"Application/User/App/plc_mitsu.o" --specs=nano.specs -mfloat-abi=soft -mthumb -o "Application/User/App/plc_mitsu.o"
arm-none-eabi-gcc "D:/data-2026/lap_top/GHEP-MITSU_BACKUP/stm32_vl53l1x/STM32F103C8T6_VL53/App/Src/vl53l1_platform.c" -mcpu=cortex-m3 -std=gnu11 -g3 -DDEBUG -DUSE_HAL_DRIVER -DSTM32F103xB -c -I../../Core/Inc -I../../App/Inc -I../../Drivers/STM32F1xx_HAL_Driver/Inc -I../../Drivers/STM32F1xx_HAL_Driver/Inc/Legacy -I../../Middlewares/Third_Party/FreeRTOS/Source/include -I../../Middlewares/Third_Party/FreeRTOS/Source/CMSIS_RTOS_V2 -I../../Middlewares/Third_Party/FreeRTOS/Source/portable/GCC/ARM_CM3 -I../../Drivers/CMSIS/Device/ST/STM32F1xx/Include -I../../Drivers/CMSIS/Include -O0 -ffunction-sections -fdata-sections -Wall -fstack-usage -fcyclomatic-complexity -MMD -MP -MF"Application/User/App/vl53l1_platform.d" -MT"Application/User/App/vl53l1_platform.o" --specs=nano.specs -mfloat-abi=soft -mthumb -o "Application/User/App/vl53l1_platform.o"
arm-none-eabi-gcc -o "STM32F103C8T6_VL53.elf" @"objects.list"   -mcpu=cortex-m3 -T"D:\data-2026\lap_top\GHEP-MITSU_BACKUP\stm32_vl53l1x\STM32F103C8T6_VL53\STM32CubeIDE\STM32F103C8TX_FLASH.ld" --specs=nosys.specs -Wl,-Map="STM32F103C8T6_VL53.map" -Wl,--gc-sections -static --specs=nano.specs -mfloat-abi=soft -mthumb -Wl,--start-group -lc -lm -Wl,--end-group
Finished building target: STM32F103C8T6_VL53.elf
 
arm-none-eabi-size  STM32F103C8T6_VL53.elf 
arm-none-eabi-objdump -h -S STM32F103C8T6_VL53.elf  > "STM32F103C8T6_VL53.list"
   text	   data	    bss	    dec	    hex	filename
  51840	    176	  16912	  68928	  10d40	STM32F103C8T6_VL53.elf
Finished building: default.size.stdout
 
Finished building: STM32F103C8T6_VL53.list
 
